"","code_uhbr","name","abundance","date","method","community"
"1","TP_T_B1_R1","Acrobeles",0,"04/2023","baermann","nematodes"
"2","TP_T_B1_R1","Acrobeloides",328,"04/2023","baermann","nematodes"
"3","TP_T_B1_R1","Aporcelaimidae",0,"04/2023","baermann","nematodes"
"4","TP_T_B1_R1","Aprutides",0,"04/2023","baermann","nematodes"
"5","TP_T_B1_R1","Cervidellus",0,"04/2023","baermann","nematodes"
"6","TP_T_B1_R1","Chiloplacus",197,"04/2023","baermann","nematodes"
"7","TP_T_B1_R1","Eumonhystera",66,"04/2023","baermann","nematodes"
"8","TP_T_B1_R1","Anaplectus",0,"04/2023","baermann","nematodes"
"9","TP_T_B1_R1","Plectus",0,"04/2023","baermann","nematodes"
"10","TP_T_B1_R1","Tylocephalus",0,"04/2023","baermann","nematodes"
"11","TP_T_B1_R1","Panagrolaimus",985,"04/2023","baermann","nematodes"
"12","TP_T_B1_R1","Rhabditidae",263,"04/2023","baermann","nematodes"
"13","TP_T_B1_R1","Rhabdolaimus",0,"04/2023","baermann","nematodes"
"14","TP_T_B1_R1","Prismatolaimus",197,"04/2023","baermann","nematodes"
"15","TP_T_B1_R1","Aphelenchus",788,"04/2023","baermann","nematodes"
"16","TP_T_B1_R1","Aphelenchoides",131,"04/2023","baermann","nematodes"
"17","TP_T_B1_R1","Diphtherophora",66,"04/2023","baermann","nematodes"
"18","TP_T_B1_R1","Mononchus",0,"04/2023","baermann","nematodes"
"19","TP_T_B1_R1","Microdorylaimus",66,"04/2023","baermann","nematodes"
"20","TP_T_B1_R1","Nygolaimidae",0,"04/2023","baermann","nematodes"
"21","TP_T_B1_R1","Discolaimus",0,"04/2023","baermann","nematodes"
"22","TP_T_B1_R1","Oxydirus",0,"04/2023","baermann","nematodes"
"23","TP_T_B1_R1","Eudorylaimus",66,"04/2023","baermann","nematodes"
"24","TP_T_B1_R1","Pratylenchus",394,"04/2023","baermann","nematodes"
"25","TP_T_B1_R1","Prodorylaimus",0,"04/2023","baermann","nematodes"
"26","TP_T_B1_R1","Helicotylenchus",66,"04/2023","baermann","nematodes"
"27","TP_T_B1_R1","Trichodorus",0,"04/2023","baermann","nematodes"
"28","TP_T_B1_R1","Tylenchorhynchus",3547,"04/2023","baermann","nematodes"
"29","TP_T_B1_R1","Tylenchidae",1971,"04/2023","baermann","nematodes"
"30","TP_T_B1_R1","Mylonchulus",0,"04/2023","baermann","nematodes"
"31","MC_C_B1_R1","Acrobeles",0,"04/2023","baermann","nematodes"
"32","MC_C_B1_R1","Acrobeloides",1259,"04/2023","baermann","nematodes"
"33","MC_C_B1_R1","Aporcelaimidae",0,"04/2023","baermann","nematodes"
"34","MC_C_B1_R1","Aprutides",0,"04/2023","baermann","nematodes"
"35","MC_C_B1_R1","Cervidellus",0,"04/2023","baermann","nematodes"
"36","MC_C_B1_R1","Chiloplacus",360,"04/2023","baermann","nematodes"
"37","MC_C_B1_R1","Eumonhystera",0,"04/2023","baermann","nematodes"
"38","MC_C_B1_R1","Anaplectus",0,"04/2023","baermann","nematodes"
"39","MC_C_B1_R1","Plectus",0,"04/2023","baermann","nematodes"
"40","MC_C_B1_R1","Tylocephalus",0,"04/2023","baermann","nematodes"
"41","MC_C_B1_R1","Panagrolaimus",24103,"04/2023","baermann","nematodes"
"42","MC_C_B1_R1","Rhabditidae",540,"04/2023","baermann","nematodes"
"43","MC_C_B1_R1","Rhabdolaimus",0,"04/2023","baermann","nematodes"
"44","MC_C_B1_R1","Prismatolaimus",180,"04/2023","baermann","nematodes"
"45","MC_C_B1_R1","Aphelenchus",3597,"04/2023","baermann","nematodes"
"46","MC_C_B1_R1","Aphelenchoides",1799,"04/2023","baermann","nematodes"
"47","MC_C_B1_R1","Diphtherophora",0,"04/2023","baermann","nematodes"
"48","MC_C_B1_R1","Mononchus",0,"04/2023","baermann","nematodes"
"49","MC_C_B1_R1","Microdorylaimus",0,"04/2023","baermann","nematodes"
"50","MC_C_B1_R1","Nygolaimidae",0,"04/2023","baermann","nematodes"
"51","MC_C_B1_R1","Discolaimus",0,"04/2023","baermann","nematodes"
"52","MC_C_B1_R1","Oxydirus",0,"04/2023","baermann","nematodes"
"53","MC_C_B1_R1","Eudorylaimus",0,"04/2023","baermann","nematodes"
"54","MC_C_B1_R1","Pratylenchus",0,"04/2023","baermann","nematodes"
"55","MC_C_B1_R1","Prodorylaimus",0,"04/2023","baermann","nematodes"
"56","MC_C_B1_R1","Helicotylenchus",0,"04/2023","baermann","nematodes"
"57","MC_C_B1_R1","Trichodorus",0,"04/2023","baermann","nematodes"
"58","MC_C_B1_R1","Tylenchorhynchus",0,"04/2023","baermann","nematodes"
"59","MC_C_B1_R1","Tylenchidae",1439,"04/2023","baermann","nematodes"
"60","MC_C_B1_R1","Mylonchulus",0,"04/2023","baermann","nematodes"
"61","AF_T_B1_R1","Acrobeles",87,"04/2023","baermann","nematodes"
"62","AF_T_B1_R1","Acrobeloides",608,"04/2023","baermann","nematodes"
"63","AF_T_B1_R1","Aporcelaimidae",87,"04/2023","baermann","nematodes"
"64","AF_T_B1_R1","Aprutides",261,"04/2023","baermann","nematodes"
"65","AF_T_B1_R1","Cervidellus",0,"04/2023","baermann","nematodes"
"66","AF_T_B1_R1","Chiloplacus",434,"04/2023","baermann","nematodes"
"67","AF_T_B1_R1","Eumonhystera",174,"04/2023","baermann","nematodes"
"68","AF_T_B1_R1","Anaplectus",0,"04/2023","baermann","nematodes"
"69","AF_T_B1_R1","Plectus",87,"04/2023","baermann","nematodes"
"70","AF_T_B1_R1","Tylocephalus",0,"04/2023","baermann","nematodes"
"71","AF_T_B1_R1","Panagrolaimus",521,"04/2023","baermann","nematodes"
"72","AF_T_B1_R1","Rhabditidae",87,"04/2023","baermann","nematodes"
"73","AF_T_B1_R1","Rhabdolaimus",0,"04/2023","baermann","nematodes"
"74","AF_T_B1_R1","Prismatolaimus",174,"04/2023","baermann","nematodes"
"75","AF_T_B1_R1","Aphelenchus",869,"04/2023","baermann","nematodes"
"76","AF_T_B1_R1","Aphelenchoides",521,"04/2023","baermann","nematodes"
"77","AF_T_B1_R1","Diphtherophora",0,"04/2023","baermann","nematodes"
"78","AF_T_B1_R1","Mononchus",87,"04/2023","baermann","nematodes"
"79","AF_T_B1_R1","Microdorylaimus",0,"04/2023","baermann","nematodes"
"80","AF_T_B1_R1","Nygolaimidae",0,"04/2023","baermann","nematodes"
"81","AF_T_B1_R1","Discolaimus",87,"04/2023","baermann","nematodes"
"82","AF_T_B1_R1","Oxydirus",0,"04/2023","baermann","nematodes"
"83","AF_T_B1_R1","Eudorylaimus",0,"04/2023","baermann","nematodes"
"84","AF_T_B1_R1","Pratylenchus",87,"04/2023","baermann","nematodes"
"85","AF_T_B1_R1","Prodorylaimus",0,"04/2023","baermann","nematodes"
"86","AF_T_B1_R1","Helicotylenchus",130,"04/2023","baermann","nematodes"
"87","AF_T_B1_R1","Trichodorus",0,"04/2023","baermann","nematodes"
"88","AF_T_B1_R1","Tylenchorhynchus",0,"04/2023","baermann","nematodes"
"89","AF_T_B1_R1","Tylenchidae",3214,"04/2023","baermann","nematodes"
"90","AF_T_B1_R1","Mylonchulus",0,"04/2023","baermann","nematodes"
"91","AF_C_B1_R1","Acrobeles",0,"04/2023","baermann","nematodes"
"92","AF_C_B1_R1","Acrobeloides",1656,"04/2023","baermann","nematodes"
"93","AF_C_B1_R1","Aporcelaimidae",0,"04/2023","baermann","nematodes"
"94","AF_C_B1_R1","Aprutides",0,"04/2023","baermann","nematodes"
"95","AF_C_B1_R1","Cervidellus",0,"04/2023","baermann","nematodes"
"96","AF_C_B1_R1","Chiloplacus",662,"04/2023","baermann","nematodes"
"97","AF_C_B1_R1","Eumonhystera",331,"04/2023","baermann","nematodes"
"98","AF_C_B1_R1","Anaplectus",0,"04/2023","baermann","nematodes"
"99","AF_C_B1_R1","Plectus",331,"04/2023","baermann","nematodes"
"100","AF_C_B1_R1","Tylocephalus",0,"04/2023","baermann","nematodes"
"101","AF_C_B1_R1","Panagrolaimus",41737,"04/2023","baermann","nematodes"
"102","AF_C_B1_R1","Rhabditidae",994,"04/2023","baermann","nematodes"
"103","AF_C_B1_R1","Rhabdolaimus",0,"04/2023","baermann","nematodes"
"104","AF_C_B1_R1","Prismatolaimus",0,"04/2023","baermann","nematodes"
"105","AF_C_B1_R1","Aphelenchus",4306,"04/2023","baermann","nematodes"
"106","AF_C_B1_R1","Aphelenchoides",3312,"04/2023","baermann","nematodes"
"107","AF_C_B1_R1","Diphtherophora",0,"04/2023","baermann","nematodes"
"108","AF_C_B1_R1","Mononchus",0,"04/2023","baermann","nematodes"
"109","AF_C_B1_R1","Microdorylaimus",0,"04/2023","baermann","nematodes"
"110","AF_C_B1_R1","Nygolaimidae",0,"04/2023","baermann","nematodes"
"111","AF_C_B1_R1","Discolaimus",0,"04/2023","baermann","nematodes"
"112","AF_C_B1_R1","Oxydirus",0,"04/2023","baermann","nematodes"
"113","AF_C_B1_R1","Eudorylaimus",0,"04/2023","baermann","nematodes"
"114","AF_C_B1_R1","Pratylenchus",0,"04/2023","baermann","nematodes"
"115","AF_C_B1_R1","Prodorylaimus",0,"04/2023","baermann","nematodes"
"116","AF_C_B1_R1","Helicotylenchus",0,"04/2023","baermann","nematodes"
"117","AF_C_B1_R1","Trichodorus",0,"04/2023","baermann","nematodes"
"118","AF_C_B1_R1","Tylenchorhynchus",0,"04/2023","baermann","nematodes"
"119","AF_C_B1_R1","Tylenchidae",3312,"04/2023","baermann","nematodes"
"120","AF_C_B1_R1","Mylonchulus",0,"04/2023","baermann","nematodes"
"121","TP_T_B2_R1","Acrobeles",0,"04/2023","baermann","nematodes"
"122","TP_T_B2_R1","Acrobeloides",1531,"04/2023","baermann","nematodes"
"123","TP_T_B2_R1","Aporcelaimidae",255,"04/2023","baermann","nematodes"
"124","TP_T_B2_R1","Aprutides",0,"04/2023","baermann","nematodes"
"125","TP_T_B2_R1","Cervidellus",0,"04/2023","baermann","nematodes"
"126","TP_T_B2_R1","Chiloplacus",425,"04/2023","baermann","nematodes"
"127","TP_T_B2_R1","Eumonhystera",0,"04/2023","baermann","nematodes"
"128","TP_T_B2_R1","Anaplectus",0,"04/2023","baermann","nematodes"
"129","TP_T_B2_R1","Plectus",0,"04/2023","baermann","nematodes"
"130","TP_T_B2_R1","Tylocephalus",0,"04/2023","baermann","nematodes"
"131","TP_T_B2_R1","Panagrolaimus",1616,"04/2023","baermann","nematodes"
"132","TP_T_B2_R1","Rhabditidae",340,"04/2023","baermann","nematodes"
"133","TP_T_B2_R1","Rhabdolaimus",0,"04/2023","baermann","nematodes"
"134","TP_T_B2_R1","Prismatolaimus",85,"04/2023","baermann","nematodes"
"135","TP_T_B2_R1","Aphelenchus",2042,"04/2023","baermann","nematodes"
"136","TP_T_B2_R1","Aphelenchoides",510,"04/2023","baermann","nematodes"
"137","TP_T_B2_R1","Diphtherophora",0,"04/2023","baermann","nematodes"
"138","TP_T_B2_R1","Mononchus",0,"04/2023","baermann","nematodes"
"139","TP_T_B2_R1","Microdorylaimus",0,"04/2023","baermann","nematodes"
"140","TP_T_B2_R1","Nygolaimidae",0,"04/2023","baermann","nematodes"
"141","TP_T_B2_R1","Discolaimus",0,"04/2023","baermann","nematodes"
"142","TP_T_B2_R1","Oxydirus",0,"04/2023","baermann","nematodes"
"143","TP_T_B2_R1","Eudorylaimus",0,"04/2023","baermann","nematodes"
"144","TP_T_B2_R1","Pratylenchus",0,"04/2023","baermann","nematodes"
"145","TP_T_B2_R1","Prodorylaimus",0,"04/2023","baermann","nematodes"
"146","TP_T_B2_R1","Helicotylenchus",340,"04/2023","baermann","nematodes"
"147","TP_T_B2_R1","Trichodorus",0,"04/2023","baermann","nematodes"
"148","TP_T_B2_R1","Tylenchorhynchus",0,"04/2023","baermann","nematodes"
"149","TP_T_B2_R1","Tylenchidae",3147,"04/2023","baermann","nematodes"
"150","TP_T_B2_R1","Mylonchulus",0,"04/2023","baermann","nematodes"
"151","MC_C_B2_R1","Acrobeles",0,"04/2023","baermann","nematodes"
"152","MC_C_B2_R1","Acrobeloides",555,"04/2023","baermann","nematodes"
"153","MC_C_B2_R1","Aporcelaimidae",0,"04/2023","baermann","nematodes"
"154","MC_C_B2_R1","Aprutides",0,"04/2023","baermann","nematodes"
"155","MC_C_B2_R1","Cervidellus",278,"04/2023","baermann","nematodes"
"156","MC_C_B2_R1","Chiloplacus",278,"04/2023","baermann","nematodes"
"157","MC_C_B2_R1","Eumonhystera",0,"04/2023","baermann","nematodes"
"158","MC_C_B2_R1","Anaplectus",0,"04/2023","baermann","nematodes"
"159","MC_C_B2_R1","Plectus",278,"04/2023","baermann","nematodes"
"160","MC_C_B2_R1","Tylocephalus",0,"04/2023","baermann","nematodes"
"161","MC_C_B2_R1","Panagrolaimus",38873,"04/2023","baermann","nematodes"
"162","MC_C_B2_R1","Rhabditidae",278,"04/2023","baermann","nematodes"
"163","MC_C_B2_R1","Rhabdolaimus",0,"04/2023","baermann","nematodes"
"164","MC_C_B2_R1","Prismatolaimus",1944,"04/2023","baermann","nematodes"
"165","MC_C_B2_R1","Aphelenchus",4443,"04/2023","baermann","nematodes"
"166","MC_C_B2_R1","Aphelenchoides",6664,"04/2023","baermann","nematodes"
"167","MC_C_B2_R1","Diphtherophora",0,"04/2023","baermann","nematodes"
"168","MC_C_B2_R1","Mononchus",0,"04/2023","baermann","nematodes"
"169","MC_C_B2_R1","Microdorylaimus",0,"04/2023","baermann","nematodes"
"170","MC_C_B2_R1","Nygolaimidae",0,"04/2023","baermann","nematodes"
"171","MC_C_B2_R1","Discolaimus",0,"04/2023","baermann","nematodes"
"172","MC_C_B2_R1","Oxydirus",0,"04/2023","baermann","nematodes"
"173","MC_C_B2_R1","Eudorylaimus",0,"04/2023","baermann","nematodes"
"174","MC_C_B2_R1","Pratylenchus",278,"04/2023","baermann","nematodes"
"175","MC_C_B2_R1","Prodorylaimus",0,"04/2023","baermann","nematodes"
"176","MC_C_B2_R1","Helicotylenchus",0,"04/2023","baermann","nematodes"
"177","MC_C_B2_R1","Trichodorus",0,"04/2023","baermann","nematodes"
"178","MC_C_B2_R1","Tylenchorhynchus",0,"04/2023","baermann","nematodes"
"179","MC_C_B2_R1","Tylenchidae",2777,"04/2023","baermann","nematodes"
"180","MC_C_B2_R1","Mylonchulus",0,"04/2023","baermann","nematodes"
"181","AF_T_B2_R1","Acrobeles",58,"04/2023","baermann","nematodes"
"182","AF_T_B2_R1","Acrobeloides",547,"04/2023","baermann","nematodes"
"183","AF_T_B2_R1","Aporcelaimidae",86,"04/2023","baermann","nematodes"
"184","AF_T_B2_R1","Aprutides",0,"04/2023","baermann","nematodes"
"185","AF_T_B2_R1","Cervidellus",0,"04/2023","baermann","nematodes"
"186","AF_T_B2_R1","Chiloplacus",345,"04/2023","baermann","nematodes"
"187","AF_T_B2_R1","Eumonhystera",115,"04/2023","baermann","nematodes"
"188","AF_T_B2_R1","Anaplectus",86,"04/2023","baermann","nematodes"
"189","AF_T_B2_R1","Plectus",58,"04/2023","baermann","nematodes"
"190","AF_T_B2_R1","Tylocephalus",0,"04/2023","baermann","nematodes"
"191","AF_T_B2_R1","Panagrolaimus",834,"04/2023","baermann","nematodes"
"192","AF_T_B2_R1","Rhabditidae",259,"04/2023","baermann","nematodes"
"193","AF_T_B2_R1","Rhabdolaimus",0,"04/2023","baermann","nematodes"
"194","AF_T_B2_R1","Prismatolaimus",144,"04/2023","baermann","nematodes"
"195","AF_T_B2_R1","Aphelenchus",633,"04/2023","baermann","nematodes"
"196","AF_T_B2_R1","Aphelenchoides",58,"04/2023","baermann","nematodes"
"197","AF_T_B2_R1","Diphtherophora",0,"04/2023","baermann","nematodes"
"198","AF_T_B2_R1","Mononchus",0,"04/2023","baermann","nematodes"
"199","AF_T_B2_R1","Microdorylaimus",0,"04/2023","baermann","nematodes"
"200","AF_T_B2_R1","Nygolaimidae",0,"04/2023","baermann","nematodes"
"201","AF_T_B2_R1","Discolaimus",144,"04/2023","baermann","nematodes"
"202","AF_T_B2_R1","Oxydirus",0,"04/2023","baermann","nematodes"
"203","AF_T_B2_R1","Eudorylaimus",0,"04/2023","baermann","nematodes"
"204","AF_T_B2_R1","Pratylenchus",0,"04/2023","baermann","nematodes"
"205","AF_T_B2_R1","Prodorylaimus",0,"04/2023","baermann","nematodes"
"206","AF_T_B2_R1","Helicotylenchus",0,"04/2023","baermann","nematodes"
"207","AF_T_B2_R1","Trichodorus",0,"04/2023","baermann","nematodes"
"208","AF_T_B2_R1","Tylenchorhynchus",0,"04/2023","baermann","nematodes"
"209","AF_T_B2_R1","Tylenchidae",518,"04/2023","baermann","nematodes"
"210","AF_T_B2_R1","Mylonchulus",0,"04/2023","baermann","nematodes"
"211","AF_C_B2_R1","Acrobeles",0,"04/2023","baermann","nematodes"
"212","AF_C_B2_R1","Acrobeloides",2004,"04/2023","baermann","nematodes"
"213","AF_C_B2_R1","Aporcelaimidae",0,"04/2023","baermann","nematodes"
"214","AF_C_B2_R1","Aprutides",0,"04/2023","baermann","nematodes"
"215","AF_C_B2_R1","Cervidellus",0,"04/2023","baermann","nematodes"
"216","AF_C_B2_R1","Chiloplacus",1002,"04/2023","baermann","nematodes"
"217","AF_C_B2_R1","Eumonhystera",0,"04/2023","baermann","nematodes"
"218","AF_C_B2_R1","Anaplectus",0,"04/2023","baermann","nematodes"
"219","AF_C_B2_R1","Plectus",0,"04/2023","baermann","nematodes"
"220","AF_C_B2_R1","Tylocephalus",0,"04/2023","baermann","nematodes"
"221","AF_C_B2_R1","Panagrolaimus",29054,"04/2023","baermann","nematodes"
"222","AF_C_B2_R1","Rhabditidae",1002,"04/2023","baermann","nematodes"
"223","AF_C_B2_R1","Rhabdolaimus",0,"04/2023","baermann","nematodes"
"224","AF_C_B2_R1","Prismatolaimus",501,"04/2023","baermann","nematodes"
"225","AF_C_B2_R1","Aphelenchus",11521,"04/2023","baermann","nematodes"
"226","AF_C_B2_R1","Aphelenchoides",8015,"04/2023","baermann","nematodes"
"227","AF_C_B2_R1","Diphtherophora",0,"04/2023","baermann","nematodes"
"228","AF_C_B2_R1","Mononchus",0,"04/2023","baermann","nematodes"
"229","AF_C_B2_R1","Microdorylaimus",0,"04/2023","baermann","nematodes"
"230","AF_C_B2_R1","Nygolaimidae",0,"04/2023","baermann","nematodes"
"231","AF_C_B2_R1","Discolaimus",0,"04/2023","baermann","nematodes"
"232","AF_C_B2_R1","Oxydirus",0,"04/2023","baermann","nematodes"
"233","AF_C_B2_R1","Eudorylaimus",0,"04/2023","baermann","nematodes"
"234","AF_C_B2_R1","Pratylenchus",501,"04/2023","baermann","nematodes"
"235","AF_C_B2_R1","Prodorylaimus",0,"04/2023","baermann","nematodes"
"236","AF_C_B2_R1","Helicotylenchus",0,"04/2023","baermann","nematodes"
"237","AF_C_B2_R1","Trichodorus",0,"04/2023","baermann","nematodes"
"238","AF_C_B2_R1","Tylenchorhynchus",0,"04/2023","baermann","nematodes"
"239","AF_C_B2_R1","Tylenchidae",9518,"04/2023","baermann","nematodes"
"240","AF_C_B2_R1","Mylonchulus",0,"04/2023","baermann","nematodes"
"241","TP_T_B3_R1","Acrobeles",213,"04/2023","baermann","nematodes"
"242","TP_T_B3_R1","Acrobeloides",1422,"04/2023","baermann","nematodes"
"243","TP_T_B3_R1","Aporcelaimidae",213,"04/2023","baermann","nematodes"
"244","TP_T_B3_R1","Aprutides",0,"04/2023","baermann","nematodes"
"245","TP_T_B3_R1","Cervidellus",71,"04/2023","baermann","nematodes"
"246","TP_T_B3_R1","Chiloplacus",569,"04/2023","baermann","nematodes"
"247","TP_T_B3_R1","Eumonhystera",213,"04/2023","baermann","nematodes"
"248","TP_T_B3_R1","Anaplectus",0,"04/2023","baermann","nematodes"
"249","TP_T_B3_R1","Plectus",356,"04/2023","baermann","nematodes"
"250","TP_T_B3_R1","Tylocephalus",142,"04/2023","baermann","nematodes"
"251","TP_T_B3_R1","Panagrolaimus",1422,"04/2023","baermann","nematodes"
"252","TP_T_B3_R1","Rhabditidae",0,"04/2023","baermann","nematodes"
"253","TP_T_B3_R1","Rhabdolaimus",0,"04/2023","baermann","nematodes"
"254","TP_T_B3_R1","Prismatolaimus",0,"04/2023","baermann","nematodes"
"255","TP_T_B3_R1","Aphelenchus",3342,"04/2023","baermann","nematodes"
"256","TP_T_B3_R1","Aphelenchoides",1351,"04/2023","baermann","nematodes"
"257","TP_T_B3_R1","Diphtherophora",0,"04/2023","baermann","nematodes"
"258","TP_T_B3_R1","Mononchus",0,"04/2023","baermann","nematodes"
"259","TP_T_B3_R1","Microdorylaimus",0,"04/2023","baermann","nematodes"
"260","TP_T_B3_R1","Nygolaimidae",0,"04/2023","baermann","nematodes"
"261","TP_T_B3_R1","Discolaimus",71,"04/2023","baermann","nematodes"
"262","TP_T_B3_R1","Oxydirus",0,"04/2023","baermann","nematodes"
"263","TP_T_B3_R1","Eudorylaimus",71,"04/2023","baermann","nematodes"
"264","TP_T_B3_R1","Pratylenchus",142,"04/2023","baermann","nematodes"
"265","TP_T_B3_R1","Prodorylaimus",0,"04/2023","baermann","nematodes"
"266","TP_T_B3_R1","Helicotylenchus",142,"04/2023","baermann","nematodes"
"267","TP_T_B3_R1","Trichodorus",0,"04/2023","baermann","nematodes"
"268","TP_T_B3_R1","Tylenchorhynchus",0,"04/2023","baermann","nematodes"
"269","TP_T_B3_R1","Tylenchidae",1351,"04/2023","baermann","nematodes"
"270","TP_T_B3_R1","Mylonchulus",0,"04/2023","baermann","nematodes"
"271","MC_C_B3_R1","Acrobeles",0,"04/2023","baermann","nematodes"
"272","MC_C_B3_R1","Acrobeloides",2438,"04/2023","baermann","nematodes"
"273","MC_C_B3_R1","Aporcelaimidae",0,"04/2023","baermann","nematodes"
"274","MC_C_B3_R1","Aprutides",0,"04/2023","baermann","nematodes"
"275","MC_C_B3_R1","Cervidellus",0,"04/2023","baermann","nematodes"
"276","MC_C_B3_R1","Chiloplacus",406,"04/2023","baermann","nematodes"
"277","MC_C_B3_R1","Eumonhystera",0,"04/2023","baermann","nematodes"
"278","MC_C_B3_R1","Anaplectus",0,"04/2023","baermann","nematodes"
"279","MC_C_B3_R1","Plectus",0,"04/2023","baermann","nematodes"
"280","MC_C_B3_R1","Tylocephalus",0,"04/2023","baermann","nematodes"
"281","MC_C_B3_R1","Panagrolaimus",8531,"04/2023","baermann","nematodes"
"282","MC_C_B3_R1","Rhabditidae",813,"04/2023","baermann","nematodes"
"283","MC_C_B3_R1","Rhabdolaimus",0,"04/2023","baermann","nematodes"
"284","MC_C_B3_R1","Prismatolaimus",609,"04/2023","baermann","nematodes"
"285","MC_C_B3_R1","Aphelenchus",6094,"04/2023","baermann","nematodes"
"286","MC_C_B3_R1","Aphelenchoides",2438,"04/2023","baermann","nematodes"
"287","MC_C_B3_R1","Diphtherophora",0,"04/2023","baermann","nematodes"
"288","MC_C_B3_R1","Mononchus",0,"04/2023","baermann","nematodes"
"289","MC_C_B3_R1","Microdorylaimus",0,"04/2023","baermann","nematodes"
"290","MC_C_B3_R1","Nygolaimidae",0,"04/2023","baermann","nematodes"
"291","MC_C_B3_R1","Discolaimus",0,"04/2023","baermann","nematodes"
"292","MC_C_B3_R1","Oxydirus",0,"04/2023","baermann","nematodes"
"293","MC_C_B3_R1","Eudorylaimus",0,"04/2023","baermann","nematodes"
"294","MC_C_B3_R1","Pratylenchus",0,"04/2023","baermann","nematodes"
"295","MC_C_B3_R1","Prodorylaimus",0,"04/2023","baermann","nematodes"
"296","MC_C_B3_R1","Helicotylenchus",0,"04/2023","baermann","nematodes"
"297","MC_C_B3_R1","Trichodorus",0,"04/2023","baermann","nematodes"
"298","MC_C_B3_R1","Tylenchorhynchus",0,"04/2023","baermann","nematodes"
"299","MC_C_B3_R1","Tylenchidae",2641,"04/2023","baermann","nematodes"
"300","MC_C_B3_R1","Mylonchulus",0,"04/2023","baermann","nematodes"
"301","AF_T_B3_R1","Acrobeles",685,"04/2023","baermann","nematodes"
"302","AF_T_B3_R1","Acrobeloides",1827,"04/2023","baermann","nematodes"
"303","AF_T_B3_R1","Aporcelaimidae",0,"04/2023","baermann","nematodes"
"304","AF_T_B3_R1","Aprutides",0,"04/2023","baermann","nematodes"
"305","AF_T_B3_R1","Cervidellus",685,"04/2023","baermann","nematodes"
"306","AF_T_B3_R1","Chiloplacus",343,"04/2023","baermann","nematodes"
"307","AF_T_B3_R1","Eumonhystera",114,"04/2023","baermann","nematodes"
"308","AF_T_B3_R1","Anaplectus",0,"04/2023","baermann","nematodes"
"309","AF_T_B3_R1","Plectus",114,"04/2023","baermann","nematodes"
"310","AF_T_B3_R1","Tylocephalus",0,"04/2023","baermann","nematodes"
"311","AF_T_B3_R1","Panagrolaimus",685,"04/2023","baermann","nematodes"
"312","AF_T_B3_R1","Rhabditidae",343,"04/2023","baermann","nematodes"
"313","AF_T_B3_R1","Rhabdolaimus",0,"04/2023","baermann","nematodes"
"314","AF_T_B3_R1","Prismatolaimus",0,"04/2023","baermann","nematodes"
"315","AF_T_B3_R1","Aphelenchus",3540,"04/2023","baermann","nematodes"
"316","AF_T_B3_R1","Aphelenchoides",457,"04/2023","baermann","nematodes"
"317","AF_T_B3_R1","Diphtherophora",0,"04/2023","baermann","nematodes"
"318","AF_T_B3_R1","Mononchus",0,"04/2023","baermann","nematodes"
"319","AF_T_B3_R1","Microdorylaimus",0,"04/2023","baermann","nematodes"
"320","AF_T_B3_R1","Nygolaimidae",114,"04/2023","baermann","nematodes"
"321","AF_T_B3_R1","Discolaimus",0,"04/2023","baermann","nematodes"
"322","AF_T_B3_R1","Oxydirus",0,"04/2023","baermann","nematodes"
"323","AF_T_B3_R1","Eudorylaimus",0,"04/2023","baermann","nematodes"
"324","AF_T_B3_R1","Pratylenchus",114,"04/2023","baermann","nematodes"
"325","AF_T_B3_R1","Prodorylaimus",228,"04/2023","baermann","nematodes"
"326","AF_T_B3_R1","Helicotylenchus",0,"04/2023","baermann","nematodes"
"327","AF_T_B3_R1","Trichodorus",0,"04/2023","baermann","nematodes"
"328","AF_T_B3_R1","Tylenchorhynchus",0,"04/2023","baermann","nematodes"
"329","AF_T_B3_R1","Tylenchidae",5824,"04/2023","baermann","nematodes"
"330","AF_T_B3_R1","Mylonchulus",0,"04/2023","baermann","nematodes"
"331","AF_C_B3_R1","Acrobeles",0,"04/2023","baermann","nematodes"
"332","AF_C_B3_R1","Acrobeloides",1591,"04/2023","baermann","nematodes"
"333","AF_C_B3_R1","Aporcelaimidae",0,"04/2023","baermann","nematodes"
"334","AF_C_B3_R1","Aprutides",0,"04/2023","baermann","nematodes"
"335","AF_C_B3_R1","Cervidellus",0,"04/2023","baermann","nematodes"
"336","AF_C_B3_R1","Chiloplacus",1909,"04/2023","baermann","nematodes"
"337","AF_C_B3_R1","Eumonhystera",318,"04/2023","baermann","nematodes"
"338","AF_C_B3_R1","Anaplectus",0,"04/2023","baermann","nematodes"
"339","AF_C_B3_R1","Plectus",0,"04/2023","baermann","nematodes"
"340","AF_C_B3_R1","Tylocephalus",0,"04/2023","baermann","nematodes"
"341","AF_C_B3_R1","Panagrolaimus",21313,"04/2023","baermann","nematodes"
"342","AF_C_B3_R1","Rhabditidae",318,"04/2023","baermann","nematodes"
"343","AF_C_B3_R1","Rhabdolaimus",0,"04/2023","baermann","nematodes"
"344","AF_C_B3_R1","Prismatolaimus",0,"04/2023","baermann","nematodes"
"345","AF_C_B3_R1","Aphelenchus",10497,"04/2023","baermann","nematodes"
"346","AF_C_B3_R1","Aphelenchoides",4135,"04/2023","baermann","nematodes"
"347","AF_C_B3_R1","Diphtherophora",0,"04/2023","baermann","nematodes"
"348","AF_C_B3_R1","Mononchus",0,"04/2023","baermann","nematodes"
"349","AF_C_B3_R1","Microdorylaimus",0,"04/2023","baermann","nematodes"
"350","AF_C_B3_R1","Nygolaimidae",0,"04/2023","baermann","nematodes"
"351","AF_C_B3_R1","Discolaimus",0,"04/2023","baermann","nematodes"
"352","AF_C_B3_R1","Oxydirus",0,"04/2023","baermann","nematodes"
"353","AF_C_B3_R1","Eudorylaimus",0,"04/2023","baermann","nematodes"
"354","AF_C_B3_R1","Pratylenchus",318,"04/2023","baermann","nematodes"
"355","AF_C_B3_R1","Prodorylaimus",0,"04/2023","baermann","nematodes"
"356","AF_C_B3_R1","Helicotylenchus",0,"04/2023","baermann","nematodes"
"357","AF_C_B3_R1","Trichodorus",0,"04/2023","baermann","nematodes"
"358","AF_C_B3_R1","Tylenchorhynchus",0,"04/2023","baermann","nematodes"
"359","AF_C_B3_R1","Tylenchidae",4772,"04/2023","baermann","nematodes"
"360","AF_C_B3_R1","Mylonchulus",0,"04/2023","baermann","nematodes"
"361","TP_T_B1_R1","Acrobeles",0,"03/2023","baermann","nematodes"
"362","TP_T_B1_R1","Acrobeloides",6659,"03/2023","baermann","nematodes"
"363","TP_T_B1_R1","Aporcelaimidae",0,"03/2023","baermann","nematodes"
"364","TP_T_B1_R1","Aprutides",0,"03/2023","baermann","nematodes"
"365","TP_T_B1_R1","Cervidellus",605,"03/2023","baermann","nematodes"
"366","TP_T_B1_R1","Chiloplacus",303,"03/2023","baermann","nematodes"
"367","TP_T_B1_R1","Eumonhystera",303,"03/2023","baermann","nematodes"
"368","TP_T_B1_R1","Anaplectus",0,"03/2023","baermann","nematodes"
"369","TP_T_B1_R1","Plectus",605,"03/2023","baermann","nematodes"
"370","TP_T_B1_R1","Tylocephalus",303,"03/2023","baermann","nematodes"
"371","TP_T_B1_R1","Panagrolaimus",1513,"03/2023","baermann","nematodes"
"372","TP_T_B1_R1","Rhabditidae",1211,"03/2023","baermann","nematodes"
"373","TP_T_B1_R1","Rhabdolaimus",0,"03/2023","baermann","nematodes"
"374","TP_T_B1_R1","Prismatolaimus",1211,"03/2023","baermann","nematodes"
"375","TP_T_B1_R1","Aphelenchus",4540,"03/2023","baermann","nematodes"
"376","TP_T_B1_R1","Aphelenchoides",1816,"03/2023","baermann","nematodes"
"377","TP_T_B1_R1","Diphtherophora",0,"03/2023","baermann","nematodes"
"378","TP_T_B1_R1","Mononchus",0,"03/2023","baermann","nematodes"
"379","TP_T_B1_R1","Microdorylaimus",0,"03/2023","baermann","nematodes"
"380","TP_T_B1_R1","Nygolaimidae",0,"03/2023","baermann","nematodes"
"381","TP_T_B1_R1","Discolaimus",0,"03/2023","baermann","nematodes"
"382","TP_T_B1_R1","Oxydirus",0,"03/2023","baermann","nematodes"
"383","TP_T_B1_R1","Eudorylaimus",0,"03/2023","baermann","nematodes"
"384","TP_T_B1_R1","Pratylenchus",1816,"03/2023","baermann","nematodes"
"385","TP_T_B1_R1","Prodorylaimus",0,"03/2023","baermann","nematodes"
"386","TP_T_B1_R1","Helicotylenchus",4540,"03/2023","baermann","nematodes"
"387","TP_T_B1_R1","Trichodorus",0,"03/2023","baermann","nematodes"
"388","TP_T_B1_R1","Tylenchorhynchus",9081,"03/2023","baermann","nematodes"
"389","TP_T_B1_R1","Tylenchidae",10897,"03/2023","baermann","nematodes"
"390","TP_T_B1_R1","Mylonchulus",303,"03/2023","baermann","nematodes"
"391","MC_C_B1_R1","Acrobeles",0,"03/2023","baermann","nematodes"
"392","MC_C_B1_R1","Acrobeloides",6373,"03/2023","baermann","nematodes"
"393","MC_C_B1_R1","Aporcelaimidae",0,"03/2023","baermann","nematodes"
"394","MC_C_B1_R1","Aprutides",0,"03/2023","baermann","nematodes"
"395","MC_C_B1_R1","Cervidellus",0,"03/2023","baermann","nematodes"
"396","MC_C_B1_R1","Chiloplacus",0,"03/2023","baermann","nematodes"
"397","MC_C_B1_R1","Eumonhystera",303,"03/2023","baermann","nematodes"
"398","MC_C_B1_R1","Anaplectus",0,"03/2023","baermann","nematodes"
"399","MC_C_B1_R1","Plectus",0,"03/2023","baermann","nematodes"
"400","MC_C_B1_R1","Tylocephalus",0,"03/2023","baermann","nematodes"
"401","MC_C_B1_R1","Panagrolaimus",6373,"03/2023","baermann","nematodes"
"402","MC_C_B1_R1","Rhabditidae",607,"03/2023","baermann","nematodes"
"403","MC_C_B1_R1","Rhabdolaimus",0,"03/2023","baermann","nematodes"
"404","MC_C_B1_R1","Prismatolaimus",0,"03/2023","baermann","nematodes"
"405","MC_C_B1_R1","Aphelenchus",13049,"03/2023","baermann","nematodes"
"406","MC_C_B1_R1","Aphelenchoides",1821,"03/2023","baermann","nematodes"
"407","MC_C_B1_R1","Diphtherophora",0,"03/2023","baermann","nematodes"
"408","MC_C_B1_R1","Mononchus",0,"03/2023","baermann","nematodes"
"409","MC_C_B1_R1","Microdorylaimus",0,"03/2023","baermann","nematodes"
"410","MC_C_B1_R1","Nygolaimidae",0,"03/2023","baermann","nematodes"
"411","MC_C_B1_R1","Discolaimus",0,"03/2023","baermann","nematodes"
"412","MC_C_B1_R1","Oxydirus",303,"03/2023","baermann","nematodes"
"413","MC_C_B1_R1","Eudorylaimus",0,"03/2023","baermann","nematodes"
"414","MC_C_B1_R1","Pratylenchus",10621,"03/2023","baermann","nematodes"
"415","MC_C_B1_R1","Prodorylaimus",0,"03/2023","baermann","nematodes"
"416","MC_C_B1_R1","Helicotylenchus",303,"03/2023","baermann","nematodes"
"417","MC_C_B1_R1","Trichodorus",0,"03/2023","baermann","nematodes"
"418","MC_C_B1_R1","Tylenchorhynchus",607,"03/2023","baermann","nematodes"
"419","MC_C_B1_R1","Tylenchidae",4855,"03/2023","baermann","nematodes"
"420","MC_C_B1_R1","Mylonchulus",0,"03/2023","baermann","nematodes"
"421","AF_T_B1_R1","Acrobeles",0,"03/2023","baermann","nematodes"
"422","AF_T_B1_R1","Acrobeloides",2848,"03/2023","baermann","nematodes"
"423","AF_T_B1_R1","Aporcelaimidae",0,"03/2023","baermann","nematodes"
"424","AF_T_B1_R1","Aprutides",0,"03/2023","baermann","nematodes"
"425","AF_T_B1_R1","Cervidellus",356,"03/2023","baermann","nematodes"
"426","AF_T_B1_R1","Chiloplacus",0,"03/2023","baermann","nematodes"
"427","AF_T_B1_R1","Eumonhystera",1424,"03/2023","baermann","nematodes"
"428","AF_T_B1_R1","Anaplectus",0,"03/2023","baermann","nematodes"
"429","AF_T_B1_R1","Plectus",1068,"03/2023","baermann","nematodes"
"430","AF_T_B1_R1","Tylocephalus",712,"03/2023","baermann","nematodes"
"431","AF_T_B1_R1","Panagrolaimus",0,"03/2023","baermann","nematodes"
"432","AF_T_B1_R1","Rhabditidae",0,"03/2023","baermann","nematodes"
"433","AF_T_B1_R1","Rhabdolaimus",356,"03/2023","baermann","nematodes"
"434","AF_T_B1_R1","Prismatolaimus",2314,"03/2023","baermann","nematodes"
"435","AF_T_B1_R1","Aphelenchus",8899,"03/2023","baermann","nematodes"
"436","AF_T_B1_R1","Aphelenchoides",356,"03/2023","baermann","nematodes"
"437","AF_T_B1_R1","Diphtherophora",0,"03/2023","baermann","nematodes"
"438","AF_T_B1_R1","Mononchus",0,"03/2023","baermann","nematodes"
"439","AF_T_B1_R1","Microdorylaimus",0,"03/2023","baermann","nematodes"
"440","AF_T_B1_R1","Nygolaimidae",0,"03/2023","baermann","nematodes"
"441","AF_T_B1_R1","Discolaimus",356,"03/2023","baermann","nematodes"
"442","AF_T_B1_R1","Oxydirus",0,"03/2023","baermann","nematodes"
"443","AF_T_B1_R1","Eudorylaimus",0,"03/2023","baermann","nematodes"
"444","AF_T_B1_R1","Pratylenchus",1424,"03/2023","baermann","nematodes"
"445","AF_T_B1_R1","Prodorylaimus",0,"03/2023","baermann","nematodes"
"446","AF_T_B1_R1","Helicotylenchus",2136,"03/2023","baermann","nematodes"
"447","AF_T_B1_R1","Trichodorus",0,"03/2023","baermann","nematodes"
"448","AF_T_B1_R1","Tylenchorhynchus",0,"03/2023","baermann","nematodes"
"449","AF_T_B1_R1","Tylenchidae",12102,"03/2023","baermann","nematodes"
"450","AF_T_B1_R1","Mylonchulus",0,"03/2023","baermann","nematodes"
"451","AF_C_B1_R1","Acrobeles",204,"03/2023","baermann","nematodes"
"452","AF_C_B1_R1","Acrobeloides",4076,"03/2023","baermann","nematodes"
"453","AF_C_B1_R1","Aporcelaimidae",0,"03/2023","baermann","nematodes"
"454","AF_C_B1_R1","Aprutides",0,"03/2023","baermann","nematodes"
"455","AF_C_B1_R1","Cervidellus",0,"03/2023","baermann","nematodes"
"456","AF_C_B1_R1","Chiloplacus",611,"03/2023","baermann","nematodes"
"457","AF_C_B1_R1","Eumonhystera",204,"03/2023","baermann","nematodes"
"458","AF_C_B1_R1","Anaplectus",0,"03/2023","baermann","nematodes"
"459","AF_C_B1_R1","Plectus",0,"03/2023","baermann","nematodes"
"460","AF_C_B1_R1","Tylocephalus",408,"03/2023","baermann","nematodes"
"461","AF_C_B1_R1","Panagrolaimus",6726,"03/2023","baermann","nematodes"
"462","AF_C_B1_R1","Rhabditidae",408,"03/2023","baermann","nematodes"
"463","AF_C_B1_R1","Rhabdolaimus",0,"03/2023","baermann","nematodes"
"464","AF_C_B1_R1","Prismatolaimus",204,"03/2023","baermann","nematodes"
"465","AF_C_B1_R1","Aphelenchus",3873,"03/2023","baermann","nematodes"
"466","AF_C_B1_R1","Aphelenchoides",6115,"03/2023","baermann","nematodes"
"467","AF_C_B1_R1","Diphtherophora",0,"03/2023","baermann","nematodes"
"468","AF_C_B1_R1","Mononchus",204,"03/2023","baermann","nematodes"
"469","AF_C_B1_R1","Microdorylaimus",0,"03/2023","baermann","nematodes"
"470","AF_C_B1_R1","Nygolaimidae",0,"03/2023","baermann","nematodes"
"471","AF_C_B1_R1","Discolaimus",0,"03/2023","baermann","nematodes"
"472","AF_C_B1_R1","Oxydirus",611,"03/2023","baermann","nematodes"
"473","AF_C_B1_R1","Eudorylaimus",0,"03/2023","baermann","nematodes"
"474","AF_C_B1_R1","Pratylenchus",3057,"03/2023","baermann","nematodes"
"475","AF_C_B1_R1","Prodorylaimus",0,"03/2023","baermann","nematodes"
"476","AF_C_B1_R1","Helicotylenchus",204,"03/2023","baermann","nematodes"
"477","AF_C_B1_R1","Trichodorus",0,"03/2023","baermann","nematodes"
"478","AF_C_B1_R1","Tylenchorhynchus",408,"03/2023","baermann","nematodes"
"479","AF_C_B1_R1","Tylenchidae",2854,"03/2023","baermann","nematodes"
"480","AF_C_B1_R1","Mylonchulus",0,"03/2023","baermann","nematodes"
"481","TP_T_B2_R1","Acrobeles",0,"03/2023","baermann","nematodes"
"482","TP_T_B2_R1","Acrobeloides",5008,"03/2023","baermann","nematodes"
"483","TP_T_B2_R1","Aporcelaimidae",0,"03/2023","baermann","nematodes"
"484","TP_T_B2_R1","Aprutides",0,"03/2023","baermann","nematodes"
"485","TP_T_B2_R1","Cervidellus",323,"03/2023","baermann","nematodes"
"486","TP_T_B2_R1","Chiloplacus",808,"03/2023","baermann","nematodes"
"487","TP_T_B2_R1","Eumonhystera",0,"03/2023","baermann","nematodes"
"488","TP_T_B2_R1","Anaplectus",0,"03/2023","baermann","nematodes"
"489","TP_T_B2_R1","Plectus",0,"03/2023","baermann","nematodes"
"490","TP_T_B2_R1","Tylocephalus",0,"03/2023","baermann","nematodes"
"491","TP_T_B2_R1","Panagrolaimus",1131,"03/2023","baermann","nematodes"
"492","TP_T_B2_R1","Rhabditidae",1777,"03/2023","baermann","nematodes"
"493","TP_T_B2_R1","Rhabdolaimus",0,"03/2023","baermann","nematodes"
"494","TP_T_B2_R1","Prismatolaimus",162,"03/2023","baermann","nematodes"
"495","TP_T_B2_R1","Aphelenchus",969,"03/2023","baermann","nematodes"
"496","TP_T_B2_R1","Aphelenchoides",3877,"03/2023","baermann","nematodes"
"497","TP_T_B2_R1","Diphtherophora",0,"03/2023","baermann","nematodes"
"498","TP_T_B2_R1","Mononchus",162,"03/2023","baermann","nematodes"
"499","TP_T_B2_R1","Microdorylaimus",0,"03/2023","baermann","nematodes"
"500","TP_T_B2_R1","Nygolaimidae",0,"03/2023","baermann","nematodes"
"501","TP_T_B2_R1","Discolaimus",0,"03/2023","baermann","nematodes"
"502","TP_T_B2_R1","Oxydirus",0,"03/2023","baermann","nematodes"
"503","TP_T_B2_R1","Eudorylaimus",0,"03/2023","baermann","nematodes"
"504","TP_T_B2_R1","Pratylenchus",3231,"03/2023","baermann","nematodes"
"505","TP_T_B2_R1","Prodorylaimus",0,"03/2023","baermann","nematodes"
"506","TP_T_B2_R1","Helicotylenchus",323,"03/2023","baermann","nematodes"
"507","TP_T_B2_R1","Trichodorus",0,"03/2023","baermann","nematodes"
"508","TP_T_B2_R1","Tylenchorhynchus",323,"03/2023","baermann","nematodes"
"509","TP_T_B2_R1","Tylenchidae",9370,"03/2023","baermann","nematodes"
"510","TP_T_B2_R1","Mylonchulus",0,"03/2023","baermann","nematodes"
"511","MC_C_B2_R1","Acrobeles",0,"03/2023","baermann","nematodes"
"512","MC_C_B2_R1","Acrobeloides",5233,"03/2023","baermann","nematodes"
"513","MC_C_B2_R1","Aporcelaimidae",0,"03/2023","baermann","nematodes"
"514","MC_C_B2_R1","Aprutides",0,"03/2023","baermann","nematodes"
"515","MC_C_B2_R1","Cervidellus",872,"03/2023","baermann","nematodes"
"516","MC_C_B2_R1","Chiloplacus",872,"03/2023","baermann","nematodes"
"517","MC_C_B2_R1","Eumonhystera",0,"03/2023","baermann","nematodes"
"518","MC_C_B2_R1","Anaplectus",0,"03/2023","baermann","nematodes"
"519","MC_C_B2_R1","Plectus",0,"03/2023","baermann","nematodes"
"520","MC_C_B2_R1","Tylocephalus",0,"03/2023","baermann","nematodes"
"521","MC_C_B2_R1","Panagrolaimus",47095,"03/2023","baermann","nematodes"
"522","MC_C_B2_R1","Rhabditidae",872,"03/2023","baermann","nematodes"
"523","MC_C_B2_R1","Rhabdolaimus",0,"03/2023","baermann","nematodes"
"524","MC_C_B2_R1","Prismatolaimus",872,"03/2023","baermann","nematodes"
"525","MC_C_B2_R1","Aphelenchus",20931,"03/2023","baermann","nematodes"
"526","MC_C_B2_R1","Aphelenchoides",27908,"03/2023","baermann","nematodes"
"527","MC_C_B2_R1","Diphtherophora",0,"03/2023","baermann","nematodes"
"528","MC_C_B2_R1","Mononchus",0,"03/2023","baermann","nematodes"
"529","MC_C_B2_R1","Microdorylaimus",0,"03/2023","baermann","nematodes"
"530","MC_C_B2_R1","Nygolaimidae",0,"03/2023","baermann","nematodes"
"531","MC_C_B2_R1","Discolaimus",0,"03/2023","baermann","nematodes"
"532","MC_C_B2_R1","Oxydirus",872,"03/2023","baermann","nematodes"
"533","MC_C_B2_R1","Eudorylaimus",0,"03/2023","baermann","nematodes"
"534","MC_C_B2_R1","Pratylenchus",6977,"03/2023","baermann","nematodes"
"535","MC_C_B2_R1","Prodorylaimus",0,"03/2023","baermann","nematodes"
"536","MC_C_B2_R1","Helicotylenchus",0,"03/2023","baermann","nematodes"
"537","MC_C_B2_R1","Trichodorus",0,"03/2023","baermann","nematodes"
"538","MC_C_B2_R1","Tylenchorhynchus",0,"03/2023","baermann","nematodes"
"539","MC_C_B2_R1","Tylenchidae",12210,"03/2023","baermann","nematodes"
"540","MC_C_B2_R1","Mylonchulus",0,"03/2023","baermann","nematodes"
"541","AF_T_B2_R1","Acrobeles",659,"03/2023","baermann","nematodes"
"542","AF_T_B2_R1","Acrobeloides",3516,"03/2023","baermann","nematodes"
"543","AF_T_B2_R1","Aporcelaimidae",0,"03/2023","baermann","nematodes"
"544","AF_T_B2_R1","Aprutides",0,"03/2023","baermann","nematodes"
"545","AF_T_B2_R1","Cervidellus",0,"03/2023","baermann","nematodes"
"546","AF_T_B2_R1","Chiloplacus",0,"03/2023","baermann","nematodes"
"547","AF_T_B2_R1","Eumonhystera",0,"03/2023","baermann","nematodes"
"548","AF_T_B2_R1","Anaplectus",0,"03/2023","baermann","nematodes"
"549","AF_T_B2_R1","Plectus",0,"03/2023","baermann","nematodes"
"550","AF_T_B2_R1","Tylocephalus",0,"03/2023","baermann","nematodes"
"551","AF_T_B2_R1","Panagrolaimus",659,"03/2023","baermann","nematodes"
"552","AF_T_B2_R1","Rhabditidae",440,"03/2023","baermann","nematodes"
"553","AF_T_B2_R1","Rhabdolaimus",0,"03/2023","baermann","nematodes"
"554","AF_T_B2_R1","Prismatolaimus",220,"03/2023","baermann","nematodes"
"555","AF_T_B2_R1","Aphelenchus",2857,"03/2023","baermann","nematodes"
"556","AF_T_B2_R1","Aphelenchoides",220,"03/2023","baermann","nematodes"
"557","AF_T_B2_R1","Diphtherophora",0,"03/2023","baermann","nematodes"
"558","AF_T_B2_R1","Mononchus",220,"03/2023","baermann","nematodes"
"559","AF_T_B2_R1","Microdorylaimus",0,"03/2023","baermann","nematodes"
"560","AF_T_B2_R1","Nygolaimidae",0,"03/2023","baermann","nematodes"
"561","AF_T_B2_R1","Discolaimus",0,"03/2023","baermann","nematodes"
"562","AF_T_B2_R1","Oxydirus",110,"03/2023","baermann","nematodes"
"563","AF_T_B2_R1","Eudorylaimus",0,"03/2023","baermann","nematodes"
"564","AF_T_B2_R1","Pratylenchus",2637,"03/2023","baermann","nematodes"
"565","AF_T_B2_R1","Prodorylaimus",0,"03/2023","baermann","nematodes"
"566","AF_T_B2_R1","Helicotylenchus",1319,"03/2023","baermann","nematodes"
"567","AF_T_B2_R1","Trichodorus",0,"03/2023","baermann","nematodes"
"568","AF_T_B2_R1","Tylenchorhynchus",220,"03/2023","baermann","nematodes"
"569","AF_T_B2_R1","Tylenchidae",5494,"03/2023","baermann","nematodes"
"570","AF_T_B2_R1","Mylonchulus",0,"03/2023","baermann","nematodes"
"571","AF_C_B2_R1","Acrobeles",506,"03/2023","baermann","nematodes"
"572","AF_C_B2_R1","Acrobeloides",3542,"03/2023","baermann","nematodes"
"573","AF_C_B2_R1","Aporcelaimidae",0,"03/2023","baermann","nematodes"
"574","AF_C_B2_R1","Aprutides",0,"03/2023","baermann","nematodes"
"575","AF_C_B2_R1","Cervidellus",0,"03/2023","baermann","nematodes"
"576","AF_C_B2_R1","Chiloplacus",0,"03/2023","baermann","nematodes"
"577","AF_C_B2_R1","Eumonhystera",0,"03/2023","baermann","nematodes"
"578","AF_C_B2_R1","Anaplectus",0,"03/2023","baermann","nematodes"
"579","AF_C_B2_R1","Plectus",506,"03/2023","baermann","nematodes"
"580","AF_C_B2_R1","Tylocephalus",0,"03/2023","baermann","nematodes"
"581","AF_C_B2_R1","Panagrolaimus",39978,"03/2023","baermann","nematodes"
"582","AF_C_B2_R1","Rhabditidae",5567,"03/2023","baermann","nematodes"
"583","AF_C_B2_R1","Rhabdolaimus",0,"03/2023","baermann","nematodes"
"584","AF_C_B2_R1","Prismatolaimus",0,"03/2023","baermann","nematodes"
"585","AF_C_B2_R1","Aphelenchus",15182,"03/2023","baermann","nematodes"
"586","AF_C_B2_R1","Aphelenchoides",6073,"03/2023","baermann","nematodes"
"587","AF_C_B2_R1","Diphtherophora",0,"03/2023","baermann","nematodes"
"588","AF_C_B2_R1","Mononchus",0,"03/2023","baermann","nematodes"
"589","AF_C_B2_R1","Microdorylaimus",0,"03/2023","baermann","nematodes"
"590","AF_C_B2_R1","Nygolaimidae",0,"03/2023","baermann","nematodes"
"591","AF_C_B2_R1","Discolaimus",0,"03/2023","baermann","nematodes"
"592","AF_C_B2_R1","Oxydirus",506,"03/2023","baermann","nematodes"
"593","AF_C_B2_R1","Eudorylaimus",0,"03/2023","baermann","nematodes"
"594","AF_C_B2_R1","Pratylenchus",9615,"03/2023","baermann","nematodes"
"595","AF_C_B2_R1","Prodorylaimus",0,"03/2023","baermann","nematodes"
"596","AF_C_B2_R1","Helicotylenchus",0,"03/2023","baermann","nematodes"
"597","AF_C_B2_R1","Trichodorus",0,"03/2023","baermann","nematodes"
"598","AF_C_B2_R1","Tylenchorhynchus",0,"03/2023","baermann","nematodes"
"599","AF_C_B2_R1","Tylenchidae",2024,"03/2023","baermann","nematodes"
"600","AF_C_B2_R1","Mylonchulus",0,"03/2023","baermann","nematodes"
"601","TP_T_B3_R1","Acrobeles",146,"03/2023","baermann","nematodes"
"602","TP_T_B3_R1","Acrobeloides",3361,"03/2023","baermann","nematodes"
"603","TP_T_B3_R1","Aporcelaimidae",0,"03/2023","baermann","nematodes"
"604","TP_T_B3_R1","Aprutides",0,"03/2023","baermann","nematodes"
"605","TP_T_B3_R1","Cervidellus",0,"03/2023","baermann","nematodes"
"606","TP_T_B3_R1","Chiloplacus",292,"03/2023","baermann","nematodes"
"607","TP_T_B3_R1","Eumonhystera",146,"03/2023","baermann","nematodes"
"608","TP_T_B3_R1","Anaplectus",0,"03/2023","baermann","nematodes"
"609","TP_T_B3_R1","Plectus",731,"03/2023","baermann","nematodes"
"610","TP_T_B3_R1","Tylocephalus",146,"03/2023","baermann","nematodes"
"611","TP_T_B3_R1","Panagrolaimus",0,"03/2023","baermann","nematodes"
"612","TP_T_B3_R1","Rhabditidae",0,"03/2023","baermann","nematodes"
"613","TP_T_B3_R1","Rhabdolaimus",0,"03/2023","baermann","nematodes"
"614","TP_T_B3_R1","Prismatolaimus",0,"03/2023","baermann","nematodes"
"615","TP_T_B3_R1","Aphelenchus",6722,"03/2023","baermann","nematodes"
"616","TP_T_B3_R1","Aphelenchoides",146,"03/2023","baermann","nematodes"
"617","TP_T_B3_R1","Diphtherophora",0,"03/2023","baermann","nematodes"
"618","TP_T_B3_R1","Mononchus",146,"03/2023","baermann","nematodes"
"619","TP_T_B3_R1","Microdorylaimus",0,"03/2023","baermann","nematodes"
"620","TP_T_B3_R1","Nygolaimidae",0,"03/2023","baermann","nematodes"
"621","TP_T_B3_R1","Discolaimus",146,"03/2023","baermann","nematodes"
"622","TP_T_B3_R1","Oxydirus",0,"03/2023","baermann","nematodes"
"623","TP_T_B3_R1","Eudorylaimus",0,"03/2023","baermann","nematodes"
"624","TP_T_B3_R1","Pratylenchus",1169,"03/2023","baermann","nematodes"
"625","TP_T_B3_R1","Prodorylaimus",0,"03/2023","baermann","nematodes"
"626","TP_T_B3_R1","Helicotylenchus",3654,"03/2023","baermann","nematodes"
"627","TP_T_B3_R1","Trichodorus",0,"03/2023","baermann","nematodes"
"628","TP_T_B3_R1","Tylenchorhynchus",0,"03/2023","baermann","nematodes"
"629","TP_T_B3_R1","Tylenchidae",5846,"03/2023","baermann","nematodes"
"630","TP_T_B3_R1","Mylonchulus",0,"03/2023","baermann","nematodes"
"631","MC_C_B3_R1","Acrobeles",0,"03/2023","baermann","nematodes"
"632","MC_C_B3_R1","Acrobeloides",22769,"03/2023","baermann","nematodes"
"633","MC_C_B3_R1","Aporcelaimidae",0,"03/2023","baermann","nematodes"
"634","MC_C_B3_R1","Aprutides",0,"03/2023","baermann","nematodes"
"635","MC_C_B3_R1","Cervidellus",393,"03/2023","baermann","nematodes"
"636","MC_C_B3_R1","Chiloplacus",1963,"03/2023","baermann","nematodes"
"637","MC_C_B3_R1","Eumonhystera",393,"03/2023","baermann","nematodes"
"638","MC_C_B3_R1","Anaplectus",0,"03/2023","baermann","nematodes"
"639","MC_C_B3_R1","Plectus",0,"03/2023","baermann","nematodes"
"640","MC_C_B3_R1","Tylocephalus",0,"03/2023","baermann","nematodes"
"641","MC_C_B3_R1","Panagrolaimus",4711,"03/2023","baermann","nematodes"
"642","MC_C_B3_R1","Rhabditidae",785,"03/2023","baermann","nematodes"
"643","MC_C_B3_R1","Rhabdolaimus",0,"03/2023","baermann","nematodes"
"644","MC_C_B3_R1","Prismatolaimus",0,"03/2023","baermann","nematodes"
"645","MC_C_B3_R1","Aphelenchus",24339,"03/2023","baermann","nematodes"
"646","MC_C_B3_R1","Aphelenchoides",3141,"03/2023","baermann","nematodes"
"647","MC_C_B3_R1","Diphtherophora",0,"03/2023","baermann","nematodes"
"648","MC_C_B3_R1","Mononchus",0,"03/2023","baermann","nematodes"
"649","MC_C_B3_R1","Microdorylaimus",0,"03/2023","baermann","nematodes"
"650","MC_C_B3_R1","Nygolaimidae",0,"03/2023","baermann","nematodes"
"651","MC_C_B3_R1","Discolaimus",0,"03/2023","baermann","nematodes"
"652","MC_C_B3_R1","Oxydirus",393,"03/2023","baermann","nematodes"
"653","MC_C_B3_R1","Eudorylaimus",0,"03/2023","baermann","nematodes"
"654","MC_C_B3_R1","Pratylenchus",10599,"03/2023","baermann","nematodes"
"655","MC_C_B3_R1","Prodorylaimus",0,"03/2023","baermann","nematodes"
"656","MC_C_B3_R1","Helicotylenchus",393,"03/2023","baermann","nematodes"
"657","MC_C_B3_R1","Trichodorus",393,"03/2023","baermann","nematodes"
"658","MC_C_B3_R1","Tylenchorhynchus",0,"03/2023","baermann","nematodes"
"659","MC_C_B3_R1","Tylenchidae",3926,"03/2023","baermann","nematodes"
"660","MC_C_B3_R1","Mylonchulus",0,"03/2023","baermann","nematodes"
"661","AF_T_B3_R1","Acrobeles",659,"03/2023","baermann","nematodes"
"662","AF_T_B3_R1","Acrobeloides",3458,"03/2023","baermann","nematodes"
"663","AF_T_B3_R1","Aporcelaimidae",0,"03/2023","baermann","nematodes"
"664","AF_T_B3_R1","Aprutides",0,"03/2023","baermann","nematodes"
"665","AF_T_B3_R1","Cervidellus",165,"03/2023","baermann","nematodes"
"666","AF_T_B3_R1","Chiloplacus",494,"03/2023","baermann","nematodes"
"667","AF_T_B3_R1","Eumonhystera",0,"03/2023","baermann","nematodes"
"668","AF_T_B3_R1","Anaplectus",0,"03/2023","baermann","nematodes"
"669","AF_T_B3_R1","Plectus",823,"03/2023","baermann","nematodes"
"670","AF_T_B3_R1","Tylocephalus",329,"03/2023","baermann","nematodes"
"671","AF_T_B3_R1","Panagrolaimus",494,"03/2023","baermann","nematodes"
"672","AF_T_B3_R1","Rhabditidae",494,"03/2023","baermann","nematodes"
"673","AF_T_B3_R1","Rhabdolaimus",0,"03/2023","baermann","nematodes"
"674","AF_T_B3_R1","Prismatolaimus",1976,"03/2023","baermann","nematodes"
"675","AF_T_B3_R1","Aphelenchus",4446,"03/2023","baermann","nematodes"
"676","AF_T_B3_R1","Aphelenchoides",0,"03/2023","baermann","nematodes"
"677","AF_T_B3_R1","Diphtherophora",0,"03/2023","baermann","nematodes"
"678","AF_T_B3_R1","Mononchus",165,"03/2023","baermann","nematodes"
"679","AF_T_B3_R1","Microdorylaimus",0,"03/2023","baermann","nematodes"
"680","AF_T_B3_R1","Nygolaimidae",0,"03/2023","baermann","nematodes"
"681","AF_T_B3_R1","Discolaimus",0,"03/2023","baermann","nematodes"
"682","AF_T_B3_R1","Oxydirus",0,"03/2023","baermann","nematodes"
"683","AF_T_B3_R1","Eudorylaimus",165,"03/2023","baermann","nematodes"
"684","AF_T_B3_R1","Pratylenchus",5105,"03/2023","baermann","nematodes"
"685","AF_T_B3_R1","Prodorylaimus",0,"03/2023","baermann","nematodes"
"686","AF_T_B3_R1","Helicotylenchus",2964,"03/2023","baermann","nematodes"
"687","AF_T_B3_R1","Trichodorus",0,"03/2023","baermann","nematodes"
"688","AF_T_B3_R1","Tylenchorhynchus",0,"03/2023","baermann","nematodes"
"689","AF_T_B3_R1","Tylenchidae",4446,"03/2023","baermann","nematodes"
"690","AF_T_B3_R1","Mylonchulus",0,"03/2023","baermann","nematodes"
"691","AF_C_B3_R1","Acrobeles",0,"03/2023","baermann","nematodes"
"692","AF_C_B3_R1","Acrobeloides",3343,"03/2023","baermann","nematodes"
"693","AF_C_B3_R1","Aporcelaimidae",0,"03/2023","baermann","nematodes"
"694","AF_C_B3_R1","Aprutides",0,"03/2023","baermann","nematodes"
"695","AF_C_B3_R1","Cervidellus",0,"03/2023","baermann","nematodes"
"696","AF_C_B3_R1","Chiloplacus",1254,"03/2023","baermann","nematodes"
"697","AF_C_B3_R1","Eumonhystera",0,"03/2023","baermann","nematodes"
"698","AF_C_B3_R1","Anaplectus",0,"03/2023","baermann","nematodes"
"699","AF_C_B3_R1","Plectus",0,"03/2023","baermann","nematodes"
"700","AF_C_B3_R1","Tylocephalus",0,"03/2023","baermann","nematodes"
"701","AF_C_B3_R1","Panagrolaimus",10866,"03/2023","baermann","nematodes"
"702","AF_C_B3_R1","Rhabditidae",418,"03/2023","baermann","nematodes"
"703","AF_C_B3_R1","Rhabdolaimus",0,"03/2023","baermann","nematodes"
"704","AF_C_B3_R1","Prismatolaimus",0,"03/2023","baermann","nematodes"
"705","AF_C_B3_R1","Aphelenchus",33435,"03/2023","baermann","nematodes"
"706","AF_C_B3_R1","Aphelenchoides",5015,"03/2023","baermann","nematodes"
"707","AF_C_B3_R1","Diphtherophora",0,"03/2023","baermann","nematodes"
"708","AF_C_B3_R1","Mononchus",0,"03/2023","baermann","nematodes"
"709","AF_C_B3_R1","Microdorylaimus",0,"03/2023","baermann","nematodes"
"710","AF_C_B3_R1","Nygolaimidae",0,"03/2023","baermann","nematodes"
"711","AF_C_B3_R1","Discolaimus",0,"03/2023","baermann","nematodes"
"712","AF_C_B3_R1","Oxydirus",0,"03/2023","baermann","nematodes"
"713","AF_C_B3_R1","Eudorylaimus",418,"03/2023","baermann","nematodes"
"714","AF_C_B3_R1","Pratylenchus",4179,"03/2023","baermann","nematodes"
"715","AF_C_B3_R1","Prodorylaimus",0,"03/2023","baermann","nematodes"
"716","AF_C_B3_R1","Helicotylenchus",418,"03/2023","baermann","nematodes"
"717","AF_C_B3_R1","Trichodorus",0,"03/2023","baermann","nematodes"
"718","AF_C_B3_R1","Tylenchorhynchus",0,"03/2023","baermann","nematodes"
"719","AF_C_B3_R1","Tylenchidae",3343,"03/2023","baermann","nematodes"
"720","AF_C_B3_R1","Mylonchulus",0,"03/2023","baermann","nematodes"
