"","db","query","kingdom","phylum","class","order","family","genus","species"
"1","itis","Abia nitens",NA,NA,NA,NA,NA,NA,NA
"2","ncbi","Abia nitens","Metazoa","Arthropoda","Insecta","Hymenoptera","Cimbicidae","Abia","Abia nitens"
"3","itis","Acanthoscelides","Animalia","Arthropoda","Insecta","Coleoptera","Chrysomelidae","Acanthoscelides",NA
"4","ncbi","Acanthoscelides","Metazoa","Arthropoda","Insecta","Coleoptera","Chrysomelidae","Acanthoscelides",NA
"5","itis","Acrididae","Animalia","Arthropoda","Insecta","Orthoptera","Acrididae",NA,NA
"6","ncbi","Acrididae","Metazoa","Arthropoda","Insecta","Orthoptera","Acrididae",NA,NA
"7","itis","Aglaostigma aucupariae",NA,NA,NA,NA,NA,NA,NA
"8","ncbi","Aglaostigma aucupariae","Metazoa","Arthropoda","Insecta","Hymenoptera","Tenthredinidae","Aglaostigma","Aglaostigma aucupariae"
"9","itis","Agriotes","Animalia","Arthropoda","Insecta","Coleoptera","Elateridae","Agriotes",NA
"10","ncbi","Agriotes","Metazoa","Arthropoda","Insecta","Coleoptera","Elateridae","Agriotes",NA
"11","itis","Allograpta","Animalia","Arthropoda","Insecta","Diptera","Syrphidae","Allograpta",NA
"12","ncbi","Allograpta","Metazoa","Arthropoda","Insecta","Diptera","Syrphidae","Allograpta",NA
"13","itis","Altica","Animalia","Arthropoda","Insecta","Coleoptera","Chrysomelidae","Altica",NA
"14","ncbi","Altica","Metazoa","Arthropoda","Insecta","Coleoptera","Chrysomelidae","Altica",NA
"15","itis","Alticini","Animalia","Arthropoda","Insecta","Coleoptera","Chrysomelidae",NA,NA
"16","ncbi","Alticini","Metazoa","Arthropoda","Insecta","Coleoptera","Chrysomelidae",NA,NA
"17","itis","Alysiinae","Animalia","Arthropoda","Insecta","Hymenoptera","Braconidae",NA,NA
"18","ncbi","Alysiinae","Metazoa","Arthropoda","Insecta","Hymenoptera","Braconidae",NA,NA
"19","itis","Alysiini",NA,NA,NA,NA,NA,NA,NA
"20","ncbi","Alysiini",NA,NA,NA,NA,NA,NA,NA
"21","itis","Amara aenea","Animalia","Arthropoda","Insecta","Coleoptera","Carabidae","Amara","Amara aenea"
"22","ncbi","Amara aenea","Metazoa","Arthropoda","Insecta","Coleoptera","Carabidae","Amara","Amara aenea"
"23","itis","Ametastegia glabrata","Animalia","Arthropoda","Insecta","Hymenoptera","Tenthredinidae","Ametastegia","Ametastegia glabrata"
"24","ncbi","Ametastegia glabrata","Metazoa","Arthropoda","Insecta","Hymenoptera","Tenthredinidae","Ametastegia","Ametastegia glabrata"
"25","itis","Anacharitinae",NA,NA,NA,NA,NA,NA,NA
"26","ncbi","Anacharitinae","Metazoa","Arthropoda","Insecta","Hymenoptera","Figitidae",NA,NA
"27","itis","Ancistrocerus",NA,NA,NA,NA,NA,NA,NA
"28","ncbi","Ancistrocerus","Metazoa","Arthropoda","Insecta","Hymenoptera","Vespidae","Ancistrocerus",NA
"29","itis","Andrena","Animalia","Arthropoda","Insecta","Hymenoptera","Andrenidae","Andrena",NA
"30","ncbi","Andrena",NA,NA,NA,NA,NA,NA,NA
"31","itis","Andrenidae","Animalia","Arthropoda","Insecta","Hymenoptera","Andrenidae",NA,NA
"32","ncbi","Andrenidae","Metazoa","Arthropoda","Insecta","Hymenoptera","Andrenidae",NA,NA
"33","itis","Anogcodes",NA,NA,NA,NA,NA,NA,NA
"34","ncbi","Anogcodes","Metazoa","Arthropoda","Insecta","Coleoptera","Oedemeridae","Anogcodes",NA
"35","itis","Anthaxia","Animalia","Arthropoda","Insecta","Coleoptera","Buprestidae","Anthaxia",NA
"36","ncbi","Anthaxia","Metazoa","Arthropoda","Insecta","Coleoptera","Buprestidae","Anthaxia",NA
"37","itis","Anthaxia cyanescens",NA,NA,NA,NA,NA,NA,NA
"38","ncbi","Anthaxia cyanescens",NA,NA,NA,NA,NA,NA,NA
"39","itis","Anthaxia hungarica",NA,NA,NA,NA,NA,NA,NA
"40","ncbi","Anthaxia hungarica","Metazoa","Arthropoda","Insecta","Coleoptera","Buprestidae","Anthaxia","Anthaxia hungarica"
"41","itis","Anthaxia manca",NA,NA,NA,NA,NA,NA,NA
"42","ncbi","Anthaxia manca","Metazoa","Arthropoda","Insecta","Coleoptera","Buprestidae","Anthaxia","Anthaxia manca"
"43","itis","Anthaxia nigritula",NA,NA,NA,NA,NA,NA,NA
"44","ncbi","Anthaxia nigritula",NA,NA,NA,NA,NA,NA,NA
"45","itis","Anthomalachius spinosus",NA,NA,NA,NA,NA,NA,NA
"46","ncbi","Anthomalachius spinosus",NA,NA,NA,NA,NA,NA,NA
"47","itis","Anthophila",NA,NA,NA,NA,NA,NA,NA
"48","ncbi","Anthophila",NA,NA,NA,NA,NA,NA,NA
"49","itis","Anthrenus","Animalia","Arthropoda","Insecta","Coleoptera","Dermestidae","Anthrenus",NA
"50","ncbi","Anthrenus","Metazoa","Arthropoda","Insecta","Coleoptera","Dermestidae","Anthrenus",NA
"51","itis","Aphanogmus","Animalia","Arthropoda","Insecta","Hymenoptera","Ceraphronidae","Aphanogmus",NA
"52","ncbi","Aphanogmus","Metazoa","Arthropoda","Insecta","Hymenoptera","Ceraphronidae","Aphanogmus",NA
"53","itis","Aphelinus","Animalia","Arthropoda","Insecta","Hymenoptera","Aphelinidae","Aphelinus",NA
"54","ncbi","Aphelinus","Metazoa","Arthropoda","Insecta","Hymenoptera","Aphelinidae","Aphelinus",NA
"55","itis","Aphididae","Animalia","Arthropoda","Insecta","Hemiptera","Aphididae",NA,NA
"56","ncbi","Aphididae","Metazoa","Arthropoda","Insecta","Hemiptera","Aphididae",NA,NA
"57","itis","Aphidiinae","Animalia","Arthropoda","Insecta","Hymenoptera","Braconidae",NA,NA
"58","ncbi","Aphidiinae","Metazoa","Arthropoda","Insecta","Hymenoptera","Braconidae",NA,NA
"59","itis","Apion","Animalia","Arthropoda","Insecta","Coleoptera","Apionidae","Apion",NA
"60","ncbi","Apion","Metazoa","Arthropoda","Insecta","Coleoptera","Apionidae","Apion",NA
"61","itis","Apis mellifera","Animalia","Arthropoda","Insecta","Hymenoptera","Apidae","Apis","Apis mellifera"
"62","ncbi","Apis mellifera","Metazoa","Arthropoda","Insecta","Hymenoptera","Apidae","Apis","Apis mellifera"
"63","itis","Apocrita","Animalia","Arthropoda","Insecta","Hymenoptera",NA,NA,NA
"64","ncbi","Apocrita","Metazoa","Arthropoda","Insecta","Hymenoptera",NA,NA,NA
"65","itis","Apoidea","Animalia","Arthropoda","Insecta","Hymenoptera",NA,NA,NA
"66","ncbi","Apoidea","Metazoa","Arthropoda","Insecta","Hymenoptera",NA,NA,NA
"67","itis","Araneae","Animalia","Arthropoda","Euchelicerata","Araneae",NA,NA,NA
"68","ncbi","Araneae","Metazoa","Arthropoda","Arachnida","Araneae",NA,NA,NA
"69","itis","Araneidae","Animalia","Arthropoda","Euchelicerata","Araneae","Araneidae",NA,NA
"70","ncbi","Araneidae","Metazoa","Arthropoda","Arachnida","Araneae","Araneidae",NA,NA
"71","itis","Araneomorphae",NA,NA,NA,NA,NA,NA,NA
"72","ncbi","Araneomorphae","Metazoa","Arthropoda","Arachnida","Araneae",NA,NA,NA
"73","itis","Arenocoris waltlii","Animalia","Arthropoda","Insecta","Hemiptera","Coreidae","Arenocoris","Arenocoris waltlii"
"74","ncbi","Arenocoris waltlii","Metazoa","Arthropoda","Insecta","Hemiptera","Coreidae","Arenocoris","Arenocoris waltlii"
"75","itis","Asaphes",NA,NA,NA,NA,NA,NA,NA
"76","ncbi","Asaphes","Metazoa","Arthropoda","Insecta","Hymenoptera","Pteromalidae","Asaphes",NA
"77","itis","Athalia",NA,NA,NA,NA,NA,NA,NA
"78","ncbi","Athalia","Metazoa","Arthropoda","Insecta","Hymenoptera","Athaliidae","Athalia",NA
"79","itis","Athalia bicolor",NA,NA,NA,NA,NA,NA,NA
"80","ncbi","Athalia bicolor","Metazoa","Arthropoda","Insecta","Hymenoptera","Athaliidae","Athalia","Athalia bicolor"
"81","itis","Atomaria","Animalia","Arthropoda","Insecta","Coleoptera","Cryptophagidae","Atomaria",NA
"82","ncbi","Atomaria","Metazoa","Arthropoda","Insecta","Coleoptera","Cryptophagidae","Atomaria",NA
"83","itis","Aulacobaris",NA,NA,NA,NA,NA,NA,NA
"84","ncbi","Aulacobaris","Metazoa","Arthropoda","Insecta","Coleoptera","Curculionidae","Aulacobaris",NA
"85","itis","Auplopus carbonarius",NA,NA,NA,NA,NA,NA,NA
"86","ncbi","Auplopus carbonarius","Metazoa","Arthropoda","Insecta","Hymenoptera","Pompilidae","Auplopus","Auplopus carbonarius"
"87","itis","Basalys",NA,NA,NA,NA,NA,NA,NA
"88","ncbi","Basalys","Metazoa","Arthropoda","Insecta","Hymenoptera","Diapriidae","Basalys",NA
"89","itis","Belyta",NA,NA,NA,NA,NA,NA,NA
"90","ncbi","Belyta","Metazoa","Arthropoda","Insecta","Hymenoptera","Diapriidae","Belyta",NA
"91","itis","Belytinae",NA,NA,NA,NA,NA,NA,NA
"92","ncbi","Belytinae","Metazoa","Arthropoda","Insecta","Hymenoptera","Diapriidae",NA,NA
"93","itis","Bethylidae","Animalia","Arthropoda","Insecta","Hymenoptera","Bethylidae",NA,NA
"94","ncbi","Bethylidae","Metazoa","Arthropoda","Insecta","Hymenoptera","Bethylidae",NA,NA
"95","itis","Blennocampinae",NA,NA,NA,NA,NA,NA,NA
"96","ncbi","Blennocampinae","Metazoa","Arthropoda","Insecta","Hymenoptera","Tenthredinidae",NA,NA
"97","itis","Bombus pascuorum","Animalia","Arthropoda","Insecta","Hymenoptera","Apidae","Bombus","Bombus pascuorum"
"98","ncbi","Bombus pascuorum","Metazoa","Arthropoda","Insecta","Hymenoptera","Apidae","Bombus","Bombus pascuorum"
"99","itis","Brachinus","Animalia","Arthropoda","Insecta","Coleoptera","Carabidae","Brachinus",NA
"100","ncbi","Brachinus","Metazoa","Arthropoda","Insecta","Coleoptera","Carabidae","Brachinus",NA
"101","itis","Braconidae","Animalia","Arthropoda","Insecta","Hymenoptera","Braconidae",NA,NA
"102","ncbi","Braconidae","Metazoa","Arthropoda","Insecta","Hymenoptera","Braconidae",NA,NA
"103","itis","Bruchinae","Animalia","Arthropoda","Insecta","Coleoptera","Chrysomelidae",NA,NA
"104","ncbi","Bruchinae","Metazoa","Arthropoda","Insecta","Coleoptera","Chrysomelidae",NA,NA
"105","itis","Buprestidae","Animalia","Arthropoda","Insecta","Coleoptera","Buprestidae",NA,NA
"106","ncbi","Buprestidae","Metazoa","Arthropoda","Insecta","Coleoptera","Buprestidae",NA,NA
"107","itis","Calameuta",NA,NA,NA,NA,NA,NA,NA
"108","ncbi","Calameuta","Metazoa","Arthropoda","Insecta","Hymenoptera","Cephidae","Calameuta",NA
"109","itis","Carcharodina",NA,NA,NA,NA,NA,NA,NA
"110","ncbi","Carcharodina",NA,NA,NA,NA,NA,NA,NA
"111","itis","Carcharodus alceae",NA,NA,NA,NA,NA,NA,NA
"112","ncbi","Carcharodus alceae","Metazoa","Arthropoda","Insecta","Lepidoptera","Hesperiidae","Carcharodus","Carcharodus alceae"
"113","itis","Carpocoris mediterraneus atlanticus",NA,NA,NA,NA,NA,NA,NA
"114","ncbi","Carpocoris mediterraneus atlanticus","Metazoa","Arthropoda","Insecta","Hemiptera","Pentatomidae","Carpocoris","Carpocoris mediterraneus"
"115","itis","Carpophilus","Animalia","Arthropoda","Insecta","Coleoptera","Nitidulidae","Carpophilus",NA
"116","ncbi","Carpophilus","Metazoa","Arthropoda","Insecta","Coleoptera","Nitidulidae","Carpophilus",NA
"117","itis","Cephus","Animalia","Arthropoda","Insecta","Hymenoptera","Cephidae","Cephus",NA
"118","ncbi","Cephus","Metazoa","Arthropoda","Insecta","Hymenoptera","Cephidae","Cephus",NA
"119","itis","Cephus pygmeus",NA,NA,NA,NA,NA,NA,NA
"120","ncbi","Cephus pygmeus","Metazoa","Arthropoda","Insecta","Hymenoptera","Cephidae","Cephus","Cephus pygmeus"
"121","itis","Ceraphronidae","Animalia","Arthropoda","Insecta","Hymenoptera","Ceraphronidae",NA,NA
"122","ncbi","Ceraphronidae","Metazoa","Arthropoda","Insecta","Hymenoptera","Ceraphronidae",NA,NA
"123","itis","Ceraphronoidea","Animalia","Arthropoda","Insecta","Hymenoptera",NA,NA,NA
"124","ncbi","Ceraphronoidea","Metazoa","Arthropoda","Insecta","Hymenoptera",NA,NA,NA
"125","itis","Ceutorhynchinae",NA,NA,NA,NA,NA,NA,NA
"126","ncbi","Ceutorhynchinae","Metazoa","Arthropoda","Insecta","Coleoptera","Curculionidae",NA,NA
"127","itis","Ceutorhynchini",NA,NA,NA,NA,NA,NA,NA
"128","ncbi","Ceutorhynchini","Metazoa","Arthropoda","Insecta","Coleoptera","Curculionidae",NA,NA
"129","itis","Ceutorhynchus","Animalia","Arthropoda","Insecta","Coleoptera","Curculionidae","Ceutorhynchus",NA
"130","ncbi","Ceutorhynchus","Metazoa","Arthropoda","Insecta","Coleoptera","Curculionidae","Ceutorhynchus",NA
"131","itis","Ceutorhynchus pallidactylus",NA,NA,NA,NA,NA,NA,NA
"132","ncbi","Ceutorhynchus pallidactylus","Metazoa","Arthropoda","Insecta","Coleoptera","Curculionidae","Ceutorhynchus","Ceutorhynchus pallidactylus"
"133","itis","Chaetocnema","Animalia","Arthropoda","Insecta","Coleoptera","Chrysomelidae","Chaetocnema",NA
"134","ncbi","Chaetocnema","Metazoa","Arthropoda","Insecta","Coleoptera","Chrysomelidae","Chaetocnema",NA
"135","itis","Chalcidoidea","Animalia","Arthropoda","Insecta","Hymenoptera",NA,NA,NA
"136","ncbi","Chalcidoidea","Metazoa","Arthropoda","Insecta","Hymenoptera",NA,NA,NA
"137","itis","Charipinae",NA,NA,NA,NA,NA,NA,NA
"138","ncbi","Charipinae","Metazoa","Arthropoda","Insecta","Hymenoptera","Figitidae",NA,NA
"139","itis","Chrysididae","Animalia","Arthropoda","Insecta","Hymenoptera","Chrysididae",NA,NA
"140","ncbi","Chrysididae","Metazoa","Arthropoda","Insecta","Hymenoptera","Chrysididae",NA,NA
"141","itis","Chrysotoxum","Animalia","Arthropoda","Insecta","Diptera","Syrphidae","Chrysotoxum",NA
"142","ncbi","Chrysotoxum","Metazoa","Arthropoda","Insecta","Diptera","Syrphidae","Chrysotoxum",NA
"143","itis","Chrysura",NA,NA,NA,NA,NA,NA,NA
"144","ncbi","Chrysura","Metazoa","Arthropoda","Insecta","Hymenoptera","Chrysididae","Chrysura",NA
"145","itis","Chrysura refulgens",NA,NA,NA,NA,NA,NA,NA
"146","ncbi","Chrysura refulgens","Metazoa","Arthropoda","Insecta","Hymenoptera","Chrysididae","Chrysura","Chrysura refulgens"
"147","itis","Cicadellidae","Animalia","Arthropoda","Insecta","Hemiptera","Cicadellidae",NA,NA
"148","ncbi","Cicadellidae","Metazoa","Arthropoda","Insecta","Hemiptera","Cicadellidae",NA,NA
"149","itis","Cirrospilini",NA,NA,NA,NA,NA,NA,NA
"150","ncbi","Cirrospilini",NA,NA,NA,NA,NA,NA,NA
"151","itis","Cladius","Animalia","Arthropoda","Insecta","Hymenoptera","Tenthredinidae","Cladius",NA
"152","ncbi","Cladius","Metazoa","Arthropoda","Insecta","Hymenoptera","Tenthredinidae","Cladius",NA
"153","itis","Closterotomus",NA,NA,NA,NA,NA,NA,NA
"154","ncbi","Closterotomus","Metazoa","Arthropoda","Insecta","Hemiptera","Miridae","Closterotomus",NA
"155","itis","Coccinella septempunctata","Animalia","Arthropoda","Insecta","Coleoptera","Coccinellidae","Coccinella","Coccinella septempunctata"
"156","ncbi","Coccinella septempunctata","Metazoa","Arthropoda","Insecta","Coleoptera","Coccinellidae","Coccinella","Coccinella septempunctata"
"157","itis","Coccinellidae","Animalia","Arthropoda","Insecta","Coleoptera","Coccinellidae",NA,NA
"158","ncbi","Coccinellidae","Metazoa","Arthropoda","Insecta","Coleoptera","Coccinellidae",NA,NA
"159","itis","Coleoptera","Animalia","Arthropoda","Insecta","Coleoptera",NA,NA,NA
"160","ncbi","Coleoptera","Metazoa","Arthropoda","Insecta","Coleoptera",NA,NA,NA
"161","itis","Colletidae","Animalia","Arthropoda","Insecta","Hymenoptera","Colletidae",NA,NA
"162","ncbi","Colletidae","Metazoa","Arthropoda","Insecta","Hymenoptera","Colletidae",NA,NA
"163","itis","Conostigmus","Animalia","Arthropoda","Insecta","Hymenoptera","Megaspilidae","Conostigmus",NA
"164","ncbi","Conostigmus","Metazoa","Arthropoda","Insecta","Hymenoptera","Megaspilidae","Conostigmus",NA
"165","itis","Coranus","Animalia","Arthropoda","Insecta","Hemiptera","Reduviidae","Coranus",NA
"166","ncbi","Coranus","Metazoa","Arthropoda","Insecta","Hemiptera","Reduviidae","Coranus",NA
"167","itis","Cordicomus instabilis",NA,NA,NA,NA,NA,NA,NA
"168","ncbi","Cordicomus instabilis",NA,NA,NA,NA,NA,NA,NA
"169","itis","Corticariinae","Animalia","Arthropoda","Insecta","Coleoptera","Latridiidae",NA,NA
"170","ncbi","Corticariinae",NA,NA,NA,NA,NA,NA,NA
"171","itis","Cryptocephalus rugicollis",NA,NA,NA,NA,NA,NA,NA
"172","ncbi","Cryptocephalus rugicollis","Metazoa","Arthropoda","Insecta","Coleoptera","Chrysomelidae","Cryptocephalus","Cryptocephalus rugicollis"
"173","itis","Cryptophagidae","Animalia","Arthropoda","Insecta","Coleoptera","Cryptophagidae",NA,NA
"174","ncbi","Cryptophagidae","Metazoa","Arthropoda","Insecta","Coleoptera","Cryptophagidae",NA,NA
"175","itis","Curculionoidea","Animalia","Arthropoda","Insecta","Coleoptera",NA,NA,NA
"176","ncbi","Curculionoidea","Metazoa","Arthropoda","Insecta","Coleoptera",NA,NA,NA
"177","itis","Cynipoidea","Animalia","Arthropoda","Insecta","Hymenoptera",NA,NA,NA
"178","ncbi","Cynipoidea","Metazoa","Arthropoda","Insecta","Hymenoptera",NA,NA,NA
"179","itis","Cyrtogaster","Animalia","Chordata","Teleostei","Characiformes","Characidae","Bryconops","Bryconops cyrtogaster"
"180","ncbi","Cyrtogaster","Metazoa","Arthropoda","Insecta","Hymenoptera","Pteromalidae","Cyrtogaster",NA
"181","itis","Cyrtogaster vulgaris",NA,NA,NA,NA,NA,NA,NA
"182","ncbi","Cyrtogaster vulgaris","Metazoa","Arthropoda","Insecta","Hymenoptera","Pteromalidae","Cyrtogaster","Cyrtogaster vulgaris"
"183","itis","Dacnusini",NA,NA,NA,NA,NA,NA,NA
"184","ncbi","Dacnusini",NA,NA,NA,NA,NA,NA,NA
"185","itis","Dasytes terminalis",NA,NA,NA,NA,NA,NA,NA
"186","ncbi","Dasytes terminalis","Metazoa","Arthropoda","Insecta","Coleoptera","Melyridae","Dasytes","Dasytes terminalis"
"187","itis","Dasytini",NA,NA,NA,NA,NA,NA,NA
"188","ncbi","Dasytini",NA,NA,NA,NA,NA,NA,NA
"189","itis","Delphacini","Animalia","Arthropoda","Insecta","Hemiptera","Delphacidae",NA,NA
"190","ncbi","Delphacini",NA,NA,NA,NA,NA,NA,NA
"191","itis","Deltocephalinae",NA,NA,NA,NA,NA,NA,NA
"192","ncbi","Deltocephalinae","Metazoa","Arthropoda","Insecta","Hemiptera","Cicadellidae",NA,NA
"193","itis","Deraeocoris","Animalia","Arthropoda","Insecta","Hemiptera","Miridae","Deraeocoris",NA
"194","ncbi","Deraeocoris","Metazoa","Arthropoda","Insecta","Hemiptera","Miridae","Deraeocoris",NA
"195","itis","Dermestes laniarius",NA,NA,NA,NA,NA,NA,NA
"196","ncbi","Dermestes laniarius","Metazoa","Arthropoda","Insecta","Coleoptera","Dermestidae","Dermestes","Dermestes laniarius"
"197","itis","Diapriinae",NA,NA,NA,NA,NA,NA,NA
"198","ncbi","Diapriinae","Metazoa","Arthropoda","Insecta","Hymenoptera","Diapriidae",NA,NA
"199","itis","Diglyphus",NA,NA,NA,NA,NA,NA,NA
"200","ncbi","Diglyphus","Metazoa","Arthropoda","Insecta","Hymenoptera","Eulophidae","Diglyphus",NA
"201","itis","Diglyphus isaea",NA,NA,NA,NA,NA,NA,NA
"202","ncbi","Diglyphus isaea","Metazoa","Arthropoda","Insecta","Hymenoptera","Eulophidae","Diglyphus","Diglyphus isaea"
"203","itis","Diplazon",NA,NA,NA,NA,NA,NA,NA
"204","ncbi","Diplazon","Metazoa","Arthropoda","Insecta","Hymenoptera","Ichneumonidae","Diplazon",NA
"205","itis","Dipogon variegatus",NA,NA,NA,NA,NA,NA,NA
"206","ncbi","Dipogon variegatus",NA,NA,NA,NA,NA,NA,NA
"207","itis","Diptera","Animalia","Arthropoda","Insecta","Diptera",NA,NA,NA
"208","ncbi","Diptera","Metazoa","Arthropoda","Insecta","Diptera",NA,NA,NA
"209","itis","Dolerus gonager",NA,NA,NA,NA,NA,NA,NA
"210","ncbi","Dolerus gonager","Metazoa","Arthropoda","Insecta","Hymenoptera","Tenthredinidae","Dolerus","Dolerus gonager"
"211","itis","Dolichosoma lineare",NA,NA,NA,NA,NA,NA,NA
"212","ncbi","Dolichosoma lineare","Metazoa","Arthropoda","Insecta","Coleoptera","Melyridae","Dolichosoma","Dolichosoma lineare"
"213","itis","Elateridae","Animalia","Arthropoda","Insecta","Coleoptera","Elateridae",NA,NA
"214","ncbi","Elateridae","Metazoa","Arthropoda","Insecta","Coleoptera","Elateridae",NA,NA
"215","itis","Encyrtidae","Animalia","Arthropoda","Insecta","Hymenoptera","Encyrtidae",NA,NA
"216","ncbi","Encyrtidae","Metazoa","Arthropoda","Insecta","Hymenoptera","Encyrtidae",NA,NA
"217","itis","Endomia",NA,NA,NA,NA,NA,NA,NA
"218","ncbi","Endomia",NA,NA,NA,NA,NA,NA,NA
"219","itis","Epimeces",NA,NA,NA,NA,NA,NA,NA
"220","ncbi","Epimeces",NA,NA,NA,NA,NA,NA,NA
"221","itis","Episyrphus balteatus",NA,NA,NA,NA,NA,NA,NA
"222","ncbi","Episyrphus balteatus","Metazoa","Arthropoda","Insecta","Diptera","Syrphidae","Episyrphus","Episyrphus balteatus"
"223","itis","Eristalis","Animalia","Arthropoda","Insecta","Diptera","Syrphidae","Eristalis",NA
"224","ncbi","Eristalis","Metazoa","Arthropoda","Insecta","Diptera","Syrphidae","Eristalis",NA
"225","itis","Eucera","Animalia","Arthropoda","Insecta","Hymenoptera","Apidae","Eucera",NA
"226","ncbi","Eucera",NA,NA,NA,NA,NA,NA,NA
"227","itis","Eucerini","Animalia","Arthropoda","Insecta","Hymenoptera","Apidae",NA,NA
"228","ncbi","Eucerini","Metazoa","Arthropoda","Insecta","Hymenoptera","Apidae",NA,NA
"229","itis","Eucoilinae",NA,NA,NA,NA,NA,NA,NA
"230","ncbi","Eucoilinae","Metazoa","Arthropoda","Insecta","Hymenoptera","Figitidae",NA,NA
"231","itis","Eulophinae",NA,NA,NA,NA,NA,NA,NA
"232","ncbi","Eulophinae","Metazoa","Arthropoda","Insecta","Hymenoptera","Eulophidae",NA,NA
"233","itis","Eumeninae",NA,NA,NA,NA,NA,NA,NA
"234","ncbi","Eumeninae","Metazoa","Arthropoda","Insecta","Hymenoptera","Vespidae",NA,NA
"235","itis","Euophrys herbigrada","Animalia","Arthropoda","Euchelicerata","Araneae","Salticidae","Euophrys","Euophrys herbigrada"
"236","ncbi","Euophrys herbigrada","Metazoa","Arthropoda","Arachnida","Araneae","Salticidae","Euophrys","Euophrys herbigrada"
"237","itis","Eupelmidae","Animalia","Arthropoda","Insecta","Hymenoptera","Eupelmidae",NA,NA
"238","ncbi","Eupelmidae","Metazoa","Arthropoda","Insecta","Hymenoptera","Eupelmidae",NA,NA
"239","itis","Eurytoma","Animalia","Arthropoda","Insecta","Hymenoptera","Eurytomidae","Eurytoma",NA
"240","ncbi","Eurytoma","Metazoa","Arthropoda","Insecta","Hymenoptera","Eurytomidae","Eurytoma",NA
"241","itis","Eurytomidae","Animalia","Arthropoda","Insecta","Hymenoptera","Eurytomidae",NA,NA
"242","ncbi","Eurytomidae","Metazoa","Arthropoda","Insecta","Hymenoptera","Eurytomidae",NA,NA
"243","itis","Evagetes",NA,NA,NA,NA,NA,NA,NA
"244","ncbi","Evagetes","Metazoa","Arthropoda","Insecta","Hymenoptera","Pompilidae","Evagetes",NA
"245","itis","Eysarcoris ventralis","Animalia","Arthropoda","Insecta","Hemiptera","Pentatomidae","Eysarcoris","Eysarcoris ventralis"
"246","ncbi","Eysarcoris ventralis","Metazoa","Arthropoda","Insecta","Hemiptera","Pentatomidae","Eysarcoris","Eysarcoris ventralis"
"247","itis","Fenella","Animalia","Arthropoda","Insecta","Neuroptera","Mantispidae","Trichoscelia","Trichoscelia fenella"
"248","ncbi","Fenella","Metazoa","Arthropoda","Insecta","Hymenoptera","Tenthredinidae","Fenella",NA
"249","itis","Fenusini",NA,NA,NA,NA,NA,NA,NA
"250","ncbi","Fenusini",NA,NA,NA,NA,NA,NA,NA
"251","itis","Figitidae","Animalia","Arthropoda","Insecta","Hymenoptera","Figitidae",NA,NA
"252","ncbi","Figitidae","Metazoa","Arthropoda","Insecta","Hymenoptera","Figitidae",NA,NA
"253","itis","Gastrophysa polygoni","Animalia","Arthropoda","Insecta","Coleoptera","Chrysomelidae","Gastrophysa","Gastrophysa polygoni"
"254","ncbi","Gastrophysa polygoni","Metazoa","Arthropoda","Insecta","Coleoptera","Chrysomelidae","Gastrophysa","Gastrophysa polygoni"
"255","itis","Gracillariidae","Animalia","Arthropoda","Insecta","Lepidoptera","Gracillariidae",NA,NA
"256","ncbi","Gracillariidae","Metazoa","Arthropoda","Insecta","Lepidoptera","Gracillariidae",NA,NA
"257","itis","Grylloidea","Animalia","Arthropoda","Insecta","Orthoptera",NA,NA,NA
"258","ncbi","Grylloidea","Metazoa","Arthropoda","Insecta","Orthoptera",NA,NA,NA
"259","itis","Halictidae","Animalia","Arthropoda","Insecta","Hymenoptera","Halictidae",NA,NA
"260","ncbi","Halictidae","Metazoa","Arthropoda","Insecta","Hymenoptera","Halictidae",NA,NA
"261","itis","Haltichellini",NA,NA,NA,NA,NA,NA,NA
"262","ncbi","Haltichellini",NA,NA,NA,NA,NA,NA,NA
"263","itis","Halticini","Animalia","Arthropoda","Insecta","Hemiptera","Miridae",NA,NA
"264","ncbi","Halticini","Metazoa","Arthropoda","Insecta","Hemiptera","Miridae",NA,NA
"265","itis","Harmonia axyridis","Animalia","Arthropoda","Insecta","Coleoptera","Coccinellidae","Harmonia","Harmonia axyridis"
"266","ncbi","Harmonia axyridis","Metazoa","Arthropoda","Insecta","Coleoptera","Coccinellidae","Harmonia","Harmonia axyridis"
"267","itis","Harpalus","Animalia","Arthropoda","Insecta","Coleoptera","Carabidae","Harpalus",NA
"268","ncbi","Harpalus","Metazoa","Arthropoda","Insecta","Coleoptera","Carabidae","Harpalus",NA
"269","itis","Helicoverpa armigera",NA,NA,NA,NA,NA,NA,NA
"270","ncbi","Helicoverpa armigera","Metazoa","Arthropoda","Insecta","Lepidoptera","Noctuidae","Helicoverpa","Helicoverpa armigera"
"271","itis","Heliophanus","Animalia","Arthropoda","Euchelicerata","Araneae","Salticidae","Heliophanus",NA
"272","ncbi","Heliophanus","Metazoa","Arthropoda","Arachnida","Araneae","Salticidae","Heliophanus",NA
"273","itis","Hemiptera","Animalia","Arthropoda","Insecta","Hemiptera",NA,NA,NA
"274","ncbi","Hemiptera","Metazoa","Arthropoda","Insecta","Hemiptera",NA,NA,NA
"275","itis","Hesperiidae","Animalia","Arthropoda","Insecta","Lepidoptera","Hesperiidae",NA,NA
"276","ncbi","Hesperiidae","Metazoa","Arthropoda","Insecta","Lepidoptera","Hesperiidae",NA,NA
"277","itis","Heteroptera","Animalia","Arthropoda","Insecta","Hemiptera",NA,NA,NA
"278","ncbi","Heteroptera","Metazoa","Arthropoda","Insecta","Hemiptera",NA,NA,NA
"279","itis","Hippodamia variegata","Animalia","Arthropoda","Insecta","Coleoptera","Coccinellidae","Hippodamia","Hippodamia variegata"
"280","ncbi","Hippodamia variegata","Metazoa","Arthropoda","Insecta","Coleoptera","Coccinellidae","Hippodamia","Hippodamia variegata"
"281","itis","Hister quadrimaculatus","Animalia","Arthropoda","Insecta","Coleoptera","Histeridae","Hister","Hister quadrimaculatus"
"282","ncbi","Hister quadrimaculatus","Metazoa","Arthropoda","Insecta","Coleoptera","Histeridae","Hister","Hister quadrimaculatus"
"283","itis","Hister unicolor","Animalia","Arthropoda","Insecta","Coleoptera","Histeridae","Hister","Hister unicolor"
"284","ncbi","Hister unicolor","Metazoa","Arthropoda","Insecta","Coleoptera","Histeridae","Hister","Hister unicolor"
"285","itis","Hylaeus","Animalia","Arthropoda","Insecta","Hymenoptera","Colletidae","Hylaeus",NA
"286","ncbi","Hylaeus",NA,NA,NA,NA,NA,NA,NA
"287","itis","Hymenoptera","Animalia","Arthropoda","Insecta","Hymenoptera",NA,NA,NA
"288","ncbi","Hymenoptera","Metazoa","Arthropoda","Insecta","Hymenoptera",NA,NA,NA
"289","itis","Ichneumonidae","Animalia","Arthropoda","Insecta","Hymenoptera","Ichneumonidae",NA,NA
"290","ncbi","Ichneumonidae","Metazoa","Arthropoda","Insecta","Hymenoptera","Ichneumonidae",NA,NA
"291","itis","Ichneumonoidea","Animalia","Arthropoda","Insecta","Hymenoptera",NA,NA,NA
"292","ncbi","Ichneumonoidea","Metazoa","Arthropoda","Insecta","Hymenoptera",NA,NA,NA
"293","itis","Kleidotoma",NA,NA,NA,NA,NA,NA,NA
"294","ncbi","Kleidotoma","Metazoa","Arthropoda","Insecta","Hymenoptera","Figitidae","Kleidotoma",NA
"295","itis","Lasioglossum","Animalia","Arthropoda","Insecta","Hymenoptera","Halictidae","Lasioglossum",NA
"296","ncbi","Lasioglossum",NA,NA,NA,NA,NA,NA,NA
"297","itis","Lepidoptera","Animalia","Arthropoda","Insecta","Lepidoptera",NA,NA,NA
"298","ncbi","Lepidoptera","Metazoa","Arthropoda","Insecta","Lepidoptera",NA,NA,NA
"299","itis","Linyphiidae","Animalia","Arthropoda","Euchelicerata","Araneae","Linyphiidae",NA,NA
"300","ncbi","Linyphiidae","Metazoa","Arthropoda","Arachnida","Araneae","Linyphiidae",NA,NA
"301","itis","Lixini",NA,NA,NA,NA,NA,NA,"Cobubatha lixinites"
"302","ncbi","Lixini","Metazoa","Arthropoda","Insecta","Coleoptera","Curculionidae",NA,NA
"303","itis","Lygaeosoma sardeum",NA,NA,NA,NA,NA,NA,NA
"304","ncbi","Lygaeosoma sardeum","Metazoa","Arthropoda","Insecta","Hemiptera","Lygaeidae","Lygaeosoma","Lygaeosoma sardeum"
"305","itis","Lygaeus equestris","Animalia","Arthropoda","Insecta","Hemiptera","Lygaeidae","Lygaeus","Lygaeus equestris"
"306","ncbi","Lygaeus equestris","Metazoa","Arthropoda","Insecta","Hemiptera","Lygaeidae","Lygaeus","Lygaeus equestris"
"307","itis","Macrophya montana",NA,NA,NA,NA,NA,NA,NA
"308","ncbi","Macrophya montana","Metazoa","Arthropoda","Insecta","Hymenoptera","Tenthredinidae","Macrophya","Macrophya montana"
"309","itis","Macrosaccus robiniella",NA,NA,NA,NA,NA,NA,NA
"310","ncbi","Macrosaccus robiniella","Metazoa","Arthropoda","Insecta","Lepidoptera","Gracillariidae","Macrosaccus","Macrosaccus robiniella"
"311","itis","Mecinus pyraster","Animalia","Arthropoda","Insecta","Coleoptera","Curculionidae","Mecinus","Mecinus pyraster"
"312","ncbi","Mecinus pyraster","Metazoa","Arthropoda","Insecta","Coleoptera","Curculionidae","Mecinus","Mecinus pyraster"
"313","itis","Megachilinae","Animalia","Arthropoda","Insecta","Hymenoptera","Megachilidae",NA,NA
"314","ncbi","Megachilinae","Metazoa","Arthropoda","Insecta","Hymenoptera","Megachilidae",NA,NA
"315","itis","Megaspilinae","Animalia","Arthropoda","Insecta","Hymenoptera","Megaspilidae",NA,NA
"316","ncbi","Megaspilinae",NA,NA,NA,NA,NA,NA,NA
"317","itis","Melanophthalma",NA,NA,NA,NA,NA,NA,NA
"318","ncbi","Melanophthalma","Metazoa","Arthropoda","Insecta","Coleoptera","Latridiidae","Melanophthalma",NA
"319","itis","Meligethinae","Animalia","Arthropoda","Insecta","Coleoptera","Nitidulidae",NA,NA
"320","ncbi","Meligethinae","Metazoa","Arthropoda","Insecta","Coleoptera","Nitidulidae",NA,NA
"321","itis","Meraporus graminicola",NA,NA,NA,NA,NA,NA,NA
"322","ncbi","Meraporus graminicola","Metazoa","Arthropoda","Insecta","Hymenoptera","Pteromalidae","Meraporus","Meraporus graminicola"
"323","itis","Metaphycus",NA,NA,NA,NA,NA,NA,NA
"324","ncbi","Metaphycus","Metazoa","Arthropoda","Insecta","Hymenoptera","Encyrtidae","Metaphycus",NA
"325","itis","Microlestes","Animalia","Arthropoda","Insecta","Coleoptera","Carabidae","Microlestes",NA
"326","ncbi","Microlestes","Metazoa","Arthropoda","Insecta","Coleoptera","Carabidae","Microlestes",NA
"327","itis","Mordellidae","Animalia","Arthropoda","Insecta","Coleoptera","Mordellidae",NA,NA
"328","ncbi","Mordellidae","Metazoa","Arthropoda","Insecta","Coleoptera","Mordellidae",NA,NA
"329","itis","Mymar",NA,NA,NA,NA,NA,NA,NA
"330","ncbi","Mymar","Metazoa","Arthropoda","Insecta","Hymenoptera","Mymaridae","Mymar",NA
"331","itis","Mymaridae","Animalia","Arthropoda","Insecta","Hymenoptera","Mymaridae",NA,NA
"332","ncbi","Mymaridae","Metazoa","Arthropoda","Insecta","Hymenoptera","Mymaridae",NA,NA
"333","itis","Noctuoidea","Animalia","Arthropoda","Insecta","Lepidoptera",NA,NA,NA
"334","ncbi","Noctuoidea","Metazoa","Arthropoda","Insecta","Lepidoptera",NA,NA,NA
"335","itis","Nomada","Animalia","Arthropoda","Insecta","Hymenoptera","Apidae","Nomada",NA
"336","ncbi","Nomada","Metazoa","Arthropoda","Insecta","Hymenoptera","Apidae","Nomada",NA
"337","itis","Nomada agrestis","Animalia","Arthropoda","Insecta","Hymenoptera","Apidae","Nomada","Nomada agrestis"
"338","ncbi","Nomada agrestis","Metazoa","Arthropoda","Insecta","Hymenoptera","Apidae","Nomada","Nomada agrestis"
"339","itis","Nurscia","Animalia","Arthropoda","Euchelicerata","Araneae","Titanoecidae","Nurscia",NA
"340","ncbi","Nurscia","Metazoa","Arthropoda","Arachnida","Araneae","Titanoecidae","Nurscia",NA
"341","itis","Nysius","Animalia","Arthropoda","Insecta","Hemiptera","Lygaeidae","Nysius",NA
"342","ncbi","Nysius","Metazoa","Arthropoda","Insecta","Hemiptera","Lygaeidae","Nysius",NA
"343","itis","Ochetostethus",NA,NA,NA,NA,NA,NA,NA
"344","ncbi","Ochetostethus","Metazoa","Arthropoda","Insecta","Hemiptera","Cydnidae","Ochetostethus",NA
"345","itis","Olibrus",NA,NA,NA,NA,NA,NA,NA
"346","ncbi","Olibrus","Metazoa","Arthropoda","Insecta","Coleoptera","Phalacridae","Olibrus",NA
"347","itis","Onthophagus emarginatus",NA,NA,NA,NA,NA,NA,NA
"348","ncbi","Onthophagus emarginatus",NA,NA,NA,NA,NA,NA,NA
"349","itis","Ophion",NA,NA,NA,NA,NA,NA,NA
"350","ncbi","Ophion","Metazoa","Arthropoda","Insecta","Hymenoptera","Ichneumonidae","Ophion",NA
"351","itis","Orius","Animalia","Arthropoda","Insecta","Hemiptera","Anthocoridae","Orius",NA
"352","ncbi","Orius","Metazoa","Arthropoda","Insecta","Hemiptera","Anthocoridae","Orius",NA
"353","itis","Osmia","Animalia","Arthropoda","Insecta","Hymenoptera","Megachilidae","Osmia",NA
"354","ncbi","Osmia","Metazoa","Arthropoda","Insecta","Hymenoptera","Megachilidae","Osmia",NA
"355","itis","Oulema","Animalia","Arthropoda","Insecta","Coleoptera","Chrysomelidae","Oulema",NA
"356","ncbi","Oulema","Metazoa","Arthropoda","Insecta","Coleoptera","Chrysomelidae","Oulema",NA
"357","itis","Oulema melanopus","Animalia","Arthropoda","Insecta","Coleoptera","Chrysomelidae","Oulema","Oulema melanopus"
"358","ncbi","Oulema melanopus","Metazoa","Arthropoda","Insecta","Coleoptera","Chrysomelidae","Oulema","Oulema melanopus"
"359","itis","Oxybelus","Animalia","Arthropoda","Insecta","Hymenoptera","Crabronidae","Oxybelus",NA
"360","ncbi","Oxybelus","Metazoa","Arthropoda","Insecta","Hymenoptera","Crabronidae","Oxybelus",NA
"361","itis","Oxyopes","Animalia","Arthropoda","Euchelicerata","Araneae","Oxyopidae","Oxyopes",NA
"362","ncbi","Oxyopes","Metazoa","Arthropoda","Arachnida","Araneae","Oxyopidae","Oxyopes",NA
"363","itis","Oxythyrea funesta",NA,NA,NA,NA,NA,NA,NA
"364","ncbi","Oxythyrea funesta","Metazoa","Arthropoda","Insecta","Coleoptera","Scarabaeidae","Oxythyrea","Oxythyrea funesta"
"365","itis","Pachyneuron",NA,NA,NA,NA,NA,NA,NA
"366","ncbi","Pachyneuron","Metazoa","Arthropoda","Insecta","Hymenoptera","Pteromalidae","Pachyneuron",NA
"367","itis","Pantoclis",NA,NA,NA,NA,NA,NA,NA
"368","ncbi","Pantoclis","Metazoa","Arthropoda","Insecta","Hymenoptera","Diapriidae","Pantoclis",NA
"369","itis","Parectopa robiniella",NA,NA,NA,NA,NA,NA,NA
"370","ncbi","Parectopa robiniella","Metazoa","Arthropoda","Insecta","Lepidoptera","Gracillariidae","Parectopa","Parectopa robiniella"
"371","itis","Parmulini","Animalia","Arthropoda","Insecta","Coleoptera","Corylophidae",NA,NA
"372","ncbi","Parmulini",NA,NA,NA,NA,NA,NA,NA
"373","itis","Paromius gracilis","Animalia","Arthropoda","Insecta","Hemiptera","Rhyparochromidae","Paromius","Paromius gracilis"
"374","ncbi","Paromius gracilis",NA,NA,NA,NA,NA,NA,NA
"375","itis","Passaloecus","Animalia","Arthropoda","Insecta","Hymenoptera","Crabronidae","Passaloecus",NA
"376","ncbi","Passaloecus","Metazoa","Arthropoda","Insecta","Hymenoptera","Crabronidae","Passaloecus",NA
"377","itis","Peirates stridulus","Animalia","Arthropoda","Insecta","Hemiptera","Reduviidae","Peirates","Peirates stridulus"
"378","ncbi","Peirates stridulus",NA,NA,NA,NA,NA,NA,NA
"379","itis","Pellenes","Animalia","Arthropoda","Euchelicerata","Araneae","Salticidae","Pellenes",NA
"380","ncbi","Pellenes","Metazoa","Arthropoda","Arachnida","Araneae","Salticidae","Pellenes",NA
"381","itis","Pemphredon","Animalia","Arthropoda","Insecta","Hymenoptera","Crabronidae","Pemphredon",NA
"382","ncbi","Pemphredon","Metazoa","Arthropoda","Insecta","Hymenoptera","Crabronidae","Pemphredon",NA
"383","itis","Pemphredonina","Animalia","Arthropoda","Insecta","Hymenoptera","Crabronidae",NA,NA
"384","ncbi","Pemphredonina","Metazoa","Arthropoda","Insecta","Hymenoptera","Crabronidae",NA,NA
"385","itis","Pezotettix",NA,NA,NA,NA,NA,NA,NA
"386","ncbi","Pezotettix","Metazoa","Arthropoda","Insecta","Orthoptera","Acrididae","Pezotettix",NA
"387","itis","Philodromidae","Animalia","Arthropoda","Euchelicerata","Araneae","Philodromidae",NA,NA
"388","ncbi","Philodromidae","Metazoa","Arthropoda","Arachnida","Araneae","Philodromidae",NA,NA
"389","itis","Philodromus","Animalia","Arthropoda","Euchelicerata","Araneae","Philodromidae","Philodromus",NA
"390","ncbi","Philodromus","Metazoa","Arthropoda","Arachnida","Araneae","Philodromidae","Philodromus",NA
"391","itis","Phyllotreta","Animalia","Arthropoda","Insecta","Coleoptera","Chrysomelidae","Phyllotreta",NA
"392","ncbi","Phyllotreta","Metazoa","Arthropoda","Insecta","Coleoptera","Chrysomelidae","Phyllotreta",NA
"393","itis","Pieris",NA,NA,NA,NA,NA,NA,NA
"394","ncbi","Pieris",NA,NA,NA,NA,NA,NA,NA
"395","itis","Piezodorus lituratus","Animalia","Arthropoda","Insecta","Hemiptera","Pentatomidae","Piezodorus","Piezodorus lituratus"
"396","ncbi","Piezodorus lituratus","Metazoa","Arthropoda","Insecta","Hemiptera","Pentatomidae","Piezodorus","Piezodorus lituratus"
"397","itis","Pimplini",NA,NA,NA,NA,NA,NA,NA
"398","ncbi","Pimplini","Metazoa","Arthropoda","Insecta","Hymenoptera","Ichneumonidae",NA,NA
"399","itis","Platygastroidea","Animalia","Arthropoda","Insecta","Hymenoptera",NA,NA,NA
"400","ncbi","Platygastroidea","Metazoa","Arthropoda","Insecta","Hymenoptera",NA,NA,NA
"401","itis","Platynaspis luteorubra",NA,NA,NA,NA,NA,NA,NA
"402","ncbi","Platynaspis luteorubra","Metazoa","Arthropoda","Insecta","Coleoptera","Coccinellidae","Platynaspis","Platynaspis luteorubra"
"403","itis","Pleurophorus","Animalia","Arthropoda","Insecta","Coleoptera","Scarabaeidae","Pleurophorus",NA
"404","ncbi","Pleurophorus","Metazoa","Arthropoda","Insecta","Coleoptera","Scarabaeidae","Pleurophorus",NA
"405","itis","Polistes","Animalia","Arthropoda","Insecta","Hymenoptera","Vespidae","Polistes",NA
"406","ncbi","Polistes","Metazoa","Arthropoda","Insecta","Hymenoptera","Vespidae","Polistes",NA
"407","itis","Polistes dominula",NA,NA,NA,NA,NA,NA,NA
"408","ncbi","Polistes dominula","Metazoa","Arthropoda","Insecta","Hymenoptera","Vespidae","Polistes","Polistes dominula"
"409","itis","Polynema","Animalia","Arthropoda","Insecta","Hymenoptera","Mymaridae","Polynema",NA
"410","ncbi","Polynema",NA,NA,NA,NA,NA,NA,NA
"411","itis","Praini","Animalia","Arthropoda","Insecta","Hymenoptera","Braconidae",NA,NA
"412","ncbi","Praini",NA,NA,NA,NA,NA,NA,NA
"413","itis","Proctotrupomorpha",NA,NA,NA,NA,NA,NA,NA
"414","ncbi","Proctotrupomorpha","Metazoa","Arthropoda","Insecta","Hymenoptera",NA,NA,NA
"415","itis","Propylea quatuordecimpunctata",NA,NA,NA,NA,NA,NA,NA
"416","ncbi","Propylea quatuordecimpunctata","Metazoa","Arthropoda","Insecta","Coleoptera","Coccinellidae","Propylea","Propylea quattuordecimpunctata"
"417","itis","Protapion",NA,NA,NA,NA,NA,NA,NA
"418","ncbi","Protapion","Metazoa","Arthropoda","Insecta","Coleoptera","Apionidae","Protapion",NA
"419","itis","Protapion fulvipes",NA,NA,NA,NA,NA,NA,NA
"420","ncbi","Protapion fulvipes","Metazoa","Arthropoda","Insecta","Coleoptera","Apionidae","Protapion","Protapion fulvipes"
"421","itis","Pseudomalus",NA,NA,NA,NA,NA,NA,NA
"422","ncbi","Pseudomalus","Metazoa","Arthropoda","Insecta","Hymenoptera","Chrysididae","Pseudomalus",NA
"423","itis","Psilothrix viridicoerulea",NA,NA,NA,NA,NA,NA,NA
"424","ncbi","Psilothrix viridicoerulea",NA,NA,NA,NA,NA,NA,NA
"425","itis","Psocodea","Animalia","Arthropoda","Insecta","Psocodea",NA,NA,NA
"426","ncbi","Psocodea","Metazoa","Arthropoda","Insecta",NA,NA,NA,NA
"427","itis","Psyllobora vigintiduopunctata",NA,NA,NA,NA,NA,NA,NA
"428","ncbi","Psyllobora vigintiduopunctata","Metazoa","Arthropoda","Insecta","Coleoptera","Coccinellidae","Psyllobora","Psyllobora vigintiduopunctata"
"429","itis","Psylloidea","Animalia","Arthropoda","Insecta","Hemiptera",NA,NA,NA
"430","ncbi","Psylloidea","Metazoa","Arthropoda","Insecta","Hemiptera",NA,NA,NA
"431","itis","Pteromalidae","Animalia","Arthropoda","Insecta","Hymenoptera","Pteromalidae",NA,NA
"432","ncbi","Pteromalidae","Metazoa","Arthropoda","Insecta","Hymenoptera","Pteromalidae",NA,NA
"433","itis","Pteromalini",NA,NA,NA,NA,NA,NA,NA
"434","ncbi","Pteromalini",NA,NA,NA,NA,NA,NA,NA
"435","itis","Ptiliidae","Animalia","Arthropoda","Insecta","Coleoptera","Ptiliidae",NA,NA
"436","ncbi","Ptiliidae","Metazoa","Arthropoda","Insecta","Coleoptera","Ptiliidae",NA,NA
"437","itis","Rhinocyllus conicus","Animalia","Arthropoda","Insecta","Coleoptera","Curculionidae","Rhinocyllus","Rhinocyllus conicus"
"438","ncbi","Rhinocyllus conicus","Metazoa","Arthropoda","Insecta","Coleoptera","Curculionidae","Rhinocyllus","Rhinocyllus conicus"
"439","itis","Rhodanthidium septemdentatum","Animalia","Arthropoda","Insecta","Hymenoptera","Megachilidae","Rhodanthidium","Rhodanthidium septemdentatum"
"440","ncbi","Rhodanthidium septemdentatum","Metazoa","Arthropoda","Insecta","Hymenoptera","Megachilidae","Rhodanthidium","Rhodanthidium septemdentatum"
"441","itis","Rhyzobius","Animalia","Arthropoda","Insecta","Coleoptera","Coccinellidae","Rhyzobius",NA
"442","ncbi","Rhyzobius","Metazoa","Arthropoda","Insecta","Coleoptera","Coccinellidae","Rhyzobius",NA
"443","itis","Runcinia grammica","Animalia","Arthropoda","Euchelicerata","Araneae","Thomisidae","Runcinia","Runcinia grammica"
"444","ncbi","Runcinia grammica","Metazoa","Arthropoda","Arachnida","Araneae","Thomisidae","Runcinia","Runcinia grammica"
"445","itis","Salticus","Animalia","Arthropoda","Euchelicerata","Araneae","Salticidae","Salticus",NA
"446","ncbi","Salticus","Metazoa","Arthropoda","Arachnida","Araneae","Salticidae","Salticus",NA
"447","itis","Saprinus","Animalia","Arthropoda","Insecta","Coleoptera","Histeridae","Saprinus",NA
"448","ncbi","Saprinus","Metazoa","Arthropoda","Insecta","Coleoptera","Histeridae","Saprinus",NA
"449","itis","Scelionidae","Animalia","Arthropoda","Insecta","Hymenoptera","Scelionidae",NA,NA
"450","ncbi","Scelionidae","Metazoa","Arthropoda","Insecta","Hymenoptera","Scelionidae",NA,NA
"451","itis","Scelioninae","Animalia","Arthropoda","Insecta","Hymenoptera","Scelionidae",NA,NA
"452","ncbi","Scelioninae","Metazoa","Arthropoda","Insecta","Hymenoptera","Scelionidae",NA,NA
"453","itis","Scymninae","Animalia","Arthropoda","Insecta","Coleoptera","Coccinellidae",NA,NA
"454","ncbi","Scymninae","Metazoa","Arthropoda","Insecta","Coleoptera","Coccinellidae",NA,NA
"455","itis","Scymnus",NA,NA,NA,NA,NA,NA,NA
"456","ncbi","Scymnus","Metazoa","Arthropoda","Insecta","Coleoptera","Coccinellidae","Scymnus",NA
"457","itis","Scymnus frontalis",NA,NA,NA,NA,NA,NA,NA
"458","ncbi","Scymnus frontalis","Metazoa","Arthropoda","Insecta","Coleoptera","Coccinellidae","Scymnus","Scymnus frontalis"
"459","itis","Scymnus interruptus",NA,NA,NA,NA,NA,NA,NA
"460","ncbi","Scymnus interruptus","Metazoa","Arthropoda","Insecta","Coleoptera","Coccinellidae","Scymnus","Scymnus interruptus"
"461","itis","Scymnus rubromaculatus",NA,NA,NA,NA,NA,NA,NA
"462","ncbi","Scymnus rubromaculatus","Metazoa","Arthropoda","Insecta","Coleoptera","Coccinellidae","Scymnus","Scymnus rubromaculatus"
"463","itis","Sitona","Animalia","Arthropoda","Insecta","Coleoptera","Curculionidae","Sitona",NA
"464","ncbi","Sitona","Metazoa","Arthropoda","Insecta","Coleoptera","Curculionidae","Sitona",NA
"465","itis","Spalangia",NA,NA,NA,NA,NA,NA,NA
"466","ncbi","Spalangia","Metazoa","Arthropoda","Insecta","Hymenoptera","Pteromalidae","Spalangia",NA
"467","itis","Spermophagus",NA,NA,NA,NA,NA,NA,NA
"468","ncbi","Spermophagus","Metazoa","Arthropoda","Insecta","Coleoptera","Chrysomelidae","Spermophagus",NA
"469","itis","Sphaerophoria scripta","Animalia","Arthropoda","Insecta","Diptera","Syrphidae","Sphaerophoria","Sphaerophoria scripta"
"470","ncbi","Sphaerophoria scripta","Metazoa","Arthropoda","Insecta","Diptera","Syrphidae","Sphaerophoria","Sphaerophoria scripta"
"471","itis","Sphecodes","Animalia","Arthropoda","Insecta","Hymenoptera","Halictidae","Sphecodes",NA
"472","ncbi","Sphecodes","Metazoa","Arthropoda","Insecta","Hymenoptera","Halictidae","Sphecodes",NA
"473","itis","Staphylinidae","Animalia","Arthropoda","Insecta","Coleoptera","Staphylinidae",NA,NA
"474","ncbi","Staphylinidae","Metazoa","Arthropoda","Insecta","Coleoptera","Staphylinidae",NA,NA
"475","itis","Stenodema","Animalia","Arthropoda","Insecta","Hemiptera","Miridae","Stenodema",NA
"476","ncbi","Stenodema","Metazoa","Arthropoda","Insecta","Hemiptera","Miridae","Stenodema",NA
"477","itis","Stethorus","Animalia","Arthropoda","Insecta","Coleoptera","Coccinellidae","Stethorus",NA
"478","ncbi","Stethorus","Metazoa","Arthropoda","Insecta","Coleoptera","Coccinellidae","Stethorus",NA
"479","itis","Symphyta","Animalia","Arthropoda","Insecta","Hymenoptera",NA,NA,NA
"480","ncbi","Symphyta","Metazoa","Arthropoda","Insecta","Lepidoptera","Lasiocampidae","Symphyta",NA
"481","itis","Synema globosum","Animalia","Arthropoda","Euchelicerata","Araneae","Thomisidae","Synema","Synema globosum"
"482","ncbi","Synema globosum","Metazoa","Arthropoda","Arachnida","Araneae","Thomisidae","Synema","Synema globosum"
"483","itis","Syrphidae","Animalia","Arthropoda","Insecta","Diptera","Syrphidae",NA,NA
"484","ncbi","Syrphidae","Metazoa","Arthropoda","Insecta","Diptera","Syrphidae",NA,NA
"485","itis","Syrphus","Animalia","Arthropoda","Insecta","Diptera","Syrphidae","Syrphus",NA
"486","ncbi","Syrphus","Metazoa","Arthropoda","Insecta","Diptera","Syrphidae","Syrphus",NA
"487","itis","Teleasinae","Animalia","Arthropoda","Insecta","Hymenoptera","Scelionidae",NA,NA
"488","ncbi","Teleasinae","Metazoa","Arthropoda","Insecta","Hymenoptera","Scelionidae",NA,NA
"489","itis","Telenominae","Animalia","Arthropoda","Insecta","Hymenoptera","Scelionidae",NA,NA
"490","ncbi","Telenominae","Metazoa","Arthropoda","Insecta","Hymenoptera","Scelionidae",NA,NA
"491","itis","Tenthredinidae","Animalia","Arthropoda","Insecta","Hymenoptera","Tenthredinidae",NA,NA
"492","ncbi","Tenthredinidae","Metazoa","Arthropoda","Insecta","Hymenoptera","Tenthredinidae",NA,NA
"493","itis","Tenthredo baetica",NA,NA,NA,NA,NA,NA,NA
"494","ncbi","Tenthredo baetica","Metazoa","Arthropoda","Insecta","Hymenoptera","Tenthredinidae","Tenthredo","Tenthredo baetica"
"495","itis","Tenthredo baetica dominiquei",NA,NA,NA,NA,NA,NA,NA
"496","ncbi","Tenthredo baetica dominiquei","Metazoa","Arthropoda","Insecta","Hymenoptera","Tenthredinidae","Tenthredo","Tenthredo baetica"
"497","itis","Tenthredo bifasciata",NA,NA,NA,NA,NA,NA,NA
"498","ncbi","Tenthredo bifasciata","Metazoa","Arthropoda","Insecta","Hymenoptera","Tenthredinidae","Tenthredo","Tenthredo bifasciata"
"499","itis","Tenthredo meridiana",NA,NA,NA,NA,NA,NA,NA
"500","ncbi","Tenthredo meridiana","Metazoa","Arthropoda","Insecta","Hymenoptera","Tenthredinidae","Tenthredo","Tenthredo meridiana"
"501","itis","Tenthredopsis",NA,NA,NA,NA,NA,NA,NA
"502","ncbi","Tenthredopsis","Metazoa","Arthropoda","Insecta","Hymenoptera","Tenthredinidae","Tenthredopsis",NA
"503","itis","Tetracampinae",NA,NA,NA,NA,NA,NA,NA
"504","ncbi","Tetracampinae","Metazoa","Arthropoda","Insecta","Hymenoptera","Tetracampidae",NA,NA
"505","itis","Tetramesa","Animalia","Arthropoda","Insecta","Hymenoptera","Eurytomidae","Tetramesa",NA
"506","ncbi","Tetramesa","Metazoa","Arthropoda","Insecta","Hymenoptera","Eurytomidae","Tetramesa",NA
"507","itis","Tetrastichinae",NA,NA,NA,NA,NA,NA,NA
"508","ncbi","Tetrastichinae","Metazoa","Arthropoda","Insecta","Hymenoptera","Eulophidae",NA,NA
"509","itis","Tettigoniidae","Animalia","Arthropoda","Insecta","Orthoptera","Tettigoniidae",NA,NA
"510","ncbi","Tettigoniidae","Metazoa","Arthropoda","Insecta","Orthoptera","Tettigoniidae",NA,NA
"511","itis","Tettigoniinae","Animalia","Arthropoda","Insecta","Orthoptera","Tettigoniidae",NA,NA
"512","ncbi","Tettigoniinae","Metazoa","Arthropoda","Insecta","Orthoptera","Tettigoniidae",NA,NA
"513","itis","Thysanoptera","Animalia","Arthropoda","Insecta","Thysanoptera",NA,NA,NA
"514","ncbi","Thysanoptera","Metazoa","Arthropoda","Insecta","Thysanoptera",NA,NA,NA
"515","itis","Tingis cardui","Animalia","Arthropoda","Insecta","Hemiptera","Tingidae","Tingis","Tingis cardui"
"516","ncbi","Tingis cardui","Metazoa","Arthropoda","Insecta","Hemiptera","Tingidae","Tingis","Tingis cardui"
"517","itis","Torymidae","Animalia","Arthropoda","Insecta","Hymenoptera","Torymidae",NA,NA
"518","ncbi","Torymidae","Metazoa","Arthropoda","Insecta","Hymenoptera","Torymidae",NA,NA
"519","itis","Trachys troglodytiformis","Animalia","Arthropoda","Insecta","Coleoptera","Buprestidae","Trachys","Trachys troglodytiformis"
"520","ncbi","Trachys troglodytiformis","Metazoa","Arthropoda","Insecta","Coleoptera","Buprestidae","Trachys","Trachys troglodytiformis"
"521","itis","Trechinae","Animalia","Arthropoda","Insecta","Coleoptera","Carabidae",NA,NA
"522","ncbi","Trechinae","Metazoa","Arthropoda","Insecta","Coleoptera","Carabidae",NA,NA
"523","itis","Trichopria","Animalia","Arthropoda","Insecta","Hymenoptera","Ichneumonidae","Trichopria",NA
"524","ncbi","Trichopria","Metazoa","Arthropoda","Insecta","Hymenoptera","Diapriidae","Trichopria",NA
"525","itis","Tropinota",NA,NA,NA,NA,NA,NA,NA
"526","ncbi","Tropinota","Metazoa","Arthropoda","Insecta","Coleoptera","Scarabaeidae","Tropinota",NA
"527","itis","Tryphonini",NA,NA,NA,NA,NA,NA,NA
"528","ncbi","Tryphonini","Metazoa","Arthropoda","Insecta","Hymenoptera","Ichneumonidae",NA,NA
"529","itis","Trypoxylon","Animalia","Arthropoda","Insecta","Hymenoptera","Crabronidae","Trypoxylon",NA
"530","ncbi","Trypoxylon","Metazoa","Arthropoda","Insecta","Hymenoptera","Crabronidae","Trypoxylon",NA
"531","itis","Tychius","Animalia","Arthropoda","Insecta","Coleoptera","Curculionidae","Tychius",NA
"532","ncbi","Tychius","Metazoa","Arthropoda","Insecta","Coleoptera","Curculionidae","Tychius",NA
"533","itis","Tytthaspis sedecimpunctata",NA,NA,NA,NA,NA,NA,NA
"534","ncbi","Tytthaspis sedecimpunctata","Metazoa","Arthropoda","Insecta","Coleoptera","Coccinellidae","Tytthaspis","Tytthaspis sedecimpunctata"
"535","itis","Vespidae","Animalia","Arthropoda","Insecta","Hymenoptera","Vespidae",NA,NA
"536","ncbi","Vespidae","Metazoa","Arthropoda","Insecta","Hymenoptera","Vespidae",NA,NA
"537","itis","Xenomerus",NA,NA,NA,NA,NA,NA,NA
"538","ncbi","Xenomerus",NA,NA,NA,NA,NA,NA,NA
