"code_uhbr","finest_name","abundance","date","method","community"
"TP_T_B1_R1","Acrobeles",0,"17/04/2023","baermann","nematodes"
"TP_T_B1_R1","Acrobeloides",328,"17/04/2023","baermann","nematodes"
"TP_T_B1_R1","Aporcelaimidae",0,"17/04/2023","baermann","nematodes"
"TP_T_B1_R1","Aprutides",0,"17/04/2023","baermann","nematodes"
"TP_T_B1_R1","Cervidellus",0,"17/04/2023","baermann","nematodes"
"TP_T_B1_R1","Chiloplacus",197,"17/04/2023","baermann","nematodes"
"TP_T_B1_R1","Eumonhystera",66,"17/04/2023","baermann","nematodes"
"TP_T_B1_R1","Anaplectus",0,"17/04/2023","baermann","nematodes"
"TP_T_B1_R1","Plectus",0,"17/04/2023","baermann","nematodes"
"TP_T_B1_R1","Tylocephalus",0,"17/04/2023","baermann","nematodes"
"TP_T_B1_R1","Panagrolaimus",985,"17/04/2023","baermann","nematodes"
"TP_T_B1_R1","Rhabditidae",263,"17/04/2023","baermann","nematodes"
"TP_T_B1_R1","Rhabdolaimus",0,"17/04/2023","baermann","nematodes"
"TP_T_B1_R1","Prismatolaimus",197,"17/04/2023","baermann","nematodes"
"TP_T_B1_R1","Aphelenchus",788,"17/04/2023","baermann","nematodes"
"TP_T_B1_R1","Aphelenchoides",131,"17/04/2023","baermann","nematodes"
"TP_T_B1_R1","Diphtherophora",66,"17/04/2023","baermann","nematodes"
"TP_T_B1_R1","Mononchus",0,"17/04/2023","baermann","nematodes"
"TP_T_B1_R1","Microdorylaimus",66,"17/04/2023","baermann","nematodes"
"TP_T_B1_R1","Nygolaimidae",0,"17/04/2023","baermann","nematodes"
"TP_T_B1_R1","Discolaimus",0,"17/04/2023","baermann","nematodes"
"TP_T_B1_R1","Oxydirus",0,"17/04/2023","baermann","nematodes"
"TP_T_B1_R1","Eudorylaimus",66,"17/04/2023","baermann","nematodes"
"TP_T_B1_R1","Pratylenchus",394,"17/04/2023","baermann","nematodes"
"TP_T_B1_R1","Prodorylaimus",0,"17/04/2023","baermann","nematodes"
"TP_T_B1_R1","Helicotylenchus",66,"17/04/2023","baermann","nematodes"
"TP_T_B1_R1","Trichodorus",0,"17/04/2023","baermann","nematodes"
"TP_T_B1_R1","Tylenchorhynchus",3547,"17/04/2023","baermann","nematodes"
"TP_T_B1_R1","Tylenchidae",1971,"17/04/2023","baermann","nematodes"
"TP_T_B1_R1","Mylonchulus",0,"17/04/2023","baermann","nematodes"
"MC_C_B1_R1","Acrobeles",0,"17/04/2023","baermann","nematodes"
"MC_C_B1_R1","Acrobeloides",1259,"17/04/2023","baermann","nematodes"
"MC_C_B1_R1","Aporcelaimidae",0,"17/04/2023","baermann","nematodes"
"MC_C_B1_R1","Aprutides",0,"17/04/2023","baermann","nematodes"
"MC_C_B1_R1","Cervidellus",0,"17/04/2023","baermann","nematodes"
"MC_C_B1_R1","Chiloplacus",360,"17/04/2023","baermann","nematodes"
"MC_C_B1_R1","Eumonhystera",0,"17/04/2023","baermann","nematodes"
"MC_C_B1_R1","Anaplectus",0,"17/04/2023","baermann","nematodes"
"MC_C_B1_R1","Plectus",0,"17/04/2023","baermann","nematodes"
"MC_C_B1_R1","Tylocephalus",0,"17/04/2023","baermann","nematodes"
"MC_C_B1_R1","Panagrolaimus",24103,"17/04/2023","baermann","nematodes"
"MC_C_B1_R1","Rhabditidae",540,"17/04/2023","baermann","nematodes"
"MC_C_B1_R1","Rhabdolaimus",0,"17/04/2023","baermann","nematodes"
"MC_C_B1_R1","Prismatolaimus",180,"17/04/2023","baermann","nematodes"
"MC_C_B1_R1","Aphelenchus",3597,"17/04/2023","baermann","nematodes"
"MC_C_B1_R1","Aphelenchoides",1799,"17/04/2023","baermann","nematodes"
"MC_C_B1_R1","Diphtherophora",0,"17/04/2023","baermann","nematodes"
"MC_C_B1_R1","Mononchus",0,"17/04/2023","baermann","nematodes"
"MC_C_B1_R1","Microdorylaimus",0,"17/04/2023","baermann","nematodes"
"MC_C_B1_R1","Nygolaimidae",0,"17/04/2023","baermann","nematodes"
"MC_C_B1_R1","Discolaimus",0,"17/04/2023","baermann","nematodes"
"MC_C_B1_R1","Oxydirus",0,"17/04/2023","baermann","nematodes"
"MC_C_B1_R1","Eudorylaimus",0,"17/04/2023","baermann","nematodes"
"MC_C_B1_R1","Pratylenchus",0,"17/04/2023","baermann","nematodes"
"MC_C_B1_R1","Prodorylaimus",0,"17/04/2023","baermann","nematodes"
"MC_C_B1_R1","Helicotylenchus",0,"17/04/2023","baermann","nematodes"
"MC_C_B1_R1","Trichodorus",0,"17/04/2023","baermann","nematodes"
"MC_C_B1_R1","Tylenchorhynchus",0,"17/04/2023","baermann","nematodes"
"MC_C_B1_R1","Tylenchidae",1439,"17/04/2023","baermann","nematodes"
"MC_C_B1_R1","Mylonchulus",0,"17/04/2023","baermann","nematodes"
"AF_T_B1_R1","Acrobeles",87,"17/04/2023","baermann","nematodes"
"AF_T_B1_R1","Acrobeloides",608,"17/04/2023","baermann","nematodes"
"AF_T_B1_R1","Aporcelaimidae",87,"17/04/2023","baermann","nematodes"
"AF_T_B1_R1","Aprutides",261,"17/04/2023","baermann","nematodes"
"AF_T_B1_R1","Cervidellus",0,"17/04/2023","baermann","nematodes"
"AF_T_B1_R1","Chiloplacus",434,"17/04/2023","baermann","nematodes"
"AF_T_B1_R1","Eumonhystera",174,"17/04/2023","baermann","nematodes"
"AF_T_B1_R1","Anaplectus",0,"17/04/2023","baermann","nematodes"
"AF_T_B1_R1","Plectus",87,"17/04/2023","baermann","nematodes"
"AF_T_B1_R1","Tylocephalus",0,"17/04/2023","baermann","nematodes"
"AF_T_B1_R1","Panagrolaimus",521,"17/04/2023","baermann","nematodes"
"AF_T_B1_R1","Rhabditidae",87,"17/04/2023","baermann","nematodes"
"AF_T_B1_R1","Rhabdolaimus",0,"17/04/2023","baermann","nematodes"
"AF_T_B1_R1","Prismatolaimus",174,"17/04/2023","baermann","nematodes"
"AF_T_B1_R1","Aphelenchus",869,"17/04/2023","baermann","nematodes"
"AF_T_B1_R1","Aphelenchoides",521,"17/04/2023","baermann","nematodes"
"AF_T_B1_R1","Diphtherophora",0,"17/04/2023","baermann","nematodes"
"AF_T_B1_R1","Mononchus",87,"17/04/2023","baermann","nematodes"
"AF_T_B1_R1","Microdorylaimus",0,"17/04/2023","baermann","nematodes"
"AF_T_B1_R1","Nygolaimidae",0,"17/04/2023","baermann","nematodes"
"AF_T_B1_R1","Discolaimus",87,"17/04/2023","baermann","nematodes"
"AF_T_B1_R1","Oxydirus",0,"17/04/2023","baermann","nematodes"
"AF_T_B1_R1","Eudorylaimus",0,"17/04/2023","baermann","nematodes"
"AF_T_B1_R1","Pratylenchus",87,"17/04/2023","baermann","nematodes"
"AF_T_B1_R1","Prodorylaimus",0,"17/04/2023","baermann","nematodes"
"AF_T_B1_R1","Helicotylenchus",130,"17/04/2023","baermann","nematodes"
"AF_T_B1_R1","Trichodorus",0,"17/04/2023","baermann","nematodes"
"AF_T_B1_R1","Tylenchorhynchus",0,"17/04/2023","baermann","nematodes"
"AF_T_B1_R1","Tylenchidae",3214,"17/04/2023","baermann","nematodes"
"AF_T_B1_R1","Mylonchulus",0,"17/04/2023","baermann","nematodes"
"AF_C_B1_R1","Acrobeles",0,"17/04/2023","baermann","nematodes"
"AF_C_B1_R1","Acrobeloides",1656,"17/04/2023","baermann","nematodes"
"AF_C_B1_R1","Aporcelaimidae",0,"17/04/2023","baermann","nematodes"
"AF_C_B1_R1","Aprutides",0,"17/04/2023","baermann","nematodes"
"AF_C_B1_R1","Cervidellus",0,"17/04/2023","baermann","nematodes"
"AF_C_B1_R1","Chiloplacus",662,"17/04/2023","baermann","nematodes"
"AF_C_B1_R1","Eumonhystera",331,"17/04/2023","baermann","nematodes"
"AF_C_B1_R1","Anaplectus",0,"17/04/2023","baermann","nematodes"
"AF_C_B1_R1","Plectus",331,"17/04/2023","baermann","nematodes"
"AF_C_B1_R1","Tylocephalus",0,"17/04/2023","baermann","nematodes"
"AF_C_B1_R1","Panagrolaimus",41737,"17/04/2023","baermann","nematodes"
"AF_C_B1_R1","Rhabditidae",994,"17/04/2023","baermann","nematodes"
"AF_C_B1_R1","Rhabdolaimus",0,"17/04/2023","baermann","nematodes"
"AF_C_B1_R1","Prismatolaimus",0,"17/04/2023","baermann","nematodes"
"AF_C_B1_R1","Aphelenchus",4306,"17/04/2023","baermann","nematodes"
"AF_C_B1_R1","Aphelenchoides",3312,"17/04/2023","baermann","nematodes"
"AF_C_B1_R1","Diphtherophora",0,"17/04/2023","baermann","nematodes"
"AF_C_B1_R1","Mononchus",0,"17/04/2023","baermann","nematodes"
"AF_C_B1_R1","Microdorylaimus",0,"17/04/2023","baermann","nematodes"
"AF_C_B1_R1","Nygolaimidae",0,"17/04/2023","baermann","nematodes"
"AF_C_B1_R1","Discolaimus",0,"17/04/2023","baermann","nematodes"
"AF_C_B1_R1","Oxydirus",0,"17/04/2023","baermann","nematodes"
"AF_C_B1_R1","Eudorylaimus",0,"17/04/2023","baermann","nematodes"
"AF_C_B1_R1","Pratylenchus",0,"17/04/2023","baermann","nematodes"
"AF_C_B1_R1","Prodorylaimus",0,"17/04/2023","baermann","nematodes"
"AF_C_B1_R1","Helicotylenchus",0,"17/04/2023","baermann","nematodes"
"AF_C_B1_R1","Trichodorus",0,"17/04/2023","baermann","nematodes"
"AF_C_B1_R1","Tylenchorhynchus",0,"17/04/2023","baermann","nematodes"
"AF_C_B1_R1","Tylenchidae",3312,"17/04/2023","baermann","nematodes"
"AF_C_B1_R1","Mylonchulus",0,"17/04/2023","baermann","nematodes"
"TP_T_B2_R1","Acrobeles",0,"17/04/2023","baermann","nematodes"
"TP_T_B2_R1","Acrobeloides",1531,"17/04/2023","baermann","nematodes"
"TP_T_B2_R1","Aporcelaimidae",255,"17/04/2023","baermann","nematodes"
"TP_T_B2_R1","Aprutides",0,"17/04/2023","baermann","nematodes"
"TP_T_B2_R1","Cervidellus",0,"17/04/2023","baermann","nematodes"
"TP_T_B2_R1","Chiloplacus",425,"17/04/2023","baermann","nematodes"
"TP_T_B2_R1","Eumonhystera",0,"17/04/2023","baermann","nematodes"
"TP_T_B2_R1","Anaplectus",0,"17/04/2023","baermann","nematodes"
"TP_T_B2_R1","Plectus",0,"17/04/2023","baermann","nematodes"
"TP_T_B2_R1","Tylocephalus",0,"17/04/2023","baermann","nematodes"
"TP_T_B2_R1","Panagrolaimus",1616,"17/04/2023","baermann","nematodes"
"TP_T_B2_R1","Rhabditidae",340,"17/04/2023","baermann","nematodes"
"TP_T_B2_R1","Rhabdolaimus",0,"17/04/2023","baermann","nematodes"
"TP_T_B2_R1","Prismatolaimus",85,"17/04/2023","baermann","nematodes"
"TP_T_B2_R1","Aphelenchus",2042,"17/04/2023","baermann","nematodes"
"TP_T_B2_R1","Aphelenchoides",510,"17/04/2023","baermann","nematodes"
"TP_T_B2_R1","Diphtherophora",0,"17/04/2023","baermann","nematodes"
"TP_T_B2_R1","Mononchus",0,"17/04/2023","baermann","nematodes"
"TP_T_B2_R1","Microdorylaimus",0,"17/04/2023","baermann","nematodes"
"TP_T_B2_R1","Nygolaimidae",0,"17/04/2023","baermann","nematodes"
"TP_T_B2_R1","Discolaimus",0,"17/04/2023","baermann","nematodes"
"TP_T_B2_R1","Oxydirus",0,"17/04/2023","baermann","nematodes"
"TP_T_B2_R1","Eudorylaimus",0,"17/04/2023","baermann","nematodes"
"TP_T_B2_R1","Pratylenchus",0,"17/04/2023","baermann","nematodes"
"TP_T_B2_R1","Prodorylaimus",0,"17/04/2023","baermann","nematodes"
"TP_T_B2_R1","Helicotylenchus",340,"17/04/2023","baermann","nematodes"
"TP_T_B2_R1","Trichodorus",0,"17/04/2023","baermann","nematodes"
"TP_T_B2_R1","Tylenchorhynchus",0,"17/04/2023","baermann","nematodes"
"TP_T_B2_R1","Tylenchidae",3147,"17/04/2023","baermann","nematodes"
"TP_T_B2_R1","Mylonchulus",0,"17/04/2023","baermann","nematodes"
"MC_C_B2_R1","Acrobeles",0,"17/04/2023","baermann","nematodes"
"MC_C_B2_R1","Acrobeloides",555,"17/04/2023","baermann","nematodes"
"MC_C_B2_R1","Aporcelaimidae",0,"17/04/2023","baermann","nematodes"
"MC_C_B2_R1","Aprutides",0,"17/04/2023","baermann","nematodes"
"MC_C_B2_R1","Cervidellus",278,"17/04/2023","baermann","nematodes"
"MC_C_B2_R1","Chiloplacus",278,"17/04/2023","baermann","nematodes"
"MC_C_B2_R1","Eumonhystera",0,"17/04/2023","baermann","nematodes"
"MC_C_B2_R1","Anaplectus",0,"17/04/2023","baermann","nematodes"
"MC_C_B2_R1","Plectus",278,"17/04/2023","baermann","nematodes"
"MC_C_B2_R1","Tylocephalus",0,"17/04/2023","baermann","nematodes"
"MC_C_B2_R1","Panagrolaimus",38873,"17/04/2023","baermann","nematodes"
"MC_C_B2_R1","Rhabditidae",278,"17/04/2023","baermann","nematodes"
"MC_C_B2_R1","Rhabdolaimus",0,"17/04/2023","baermann","nematodes"
"MC_C_B2_R1","Prismatolaimus",1944,"17/04/2023","baermann","nematodes"
"MC_C_B2_R1","Aphelenchus",4443,"17/04/2023","baermann","nematodes"
"MC_C_B2_R1","Aphelenchoides",6664,"17/04/2023","baermann","nematodes"
"MC_C_B2_R1","Diphtherophora",0,"17/04/2023","baermann","nematodes"
"MC_C_B2_R1","Mononchus",0,"17/04/2023","baermann","nematodes"
"MC_C_B2_R1","Microdorylaimus",0,"17/04/2023","baermann","nematodes"
"MC_C_B2_R1","Nygolaimidae",0,"17/04/2023","baermann","nematodes"
"MC_C_B2_R1","Discolaimus",0,"17/04/2023","baermann","nematodes"
"MC_C_B2_R1","Oxydirus",0,"17/04/2023","baermann","nematodes"
"MC_C_B2_R1","Eudorylaimus",0,"17/04/2023","baermann","nematodes"
"MC_C_B2_R1","Pratylenchus",278,"17/04/2023","baermann","nematodes"
"MC_C_B2_R1","Prodorylaimus",0,"17/04/2023","baermann","nematodes"
"MC_C_B2_R1","Helicotylenchus",0,"17/04/2023","baermann","nematodes"
"MC_C_B2_R1","Trichodorus",0,"17/04/2023","baermann","nematodes"
"MC_C_B2_R1","Tylenchorhynchus",0,"17/04/2023","baermann","nematodes"
"MC_C_B2_R1","Tylenchidae",2777,"17/04/2023","baermann","nematodes"
"MC_C_B2_R1","Mylonchulus",0,"17/04/2023","baermann","nematodes"
"AF_T_B2_R1","Acrobeles",58,"17/04/2023","baermann","nematodes"
"AF_T_B2_R1","Acrobeloides",547,"17/04/2023","baermann","nematodes"
"AF_T_B2_R1","Aporcelaimidae",86,"17/04/2023","baermann","nematodes"
"AF_T_B2_R1","Aprutides",0,"17/04/2023","baermann","nematodes"
"AF_T_B2_R1","Cervidellus",0,"17/04/2023","baermann","nematodes"
"AF_T_B2_R1","Chiloplacus",345,"17/04/2023","baermann","nematodes"
"AF_T_B2_R1","Eumonhystera",115,"17/04/2023","baermann","nematodes"
"AF_T_B2_R1","Anaplectus",86,"17/04/2023","baermann","nematodes"
"AF_T_B2_R1","Plectus",58,"17/04/2023","baermann","nematodes"
"AF_T_B2_R1","Tylocephalus",0,"17/04/2023","baermann","nematodes"
"AF_T_B2_R1","Panagrolaimus",834,"17/04/2023","baermann","nematodes"
"AF_T_B2_R1","Rhabditidae",259,"17/04/2023","baermann","nematodes"
"AF_T_B2_R1","Rhabdolaimus",0,"17/04/2023","baermann","nematodes"
"AF_T_B2_R1","Prismatolaimus",144,"17/04/2023","baermann","nematodes"
"AF_T_B2_R1","Aphelenchus",633,"17/04/2023","baermann","nematodes"
"AF_T_B2_R1","Aphelenchoides",58,"17/04/2023","baermann","nematodes"
"AF_T_B2_R1","Diphtherophora",0,"17/04/2023","baermann","nematodes"
"AF_T_B2_R1","Mononchus",0,"17/04/2023","baermann","nematodes"
"AF_T_B2_R1","Microdorylaimus",0,"17/04/2023","baermann","nematodes"
"AF_T_B2_R1","Nygolaimidae",0,"17/04/2023","baermann","nematodes"
"AF_T_B2_R1","Discolaimus",144,"17/04/2023","baermann","nematodes"
"AF_T_B2_R1","Oxydirus",0,"17/04/2023","baermann","nematodes"
"AF_T_B2_R1","Eudorylaimus",0,"17/04/2023","baermann","nematodes"
"AF_T_B2_R1","Pratylenchus",0,"17/04/2023","baermann","nematodes"
"AF_T_B2_R1","Prodorylaimus",0,"17/04/2023","baermann","nematodes"
"AF_T_B2_R1","Helicotylenchus",0,"17/04/2023","baermann","nematodes"
"AF_T_B2_R1","Trichodorus",0,"17/04/2023","baermann","nematodes"
"AF_T_B2_R1","Tylenchorhynchus",0,"17/04/2023","baermann","nematodes"
"AF_T_B2_R1","Tylenchidae",518,"17/04/2023","baermann","nematodes"
"AF_T_B2_R1","Mylonchulus",0,"17/04/2023","baermann","nematodes"
"AF_C_B2_R1","Acrobeles",0,"17/04/2023","baermann","nematodes"
"AF_C_B2_R1","Acrobeloides",2004,"17/04/2023","baermann","nematodes"
"AF_C_B2_R1","Aporcelaimidae",0,"17/04/2023","baermann","nematodes"
"AF_C_B2_R1","Aprutides",0,"17/04/2023","baermann","nematodes"
"AF_C_B2_R1","Cervidellus",0,"17/04/2023","baermann","nematodes"
"AF_C_B2_R1","Chiloplacus",1002,"17/04/2023","baermann","nematodes"
"AF_C_B2_R1","Eumonhystera",0,"17/04/2023","baermann","nematodes"
"AF_C_B2_R1","Anaplectus",0,"17/04/2023","baermann","nematodes"
"AF_C_B2_R1","Plectus",0,"17/04/2023","baermann","nematodes"
"AF_C_B2_R1","Tylocephalus",0,"17/04/2023","baermann","nematodes"
"AF_C_B2_R1","Panagrolaimus",29054,"17/04/2023","baermann","nematodes"
"AF_C_B2_R1","Rhabditidae",1002,"17/04/2023","baermann","nematodes"
"AF_C_B2_R1","Rhabdolaimus",0,"17/04/2023","baermann","nematodes"
"AF_C_B2_R1","Prismatolaimus",501,"17/04/2023","baermann","nematodes"
"AF_C_B2_R1","Aphelenchus",11521,"17/04/2023","baermann","nematodes"
"AF_C_B2_R1","Aphelenchoides",8015,"17/04/2023","baermann","nematodes"
"AF_C_B2_R1","Diphtherophora",0,"17/04/2023","baermann","nematodes"
"AF_C_B2_R1","Mononchus",0,"17/04/2023","baermann","nematodes"
"AF_C_B2_R1","Microdorylaimus",0,"17/04/2023","baermann","nematodes"
"AF_C_B2_R1","Nygolaimidae",0,"17/04/2023","baermann","nematodes"
"AF_C_B2_R1","Discolaimus",0,"17/04/2023","baermann","nematodes"
"AF_C_B2_R1","Oxydirus",0,"17/04/2023","baermann","nematodes"
"AF_C_B2_R1","Eudorylaimus",0,"17/04/2023","baermann","nematodes"
"AF_C_B2_R1","Pratylenchus",501,"17/04/2023","baermann","nematodes"
"AF_C_B2_R1","Prodorylaimus",0,"17/04/2023","baermann","nematodes"
"AF_C_B2_R1","Helicotylenchus",0,"17/04/2023","baermann","nematodes"
"AF_C_B2_R1","Trichodorus",0,"17/04/2023","baermann","nematodes"
"AF_C_B2_R1","Tylenchorhynchus",0,"17/04/2023","baermann","nematodes"
"AF_C_B2_R1","Tylenchidae",9518,"17/04/2023","baermann","nematodes"
"AF_C_B2_R1","Mylonchulus",0,"17/04/2023","baermann","nematodes"
"TP_T_B3_R1","Acrobeles",213,"17/04/2023","baermann","nematodes"
"TP_T_B3_R1","Acrobeloides",1422,"17/04/2023","baermann","nematodes"
"TP_T_B3_R1","Aporcelaimidae",213,"17/04/2023","baermann","nematodes"
"TP_T_B3_R1","Aprutides",0,"17/04/2023","baermann","nematodes"
"TP_T_B3_R1","Cervidellus",71,"17/04/2023","baermann","nematodes"
"TP_T_B3_R1","Chiloplacus",569,"17/04/2023","baermann","nematodes"
"TP_T_B3_R1","Eumonhystera",213,"17/04/2023","baermann","nematodes"
"TP_T_B3_R1","Anaplectus",0,"17/04/2023","baermann","nematodes"
"TP_T_B3_R1","Plectus",356,"17/04/2023","baermann","nematodes"
"TP_T_B3_R1","Tylocephalus",142,"17/04/2023","baermann","nematodes"
"TP_T_B3_R1","Panagrolaimus",1422,"17/04/2023","baermann","nematodes"
"TP_T_B3_R1","Rhabditidae",0,"17/04/2023","baermann","nematodes"
"TP_T_B3_R1","Rhabdolaimus",0,"17/04/2023","baermann","nematodes"
"TP_T_B3_R1","Prismatolaimus",0,"17/04/2023","baermann","nematodes"
"TP_T_B3_R1","Aphelenchus",3342,"17/04/2023","baermann","nematodes"
"TP_T_B3_R1","Aphelenchoides",1351,"17/04/2023","baermann","nematodes"
"TP_T_B3_R1","Diphtherophora",0,"17/04/2023","baermann","nematodes"
"TP_T_B3_R1","Mononchus",0,"17/04/2023","baermann","nematodes"
"TP_T_B3_R1","Microdorylaimus",0,"17/04/2023","baermann","nematodes"
"TP_T_B3_R1","Nygolaimidae",0,"17/04/2023","baermann","nematodes"
"TP_T_B3_R1","Discolaimus",71,"17/04/2023","baermann","nematodes"
"TP_T_B3_R1","Oxydirus",0,"17/04/2023","baermann","nematodes"
"TP_T_B3_R1","Eudorylaimus",71,"17/04/2023","baermann","nematodes"
"TP_T_B3_R1","Pratylenchus",142,"17/04/2023","baermann","nematodes"
"TP_T_B3_R1","Prodorylaimus",0,"17/04/2023","baermann","nematodes"
"TP_T_B3_R1","Helicotylenchus",142,"17/04/2023","baermann","nematodes"
"TP_T_B3_R1","Trichodorus",0,"17/04/2023","baermann","nematodes"
"TP_T_B3_R1","Tylenchorhynchus",0,"17/04/2023","baermann","nematodes"
"TP_T_B3_R1","Tylenchidae",1351,"17/04/2023","baermann","nematodes"
"TP_T_B3_R1","Mylonchulus",0,"17/04/2023","baermann","nematodes"
"MC_C_B3_R1","Acrobeles",0,"17/04/2023","baermann","nematodes"
"MC_C_B3_R1","Acrobeloides",2438,"17/04/2023","baermann","nematodes"
"MC_C_B3_R1","Aporcelaimidae",0,"17/04/2023","baermann","nematodes"
"MC_C_B3_R1","Aprutides",0,"17/04/2023","baermann","nematodes"
"MC_C_B3_R1","Cervidellus",0,"17/04/2023","baermann","nematodes"
"MC_C_B3_R1","Chiloplacus",406,"17/04/2023","baermann","nematodes"
"MC_C_B3_R1","Eumonhystera",0,"17/04/2023","baermann","nematodes"
"MC_C_B3_R1","Anaplectus",0,"17/04/2023","baermann","nematodes"
"MC_C_B3_R1","Plectus",0,"17/04/2023","baermann","nematodes"
"MC_C_B3_R1","Tylocephalus",0,"17/04/2023","baermann","nematodes"
"MC_C_B3_R1","Panagrolaimus",8531,"17/04/2023","baermann","nematodes"
"MC_C_B3_R1","Rhabditidae",813,"17/04/2023","baermann","nematodes"
"MC_C_B3_R1","Rhabdolaimus",0,"17/04/2023","baermann","nematodes"
"MC_C_B3_R1","Prismatolaimus",609,"17/04/2023","baermann","nematodes"
"MC_C_B3_R1","Aphelenchus",6094,"17/04/2023","baermann","nematodes"
"MC_C_B3_R1","Aphelenchoides",2438,"17/04/2023","baermann","nematodes"
"MC_C_B3_R1","Diphtherophora",0,"17/04/2023","baermann","nematodes"
"MC_C_B3_R1","Mononchus",0,"17/04/2023","baermann","nematodes"
"MC_C_B3_R1","Microdorylaimus",0,"17/04/2023","baermann","nematodes"
"MC_C_B3_R1","Nygolaimidae",0,"17/04/2023","baermann","nematodes"
"MC_C_B3_R1","Discolaimus",0,"17/04/2023","baermann","nematodes"
"MC_C_B3_R1","Oxydirus",0,"17/04/2023","baermann","nematodes"
"MC_C_B3_R1","Eudorylaimus",0,"17/04/2023","baermann","nematodes"
"MC_C_B3_R1","Pratylenchus",0,"17/04/2023","baermann","nematodes"
"MC_C_B3_R1","Prodorylaimus",0,"17/04/2023","baermann","nematodes"
"MC_C_B3_R1","Helicotylenchus",0,"17/04/2023","baermann","nematodes"
"MC_C_B3_R1","Trichodorus",0,"17/04/2023","baermann","nematodes"
"MC_C_B3_R1","Tylenchorhynchus",0,"17/04/2023","baermann","nematodes"
"MC_C_B3_R1","Tylenchidae",2641,"17/04/2023","baermann","nematodes"
"MC_C_B3_R1","Mylonchulus",0,"17/04/2023","baermann","nematodes"
"AF_T_B3_R1","Acrobeles",685,"17/04/2023","baermann","nematodes"
"AF_T_B3_R1","Acrobeloides",1827,"17/04/2023","baermann","nematodes"
"AF_T_B3_R1","Aporcelaimidae",0,"17/04/2023","baermann","nematodes"
"AF_T_B3_R1","Aprutides",0,"17/04/2023","baermann","nematodes"
"AF_T_B3_R1","Cervidellus",685,"17/04/2023","baermann","nematodes"
"AF_T_B3_R1","Chiloplacus",343,"17/04/2023","baermann","nematodes"
"AF_T_B3_R1","Eumonhystera",114,"17/04/2023","baermann","nematodes"
"AF_T_B3_R1","Anaplectus",0,"17/04/2023","baermann","nematodes"
"AF_T_B3_R1","Plectus",114,"17/04/2023","baermann","nematodes"
"AF_T_B3_R1","Tylocephalus",0,"17/04/2023","baermann","nematodes"
"AF_T_B3_R1","Panagrolaimus",685,"17/04/2023","baermann","nematodes"
"AF_T_B3_R1","Rhabditidae",343,"17/04/2023","baermann","nematodes"
"AF_T_B3_R1","Rhabdolaimus",0,"17/04/2023","baermann","nematodes"
"AF_T_B3_R1","Prismatolaimus",0,"17/04/2023","baermann","nematodes"
"AF_T_B3_R1","Aphelenchus",3540,"17/04/2023","baermann","nematodes"
"AF_T_B3_R1","Aphelenchoides",457,"17/04/2023","baermann","nematodes"
"AF_T_B3_R1","Diphtherophora",0,"17/04/2023","baermann","nematodes"
"AF_T_B3_R1","Mononchus",0,"17/04/2023","baermann","nematodes"
"AF_T_B3_R1","Microdorylaimus",0,"17/04/2023","baermann","nematodes"
"AF_T_B3_R1","Nygolaimidae",114,"17/04/2023","baermann","nematodes"
"AF_T_B3_R1","Discolaimus",0,"17/04/2023","baermann","nematodes"
"AF_T_B3_R1","Oxydirus",0,"17/04/2023","baermann","nematodes"
"AF_T_B3_R1","Eudorylaimus",0,"17/04/2023","baermann","nematodes"
"AF_T_B3_R1","Pratylenchus",114,"17/04/2023","baermann","nematodes"
"AF_T_B3_R1","Prodorylaimus",228,"17/04/2023","baermann","nematodes"
"AF_T_B3_R1","Helicotylenchus",0,"17/04/2023","baermann","nematodes"
"AF_T_B3_R1","Trichodorus",0,"17/04/2023","baermann","nematodes"
"AF_T_B3_R1","Tylenchorhynchus",0,"17/04/2023","baermann","nematodes"
"AF_T_B3_R1","Tylenchidae",5824,"17/04/2023","baermann","nematodes"
"AF_T_B3_R1","Mylonchulus",0,"17/04/2023","baermann","nematodes"
"AF_C_B3_R1","Acrobeles",0,"17/04/2023","baermann","nematodes"
"AF_C_B3_R1","Acrobeloides",1591,"17/04/2023","baermann","nematodes"
"AF_C_B3_R1","Aporcelaimidae",0,"17/04/2023","baermann","nematodes"
"AF_C_B3_R1","Aprutides",0,"17/04/2023","baermann","nematodes"
"AF_C_B3_R1","Cervidellus",0,"17/04/2023","baermann","nematodes"
"AF_C_B3_R1","Chiloplacus",1909,"17/04/2023","baermann","nematodes"
"AF_C_B3_R1","Eumonhystera",318,"17/04/2023","baermann","nematodes"
"AF_C_B3_R1","Anaplectus",0,"17/04/2023","baermann","nematodes"
"AF_C_B3_R1","Plectus",0,"17/04/2023","baermann","nematodes"
"AF_C_B3_R1","Tylocephalus",0,"17/04/2023","baermann","nematodes"
"AF_C_B3_R1","Panagrolaimus",21313,"17/04/2023","baermann","nematodes"
"AF_C_B3_R1","Rhabditidae",318,"17/04/2023","baermann","nematodes"
"AF_C_B3_R1","Rhabdolaimus",0,"17/04/2023","baermann","nematodes"
"AF_C_B3_R1","Prismatolaimus",0,"17/04/2023","baermann","nematodes"
"AF_C_B3_R1","Aphelenchus",10497,"17/04/2023","baermann","nematodes"
"AF_C_B3_R1","Aphelenchoides",4135,"17/04/2023","baermann","nematodes"
"AF_C_B3_R1","Diphtherophora",0,"17/04/2023","baermann","nematodes"
"AF_C_B3_R1","Mononchus",0,"17/04/2023","baermann","nematodes"
"AF_C_B3_R1","Microdorylaimus",0,"17/04/2023","baermann","nematodes"
"AF_C_B3_R1","Nygolaimidae",0,"17/04/2023","baermann","nematodes"
"AF_C_B3_R1","Discolaimus",0,"17/04/2023","baermann","nematodes"
"AF_C_B3_R1","Oxydirus",0,"17/04/2023","baermann","nematodes"
"AF_C_B3_R1","Eudorylaimus",0,"17/04/2023","baermann","nematodes"
"AF_C_B3_R1","Pratylenchus",318,"17/04/2023","baermann","nematodes"
"AF_C_B3_R1","Prodorylaimus",0,"17/04/2023","baermann","nematodes"
"AF_C_B3_R1","Helicotylenchus",0,"17/04/2023","baermann","nematodes"
"AF_C_B3_R1","Trichodorus",0,"17/04/2023","baermann","nematodes"
"AF_C_B3_R1","Tylenchorhynchus",0,"17/04/2023","baermann","nematodes"
"AF_C_B3_R1","Tylenchidae",4772,"17/04/2023","baermann","nematodes"
"AF_C_B3_R1","Mylonchulus",0,"17/04/2023","baermann","nematodes"
"TP_T_B1_R1","Acrobeles",0,"14/03/2023","baermann","nematodes"
"TP_T_B1_R1","Acrobeloides",6659,"14/03/2023","baermann","nematodes"
"TP_T_B1_R1","Aporcelaimidae",0,"14/03/2023","baermann","nematodes"
"TP_T_B1_R1","Aprutides",0,"14/03/2023","baermann","nematodes"
"TP_T_B1_R1","Cervidellus",605,"14/03/2023","baermann","nematodes"
"TP_T_B1_R1","Chiloplacus",303,"14/03/2023","baermann","nematodes"
"TP_T_B1_R1","Eumonhystera",303,"14/03/2023","baermann","nematodes"
"TP_T_B1_R1","Anaplectus",0,"14/03/2023","baermann","nematodes"
"TP_T_B1_R1","Plectus",605,"14/03/2023","baermann","nematodes"
"TP_T_B1_R1","Tylocephalus",303,"14/03/2023","baermann","nematodes"
"TP_T_B1_R1","Panagrolaimus",1513,"14/03/2023","baermann","nematodes"
"TP_T_B1_R1","Rhabditidae",1211,"14/03/2023","baermann","nematodes"
"TP_T_B1_R1","Rhabdolaimus",0,"14/03/2023","baermann","nematodes"
"TP_T_B1_R1","Prismatolaimus",1211,"14/03/2023","baermann","nematodes"
"TP_T_B1_R1","Aphelenchus",4540,"14/03/2023","baermann","nematodes"
"TP_T_B1_R1","Aphelenchoides",1816,"14/03/2023","baermann","nematodes"
"TP_T_B1_R1","Diphtherophora",0,"14/03/2023","baermann","nematodes"
"TP_T_B1_R1","Mononchus",0,"14/03/2023","baermann","nematodes"
"TP_T_B1_R1","Microdorylaimus",0,"14/03/2023","baermann","nematodes"
"TP_T_B1_R1","Nygolaimidae",0,"14/03/2023","baermann","nematodes"
"TP_T_B1_R1","Discolaimus",0,"14/03/2023","baermann","nematodes"
"TP_T_B1_R1","Oxydirus",0,"14/03/2023","baermann","nematodes"
"TP_T_B1_R1","Eudorylaimus",0,"14/03/2023","baermann","nematodes"
"TP_T_B1_R1","Pratylenchus",1816,"14/03/2023","baermann","nematodes"
"TP_T_B1_R1","Prodorylaimus",0,"14/03/2023","baermann","nematodes"
"TP_T_B1_R1","Helicotylenchus",4540,"14/03/2023","baermann","nematodes"
"TP_T_B1_R1","Trichodorus",0,"14/03/2023","baermann","nematodes"
"TP_T_B1_R1","Tylenchorhynchus",9081,"14/03/2023","baermann","nematodes"
"TP_T_B1_R1","Tylenchidae",10897,"14/03/2023","baermann","nematodes"
"TP_T_B1_R1","Mylonchulus",303,"14/03/2023","baermann","nematodes"
"MC_C_B1_R1","Acrobeles",0,"14/03/2023","baermann","nematodes"
"MC_C_B1_R1","Acrobeloides",6373,"14/03/2023","baermann","nematodes"
"MC_C_B1_R1","Aporcelaimidae",0,"14/03/2023","baermann","nematodes"
"MC_C_B1_R1","Aprutides",0,"14/03/2023","baermann","nematodes"
"MC_C_B1_R1","Cervidellus",0,"14/03/2023","baermann","nematodes"
"MC_C_B1_R1","Chiloplacus",0,"14/03/2023","baermann","nematodes"
"MC_C_B1_R1","Eumonhystera",303,"14/03/2023","baermann","nematodes"
"MC_C_B1_R1","Anaplectus",0,"14/03/2023","baermann","nematodes"
"MC_C_B1_R1","Plectus",0,"14/03/2023","baermann","nematodes"
"MC_C_B1_R1","Tylocephalus",0,"14/03/2023","baermann","nematodes"
"MC_C_B1_R1","Panagrolaimus",6373,"14/03/2023","baermann","nematodes"
"MC_C_B1_R1","Rhabditidae",607,"14/03/2023","baermann","nematodes"
"MC_C_B1_R1","Rhabdolaimus",0,"14/03/2023","baermann","nematodes"
"MC_C_B1_R1","Prismatolaimus",0,"14/03/2023","baermann","nematodes"
"MC_C_B1_R1","Aphelenchus",13049,"14/03/2023","baermann","nematodes"
"MC_C_B1_R1","Aphelenchoides",1821,"14/03/2023","baermann","nematodes"
"MC_C_B1_R1","Diphtherophora",0,"14/03/2023","baermann","nematodes"
"MC_C_B1_R1","Mononchus",0,"14/03/2023","baermann","nematodes"
"MC_C_B1_R1","Microdorylaimus",0,"14/03/2023","baermann","nematodes"
"MC_C_B1_R1","Nygolaimidae",0,"14/03/2023","baermann","nematodes"
"MC_C_B1_R1","Discolaimus",0,"14/03/2023","baermann","nematodes"
"MC_C_B1_R1","Oxydirus",303,"14/03/2023","baermann","nematodes"
"MC_C_B1_R1","Eudorylaimus",0,"14/03/2023","baermann","nematodes"
"MC_C_B1_R1","Pratylenchus",10621,"14/03/2023","baermann","nematodes"
"MC_C_B1_R1","Prodorylaimus",0,"14/03/2023","baermann","nematodes"
"MC_C_B1_R1","Helicotylenchus",303,"14/03/2023","baermann","nematodes"
"MC_C_B1_R1","Trichodorus",0,"14/03/2023","baermann","nematodes"
"MC_C_B1_R1","Tylenchorhynchus",607,"14/03/2023","baermann","nematodes"
"MC_C_B1_R1","Tylenchidae",4855,"14/03/2023","baermann","nematodes"
"MC_C_B1_R1","Mylonchulus",0,"14/03/2023","baermann","nematodes"
"AF_T_B1_R1","Acrobeles",0,"14/03/2023","baermann","nematodes"
"AF_T_B1_R1","Acrobeloides",2848,"14/03/2023","baermann","nematodes"
"AF_T_B1_R1","Aporcelaimidae",0,"14/03/2023","baermann","nematodes"
"AF_T_B1_R1","Aprutides",0,"14/03/2023","baermann","nematodes"
"AF_T_B1_R1","Cervidellus",356,"14/03/2023","baermann","nematodes"
"AF_T_B1_R1","Chiloplacus",0,"14/03/2023","baermann","nematodes"
"AF_T_B1_R1","Eumonhystera",1424,"14/03/2023","baermann","nematodes"
"AF_T_B1_R1","Anaplectus",0,"14/03/2023","baermann","nematodes"
"AF_T_B1_R1","Plectus",1068,"14/03/2023","baermann","nematodes"
"AF_T_B1_R1","Tylocephalus",712,"14/03/2023","baermann","nematodes"
"AF_T_B1_R1","Panagrolaimus",0,"14/03/2023","baermann","nematodes"
"AF_T_B1_R1","Rhabditidae",0,"14/03/2023","baermann","nematodes"
"AF_T_B1_R1","Rhabdolaimus",356,"14/03/2023","baermann","nematodes"
"AF_T_B1_R1","Prismatolaimus",2314,"14/03/2023","baermann","nematodes"
"AF_T_B1_R1","Aphelenchus",8899,"14/03/2023","baermann","nematodes"
"AF_T_B1_R1","Aphelenchoides",356,"14/03/2023","baermann","nematodes"
"AF_T_B1_R1","Diphtherophora",0,"14/03/2023","baermann","nematodes"
"AF_T_B1_R1","Mononchus",0,"14/03/2023","baermann","nematodes"
"AF_T_B1_R1","Microdorylaimus",0,"14/03/2023","baermann","nematodes"
"AF_T_B1_R1","Nygolaimidae",0,"14/03/2023","baermann","nematodes"
"AF_T_B1_R1","Discolaimus",356,"14/03/2023","baermann","nematodes"
"AF_T_B1_R1","Oxydirus",0,"14/03/2023","baermann","nematodes"
"AF_T_B1_R1","Eudorylaimus",0,"14/03/2023","baermann","nematodes"
"AF_T_B1_R1","Pratylenchus",1424,"14/03/2023","baermann","nematodes"
"AF_T_B1_R1","Prodorylaimus",0,"14/03/2023","baermann","nematodes"
"AF_T_B1_R1","Helicotylenchus",2136,"14/03/2023","baermann","nematodes"
"AF_T_B1_R1","Trichodorus",0,"14/03/2023","baermann","nematodes"
"AF_T_B1_R1","Tylenchorhynchus",0,"14/03/2023","baermann","nematodes"
"AF_T_B1_R1","Tylenchidae",12102,"14/03/2023","baermann","nematodes"
"AF_T_B1_R1","Mylonchulus",0,"14/03/2023","baermann","nematodes"
"AF_C_B1_R1","Acrobeles",204,"14/03/2023","baermann","nematodes"
"AF_C_B1_R1","Acrobeloides",4076,"14/03/2023","baermann","nematodes"
"AF_C_B1_R1","Aporcelaimidae",0,"14/03/2023","baermann","nematodes"
"AF_C_B1_R1","Aprutides",0,"14/03/2023","baermann","nematodes"
"AF_C_B1_R1","Cervidellus",0,"14/03/2023","baermann","nematodes"
"AF_C_B1_R1","Chiloplacus",611,"14/03/2023","baermann","nematodes"
"AF_C_B1_R1","Eumonhystera",204,"14/03/2023","baermann","nematodes"
"AF_C_B1_R1","Anaplectus",0,"14/03/2023","baermann","nematodes"
"AF_C_B1_R1","Plectus",0,"14/03/2023","baermann","nematodes"
"AF_C_B1_R1","Tylocephalus",408,"14/03/2023","baermann","nematodes"
"AF_C_B1_R1","Panagrolaimus",6726,"14/03/2023","baermann","nematodes"
"AF_C_B1_R1","Rhabditidae",408,"14/03/2023","baermann","nematodes"
"AF_C_B1_R1","Rhabdolaimus",0,"14/03/2023","baermann","nematodes"
"AF_C_B1_R1","Prismatolaimus",204,"14/03/2023","baermann","nematodes"
"AF_C_B1_R1","Aphelenchus",3873,"14/03/2023","baermann","nematodes"
"AF_C_B1_R1","Aphelenchoides",6115,"14/03/2023","baermann","nematodes"
"AF_C_B1_R1","Diphtherophora",0,"14/03/2023","baermann","nematodes"
"AF_C_B1_R1","Mononchus",204,"14/03/2023","baermann","nematodes"
"AF_C_B1_R1","Microdorylaimus",0,"14/03/2023","baermann","nematodes"
"AF_C_B1_R1","Nygolaimidae",0,"14/03/2023","baermann","nematodes"
"AF_C_B1_R1","Discolaimus",0,"14/03/2023","baermann","nematodes"
"AF_C_B1_R1","Oxydirus",611,"14/03/2023","baermann","nematodes"
"AF_C_B1_R1","Eudorylaimus",0,"14/03/2023","baermann","nematodes"
"AF_C_B1_R1","Pratylenchus",3057,"14/03/2023","baermann","nematodes"
"AF_C_B1_R1","Prodorylaimus",0,"14/03/2023","baermann","nematodes"
"AF_C_B1_R1","Helicotylenchus",204,"14/03/2023","baermann","nematodes"
"AF_C_B1_R1","Trichodorus",0,"14/03/2023","baermann","nematodes"
"AF_C_B1_R1","Tylenchorhynchus",408,"14/03/2023","baermann","nematodes"
"AF_C_B1_R1","Tylenchidae",2854,"14/03/2023","baermann","nematodes"
"AF_C_B1_R1","Mylonchulus",0,"14/03/2023","baermann","nematodes"
"TP_T_B2_R1","Acrobeles",0,"14/03/2023","baermann","nematodes"
"TP_T_B2_R1","Acrobeloides",5008,"14/03/2023","baermann","nematodes"
"TP_T_B2_R1","Aporcelaimidae",0,"14/03/2023","baermann","nematodes"
"TP_T_B2_R1","Aprutides",0,"14/03/2023","baermann","nematodes"
"TP_T_B2_R1","Cervidellus",323,"14/03/2023","baermann","nematodes"
"TP_T_B2_R1","Chiloplacus",808,"14/03/2023","baermann","nematodes"
"TP_T_B2_R1","Eumonhystera",0,"14/03/2023","baermann","nematodes"
"TP_T_B2_R1","Anaplectus",0,"14/03/2023","baermann","nematodes"
"TP_T_B2_R1","Plectus",0,"14/03/2023","baermann","nematodes"
"TP_T_B2_R1","Tylocephalus",0,"14/03/2023","baermann","nematodes"
"TP_T_B2_R1","Panagrolaimus",1131,"14/03/2023","baermann","nematodes"
"TP_T_B2_R1","Rhabditidae",1777,"14/03/2023","baermann","nematodes"
"TP_T_B2_R1","Rhabdolaimus",0,"14/03/2023","baermann","nematodes"
"TP_T_B2_R1","Prismatolaimus",162,"14/03/2023","baermann","nematodes"
"TP_T_B2_R1","Aphelenchus",969,"14/03/2023","baermann","nematodes"
"TP_T_B2_R1","Aphelenchoides",3877,"14/03/2023","baermann","nematodes"
"TP_T_B2_R1","Diphtherophora",0,"14/03/2023","baermann","nematodes"
"TP_T_B2_R1","Mononchus",162,"14/03/2023","baermann","nematodes"
"TP_T_B2_R1","Microdorylaimus",0,"14/03/2023","baermann","nematodes"
"TP_T_B2_R1","Nygolaimidae",0,"14/03/2023","baermann","nematodes"
"TP_T_B2_R1","Discolaimus",0,"14/03/2023","baermann","nematodes"
"TP_T_B2_R1","Oxydirus",0,"14/03/2023","baermann","nematodes"
"TP_T_B2_R1","Eudorylaimus",0,"14/03/2023","baermann","nematodes"
"TP_T_B2_R1","Pratylenchus",3231,"14/03/2023","baermann","nematodes"
"TP_T_B2_R1","Prodorylaimus",0,"14/03/2023","baermann","nematodes"
"TP_T_B2_R1","Helicotylenchus",323,"14/03/2023","baermann","nematodes"
"TP_T_B2_R1","Trichodorus",0,"14/03/2023","baermann","nematodes"
"TP_T_B2_R1","Tylenchorhynchus",323,"14/03/2023","baermann","nematodes"
"TP_T_B2_R1","Tylenchidae",9370,"14/03/2023","baermann","nematodes"
"TP_T_B2_R1","Mylonchulus",0,"14/03/2023","baermann","nematodes"
"MC_C_B2_R1","Acrobeles",0,"14/03/2023","baermann","nematodes"
"MC_C_B2_R1","Acrobeloides",5233,"14/03/2023","baermann","nematodes"
"MC_C_B2_R1","Aporcelaimidae",0,"14/03/2023","baermann","nematodes"
"MC_C_B2_R1","Aprutides",0,"14/03/2023","baermann","nematodes"
"MC_C_B2_R1","Cervidellus",872,"14/03/2023","baermann","nematodes"
"MC_C_B2_R1","Chiloplacus",872,"14/03/2023","baermann","nematodes"
"MC_C_B2_R1","Eumonhystera",0,"14/03/2023","baermann","nematodes"
"MC_C_B2_R1","Anaplectus",0,"14/03/2023","baermann","nematodes"
"MC_C_B2_R1","Plectus",0,"14/03/2023","baermann","nematodes"
"MC_C_B2_R1","Tylocephalus",0,"14/03/2023","baermann","nematodes"
"MC_C_B2_R1","Panagrolaimus",47095,"14/03/2023","baermann","nematodes"
"MC_C_B2_R1","Rhabditidae",872,"14/03/2023","baermann","nematodes"
"MC_C_B2_R1","Rhabdolaimus",0,"14/03/2023","baermann","nematodes"
"MC_C_B2_R1","Prismatolaimus",872,"14/03/2023","baermann","nematodes"
"MC_C_B2_R1","Aphelenchus",20931,"14/03/2023","baermann","nematodes"
"MC_C_B2_R1","Aphelenchoides",27908,"14/03/2023","baermann","nematodes"
"MC_C_B2_R1","Diphtherophora",0,"14/03/2023","baermann","nematodes"
"MC_C_B2_R1","Mononchus",0,"14/03/2023","baermann","nematodes"
"MC_C_B2_R1","Microdorylaimus",0,"14/03/2023","baermann","nematodes"
"MC_C_B2_R1","Nygolaimidae",0,"14/03/2023","baermann","nematodes"
"MC_C_B2_R1","Discolaimus",0,"14/03/2023","baermann","nematodes"
"MC_C_B2_R1","Oxydirus",872,"14/03/2023","baermann","nematodes"
"MC_C_B2_R1","Eudorylaimus",0,"14/03/2023","baermann","nematodes"
"MC_C_B2_R1","Pratylenchus",6977,"14/03/2023","baermann","nematodes"
"MC_C_B2_R1","Prodorylaimus",0,"14/03/2023","baermann","nematodes"
"MC_C_B2_R1","Helicotylenchus",0,"14/03/2023","baermann","nematodes"
"MC_C_B2_R1","Trichodorus",0,"14/03/2023","baermann","nematodes"
"MC_C_B2_R1","Tylenchorhynchus",0,"14/03/2023","baermann","nematodes"
"MC_C_B2_R1","Tylenchidae",12210,"14/03/2023","baermann","nematodes"
"MC_C_B2_R1","Mylonchulus",0,"14/03/2023","baermann","nematodes"
"AF_T_B2_R1","Acrobeles",659,"14/03/2023","baermann","nematodes"
"AF_T_B2_R1","Acrobeloides",3516,"14/03/2023","baermann","nematodes"
"AF_T_B2_R1","Aporcelaimidae",0,"14/03/2023","baermann","nematodes"
"AF_T_B2_R1","Aprutides",0,"14/03/2023","baermann","nematodes"
"AF_T_B2_R1","Cervidellus",0,"14/03/2023","baermann","nematodes"
"AF_T_B2_R1","Chiloplacus",0,"14/03/2023","baermann","nematodes"
"AF_T_B2_R1","Eumonhystera",0,"14/03/2023","baermann","nematodes"
"AF_T_B2_R1","Anaplectus",0,"14/03/2023","baermann","nematodes"
"AF_T_B2_R1","Plectus",0,"14/03/2023","baermann","nematodes"
"AF_T_B2_R1","Tylocephalus",0,"14/03/2023","baermann","nematodes"
"AF_T_B2_R1","Panagrolaimus",659,"14/03/2023","baermann","nematodes"
"AF_T_B2_R1","Rhabditidae",440,"14/03/2023","baermann","nematodes"
"AF_T_B2_R1","Rhabdolaimus",0,"14/03/2023","baermann","nematodes"
"AF_T_B2_R1","Prismatolaimus",220,"14/03/2023","baermann","nematodes"
"AF_T_B2_R1","Aphelenchus",2857,"14/03/2023","baermann","nematodes"
"AF_T_B2_R1","Aphelenchoides",220,"14/03/2023","baermann","nematodes"
"AF_T_B2_R1","Diphtherophora",0,"14/03/2023","baermann","nematodes"
"AF_T_B2_R1","Mononchus",220,"14/03/2023","baermann","nematodes"
"AF_T_B2_R1","Microdorylaimus",0,"14/03/2023","baermann","nematodes"
"AF_T_B2_R1","Nygolaimidae",0,"14/03/2023","baermann","nematodes"
"AF_T_B2_R1","Discolaimus",0,"14/03/2023","baermann","nematodes"
"AF_T_B2_R1","Oxydirus",110,"14/03/2023","baermann","nematodes"
"AF_T_B2_R1","Eudorylaimus",0,"14/03/2023","baermann","nematodes"
"AF_T_B2_R1","Pratylenchus",2637,"14/03/2023","baermann","nematodes"
"AF_T_B2_R1","Prodorylaimus",0,"14/03/2023","baermann","nematodes"
"AF_T_B2_R1","Helicotylenchus",1319,"14/03/2023","baermann","nematodes"
"AF_T_B2_R1","Trichodorus",0,"14/03/2023","baermann","nematodes"
"AF_T_B2_R1","Tylenchorhynchus",220,"14/03/2023","baermann","nematodes"
"AF_T_B2_R1","Tylenchidae",5494,"14/03/2023","baermann","nematodes"
"AF_T_B2_R1","Mylonchulus",0,"14/03/2023","baermann","nematodes"
"AF_C_B2_R1","Acrobeles",506,"14/03/2023","baermann","nematodes"
"AF_C_B2_R1","Acrobeloides",3542,"14/03/2023","baermann","nematodes"
"AF_C_B2_R1","Aporcelaimidae",0,"14/03/2023","baermann","nematodes"
"AF_C_B2_R1","Aprutides",0,"14/03/2023","baermann","nematodes"
"AF_C_B2_R1","Cervidellus",0,"14/03/2023","baermann","nematodes"
"AF_C_B2_R1","Chiloplacus",0,"14/03/2023","baermann","nematodes"
"AF_C_B2_R1","Eumonhystera",0,"14/03/2023","baermann","nematodes"
"AF_C_B2_R1","Anaplectus",0,"14/03/2023","baermann","nematodes"
"AF_C_B2_R1","Plectus",506,"14/03/2023","baermann","nematodes"
"AF_C_B2_R1","Tylocephalus",0,"14/03/2023","baermann","nematodes"
"AF_C_B2_R1","Panagrolaimus",39978,"14/03/2023","baermann","nematodes"
"AF_C_B2_R1","Rhabditidae",5567,"14/03/2023","baermann","nematodes"
"AF_C_B2_R1","Rhabdolaimus",0,"14/03/2023","baermann","nematodes"
"AF_C_B2_R1","Prismatolaimus",0,"14/03/2023","baermann","nematodes"
"AF_C_B2_R1","Aphelenchus",15182,"14/03/2023","baermann","nematodes"
"AF_C_B2_R1","Aphelenchoides",6073,"14/03/2023","baermann","nematodes"
"AF_C_B2_R1","Diphtherophora",0,"14/03/2023","baermann","nematodes"
"AF_C_B2_R1","Mononchus",0,"14/03/2023","baermann","nematodes"
"AF_C_B2_R1","Microdorylaimus",0,"14/03/2023","baermann","nematodes"
"AF_C_B2_R1","Nygolaimidae",0,"14/03/2023","baermann","nematodes"
"AF_C_B2_R1","Discolaimus",0,"14/03/2023","baermann","nematodes"
"AF_C_B2_R1","Oxydirus",506,"14/03/2023","baermann","nematodes"
"AF_C_B2_R1","Eudorylaimus",0,"14/03/2023","baermann","nematodes"
"AF_C_B2_R1","Pratylenchus",9615,"14/03/2023","baermann","nematodes"
"AF_C_B2_R1","Prodorylaimus",0,"14/03/2023","baermann","nematodes"
"AF_C_B2_R1","Helicotylenchus",0,"14/03/2023","baermann","nematodes"
"AF_C_B2_R1","Trichodorus",0,"14/03/2023","baermann","nematodes"
"AF_C_B2_R1","Tylenchorhynchus",0,"14/03/2023","baermann","nematodes"
"AF_C_B2_R1","Tylenchidae",2024,"14/03/2023","baermann","nematodes"
"AF_C_B2_R1","Mylonchulus",0,"14/03/2023","baermann","nematodes"
"TP_T_B3_R1","Acrobeles",146,"14/03/2023","baermann","nematodes"
"TP_T_B3_R1","Acrobeloides",3361,"14/03/2023","baermann","nematodes"
"TP_T_B3_R1","Aporcelaimidae",0,"14/03/2023","baermann","nematodes"
"TP_T_B3_R1","Aprutides",0,"14/03/2023","baermann","nematodes"
"TP_T_B3_R1","Cervidellus",0,"14/03/2023","baermann","nematodes"
"TP_T_B3_R1","Chiloplacus",292,"14/03/2023","baermann","nematodes"
"TP_T_B3_R1","Eumonhystera",146,"14/03/2023","baermann","nematodes"
"TP_T_B3_R1","Anaplectus",0,"14/03/2023","baermann","nematodes"
"TP_T_B3_R1","Plectus",731,"14/03/2023","baermann","nematodes"
"TP_T_B3_R1","Tylocephalus",146,"14/03/2023","baermann","nematodes"
"TP_T_B3_R1","Panagrolaimus",0,"14/03/2023","baermann","nematodes"
"TP_T_B3_R1","Rhabditidae",0,"14/03/2023","baermann","nematodes"
"TP_T_B3_R1","Rhabdolaimus",0,"14/03/2023","baermann","nematodes"
"TP_T_B3_R1","Prismatolaimus",0,"14/03/2023","baermann","nematodes"
"TP_T_B3_R1","Aphelenchus",6722,"14/03/2023","baermann","nematodes"
"TP_T_B3_R1","Aphelenchoides",146,"14/03/2023","baermann","nematodes"
"TP_T_B3_R1","Diphtherophora",0,"14/03/2023","baermann","nematodes"
"TP_T_B3_R1","Mononchus",146,"14/03/2023","baermann","nematodes"
"TP_T_B3_R1","Microdorylaimus",0,"14/03/2023","baermann","nematodes"
"TP_T_B3_R1","Nygolaimidae",0,"14/03/2023","baermann","nematodes"
"TP_T_B3_R1","Discolaimus",146,"14/03/2023","baermann","nematodes"
"TP_T_B3_R1","Oxydirus",0,"14/03/2023","baermann","nematodes"
"TP_T_B3_R1","Eudorylaimus",0,"14/03/2023","baermann","nematodes"
"TP_T_B3_R1","Pratylenchus",1169,"14/03/2023","baermann","nematodes"
"TP_T_B3_R1","Prodorylaimus",0,"14/03/2023","baermann","nematodes"
"TP_T_B3_R1","Helicotylenchus",3654,"14/03/2023","baermann","nematodes"
"TP_T_B3_R1","Trichodorus",0,"14/03/2023","baermann","nematodes"
"TP_T_B3_R1","Tylenchorhynchus",0,"14/03/2023","baermann","nematodes"
"TP_T_B3_R1","Tylenchidae",5846,"14/03/2023","baermann","nematodes"
"TP_T_B3_R1","Mylonchulus",0,"14/03/2023","baermann","nematodes"
"MC_C_B3_R1","Acrobeles",0,"14/03/2023","baermann","nematodes"
"MC_C_B3_R1","Acrobeloides",22769,"14/03/2023","baermann","nematodes"
"MC_C_B3_R1","Aporcelaimidae",0,"14/03/2023","baermann","nematodes"
"MC_C_B3_R1","Aprutides",0,"14/03/2023","baermann","nematodes"
"MC_C_B3_R1","Cervidellus",393,"14/03/2023","baermann","nematodes"
"MC_C_B3_R1","Chiloplacus",1963,"14/03/2023","baermann","nematodes"
"MC_C_B3_R1","Eumonhystera",393,"14/03/2023","baermann","nematodes"
"MC_C_B3_R1","Anaplectus",0,"14/03/2023","baermann","nematodes"
"MC_C_B3_R1","Plectus",0,"14/03/2023","baermann","nematodes"
"MC_C_B3_R1","Tylocephalus",0,"14/03/2023","baermann","nematodes"
"MC_C_B3_R1","Panagrolaimus",4711,"14/03/2023","baermann","nematodes"
"MC_C_B3_R1","Rhabditidae",785,"14/03/2023","baermann","nematodes"
"MC_C_B3_R1","Rhabdolaimus",0,"14/03/2023","baermann","nematodes"
"MC_C_B3_R1","Prismatolaimus",0,"14/03/2023","baermann","nematodes"
"MC_C_B3_R1","Aphelenchus",24339,"14/03/2023","baermann","nematodes"
"MC_C_B3_R1","Aphelenchoides",3141,"14/03/2023","baermann","nematodes"
"MC_C_B3_R1","Diphtherophora",0,"14/03/2023","baermann","nematodes"
"MC_C_B3_R1","Mononchus",0,"14/03/2023","baermann","nematodes"
"MC_C_B3_R1","Microdorylaimus",0,"14/03/2023","baermann","nematodes"
"MC_C_B3_R1","Nygolaimidae",0,"14/03/2023","baermann","nematodes"
"MC_C_B3_R1","Discolaimus",0,"14/03/2023","baermann","nematodes"
"MC_C_B3_R1","Oxydirus",393,"14/03/2023","baermann","nematodes"
"MC_C_B3_R1","Eudorylaimus",0,"14/03/2023","baermann","nematodes"
"MC_C_B3_R1","Pratylenchus",10599,"14/03/2023","baermann","nematodes"
"MC_C_B3_R1","Prodorylaimus",0,"14/03/2023","baermann","nematodes"
"MC_C_B3_R1","Helicotylenchus",393,"14/03/2023","baermann","nematodes"
"MC_C_B3_R1","Trichodorus",393,"14/03/2023","baermann","nematodes"
"MC_C_B3_R1","Tylenchorhynchus",0,"14/03/2023","baermann","nematodes"
"MC_C_B3_R1","Tylenchidae",3926,"14/03/2023","baermann","nematodes"
"MC_C_B3_R1","Mylonchulus",0,"14/03/2023","baermann","nematodes"
"AF_T_B3_R1","Acrobeles",659,"14/03/2023","baermann","nematodes"
"AF_T_B3_R1","Acrobeloides",3458,"14/03/2023","baermann","nematodes"
"AF_T_B3_R1","Aporcelaimidae",0,"14/03/2023","baermann","nematodes"
"AF_T_B3_R1","Aprutides",0,"14/03/2023","baermann","nematodes"
"AF_T_B3_R1","Cervidellus",165,"14/03/2023","baermann","nematodes"
"AF_T_B3_R1","Chiloplacus",494,"14/03/2023","baermann","nematodes"
"AF_T_B3_R1","Eumonhystera",0,"14/03/2023","baermann","nematodes"
"AF_T_B3_R1","Anaplectus",0,"14/03/2023","baermann","nematodes"
"AF_T_B3_R1","Plectus",823,"14/03/2023","baermann","nematodes"
"AF_T_B3_R1","Tylocephalus",329,"14/03/2023","baermann","nematodes"
"AF_T_B3_R1","Panagrolaimus",494,"14/03/2023","baermann","nematodes"
"AF_T_B3_R1","Rhabditidae",494,"14/03/2023","baermann","nematodes"
"AF_T_B3_R1","Rhabdolaimus",0,"14/03/2023","baermann","nematodes"
"AF_T_B3_R1","Prismatolaimus",1976,"14/03/2023","baermann","nematodes"
"AF_T_B3_R1","Aphelenchus",4446,"14/03/2023","baermann","nematodes"
"AF_T_B3_R1","Aphelenchoides",0,"14/03/2023","baermann","nematodes"
"AF_T_B3_R1","Diphtherophora",0,"14/03/2023","baermann","nematodes"
"AF_T_B3_R1","Mononchus",165,"14/03/2023","baermann","nematodes"
"AF_T_B3_R1","Microdorylaimus",0,"14/03/2023","baermann","nematodes"
"AF_T_B3_R1","Nygolaimidae",0,"14/03/2023","baermann","nematodes"
"AF_T_B3_R1","Discolaimus",0,"14/03/2023","baermann","nematodes"
"AF_T_B3_R1","Oxydirus",0,"14/03/2023","baermann","nematodes"
"AF_T_B3_R1","Eudorylaimus",165,"14/03/2023","baermann","nematodes"
"AF_T_B3_R1","Pratylenchus",5105,"14/03/2023","baermann","nematodes"
"AF_T_B3_R1","Prodorylaimus",0,"14/03/2023","baermann","nematodes"
"AF_T_B3_R1","Helicotylenchus",2964,"14/03/2023","baermann","nematodes"
"AF_T_B3_R1","Trichodorus",0,"14/03/2023","baermann","nematodes"
"AF_T_B3_R1","Tylenchorhynchus",0,"14/03/2023","baermann","nematodes"
"AF_T_B3_R1","Tylenchidae",4446,"14/03/2023","baermann","nematodes"
"AF_T_B3_R1","Mylonchulus",0,"14/03/2023","baermann","nematodes"
"AF_C_B3_R1","Acrobeles",0,"14/03/2023","baermann","nematodes"
"AF_C_B3_R1","Acrobeloides",3343,"14/03/2023","baermann","nematodes"
"AF_C_B3_R1","Aporcelaimidae",0,"14/03/2023","baermann","nematodes"
"AF_C_B3_R1","Aprutides",0,"14/03/2023","baermann","nematodes"
"AF_C_B3_R1","Cervidellus",0,"14/03/2023","baermann","nematodes"
"AF_C_B3_R1","Chiloplacus",1254,"14/03/2023","baermann","nematodes"
"AF_C_B3_R1","Eumonhystera",0,"14/03/2023","baermann","nematodes"
"AF_C_B3_R1","Anaplectus",0,"14/03/2023","baermann","nematodes"
"AF_C_B3_R1","Plectus",0,"14/03/2023","baermann","nematodes"
"AF_C_B3_R1","Tylocephalus",0,"14/03/2023","baermann","nematodes"
"AF_C_B3_R1","Panagrolaimus",10866,"14/03/2023","baermann","nematodes"
"AF_C_B3_R1","Rhabditidae",418,"14/03/2023","baermann","nematodes"
"AF_C_B3_R1","Rhabdolaimus",0,"14/03/2023","baermann","nematodes"
"AF_C_B3_R1","Prismatolaimus",0,"14/03/2023","baermann","nematodes"
"AF_C_B3_R1","Aphelenchus",33435,"14/03/2023","baermann","nematodes"
"AF_C_B3_R1","Aphelenchoides",5015,"14/03/2023","baermann","nematodes"
"AF_C_B3_R1","Diphtherophora",0,"14/03/2023","baermann","nematodes"
"AF_C_B3_R1","Mononchus",0,"14/03/2023","baermann","nematodes"
"AF_C_B3_R1","Microdorylaimus",0,"14/03/2023","baermann","nematodes"
"AF_C_B3_R1","Nygolaimidae",0,"14/03/2023","baermann","nematodes"
"AF_C_B3_R1","Discolaimus",0,"14/03/2023","baermann","nematodes"
"AF_C_B3_R1","Oxydirus",0,"14/03/2023","baermann","nematodes"
"AF_C_B3_R1","Eudorylaimus",418,"14/03/2023","baermann","nematodes"
"AF_C_B3_R1","Pratylenchus",4179,"14/03/2023","baermann","nematodes"
"AF_C_B3_R1","Prodorylaimus",0,"14/03/2023","baermann","nematodes"
"AF_C_B3_R1","Helicotylenchus",418,"14/03/2023","baermann","nematodes"
"AF_C_B3_R1","Trichodorus",0,"14/03/2023","baermann","nematodes"
"AF_C_B3_R1","Tylenchorhynchus",0,"14/03/2023","baermann","nematodes"
"AF_C_B3_R1","Tylenchidae",3343,"14/03/2023","baermann","nematodes"
"AF_C_B3_R1","Mylonchulus",0,"14/03/2023","baermann","nematodes"
