"","queryName","queryId","matchName","matchId","guildId","guildName","reference","graph"
"1","Dasytes","NA","Dasytes virens","c(""NCBITaxon:1587230"", ""NCBI:1587230"", ""GBIF:4449929"", ""https://tree.opentreeoflife.org/opentree/ottol@3356427"")","ECOCORE:00000010","heterotroph","NA","onto:implicit"
"2","Dasytes","NA","Dasytes virens","c(""NCBITaxon:1587230"", ""NCBI:1587230"", ""GBIF:4449929"", ""https://tree.opentreeoflife.org/opentree/ottol@3356427"")","ECOCORE:00000088","carnivore","NA","gratin:gossner_arthropoda"
"3","Dasytes","NA","Dasytes aeratus","c(""NCBITaxon:433036"", ""NCBI:433036"", ""GBIF:4449953"", ""https://tree.opentreeoflife.org/opentree/ottol@387619"")","ECOCORE:00000010","heterotroph","NA","onto:implicit"
"4","Dasytes","NA","Dasytes aeratus","c(""NCBITaxon:433036"", ""NCBI:433036"", ""GBIF:4449953"", ""https://tree.opentreeoflife.org/opentree/ottol@387619"")","ECOCORE:00000088","carnivore","NA","gratin:gossner_arthropoda"
"5","Dasytes","NA","Dasytes plumbeus","c(""NCBITaxon:433038"", ""NCBI:433038"", ""GBIF:4449948"", ""https://tree.opentreeoflife.org/opentree/ottol@387624"")","ECOCORE:00000010","heterotroph","NA","onto:implicit"
"6","Dasytes","NA","Dasytes plumbeus","c(""NCBITaxon:433038"", ""NCBI:433038"", ""GBIF:4449948"", ""https://tree.opentreeoflife.org/opentree/ottol@387624"")","ECOCORE:00000088","carnivore","NA","gratin:gossner_arthropoda"
"7","Anaspis","NA","Anaspis flava","c(""NCBITaxon:1553069"", ""NCBI:1553069"", ""https://tree.opentreeoflife.org/opentree/ottol@3357086"", ""GBIF:5750812"")","ECOCORE:00000010","heterotroph","NA","onto:implicit"
"8","Anaspis","NA","Anaspis flava","c(""NCBITaxon:1553069"", ""NCBI:1553069"", ""https://tree.opentreeoflife.org/opentree/ottol@3357086"", ""GBIF:5750812"")","ECOCORE:00000088","carnivore","NA","gratin:gossner_arthropoda"
"9","Anaspis","NA","Anaspis flava","c(""NCBITaxon:1553069"", ""NCBI:1553069"", ""https://tree.opentreeoflife.org/opentree/ottol@3357086"", ""GBIF:5750812"")","ECOCORE:00000019","herbivore","NA","gratin:gossner_arthropoda"
"10","Anaspis","NA","Anaspis frontalis","c(""NCBITaxon:433021"", ""NCBI:433021"", ""https://tree.opentreeoflife.org/opentree/ottol@963793"", ""GBIF:5750877"")","ECOCORE:00000010","heterotroph","NA","onto:implicit"
"11","Anaspis","NA","Anaspis frontalis","c(""NCBITaxon:433021"", ""NCBI:433021"", ""https://tree.opentreeoflife.org/opentree/ottol@963793"", ""GBIF:5750877"")","ECOCORE:00000019","herbivore","NA","gratin:gossner_arthropoda"
"12","Anaspis","NA","Anaspis frontalis","c(""NCBITaxon:433021"", ""NCBI:433021"", ""https://tree.opentreeoflife.org/opentree/ottol@963793"", ""GBIF:5750877"")","ECOCORE:00000054","decomposer","NA","onto:implicit"
"13","Anaspis","NA","Anaspis frontalis","c(""NCBITaxon:433021"", ""NCBI:433021"", ""https://tree.opentreeoflife.org/opentree/ottol@963793"", ""GBIF:5750877"")","ECOCORE:00000055","detritivore","NA","gratin:gossner_arthropoda"
"14","Anaspis","NA","Anaspis frontalis","c(""NCBITaxon:433021"", ""NCBI:433021"", ""https://tree.opentreeoflife.org/opentree/ottol@963793"", ""GBIF:5750877"")","ECOCORE:00000088","carnivore","NA","gratin:gossner_arthropoda"
"15","Anaspis","NA","Anaspis rufilabris","c(""NCBITaxon:433025"", ""NCBI:433025"", ""https://tree.opentreeoflife.org/opentree/ottol@963802"", ""GBIF:5750811"")","ECOCORE:00000010","heterotroph","NA","onto:implicit"
"16","Anaspis","NA","Anaspis rufilabris","c(""NCBITaxon:433025"", ""NCBI:433025"", ""https://tree.opentreeoflife.org/opentree/ottol@963802"", ""GBIF:5750811"")","ECOCORE:00000054","decomposer","NA","onto:implicit"
"17","Anaspis","NA","Anaspis rufilabris","c(""NCBITaxon:433025"", ""NCBI:433025"", ""https://tree.opentreeoflife.org/opentree/ottol@963802"", ""GBIF:5750811"")","ECOCORE:00000055","detritivore","NA","gratin:gossner_arthropoda"
"18","Anaspis","NA","Anaspis rufilabris","c(""NCBITaxon:433025"", ""NCBI:433025"", ""https://tree.opentreeoflife.org/opentree/ottol@963802"", ""GBIF:5750811"")","ECOCORE:00000088","carnivore","NA","gratin:gossner_arthropoda"
"19","Anaspis","NA","Anaspis rufilabris","c(""NCBITaxon:433025"", ""NCBI:433025"", ""https://tree.opentreeoflife.org/opentree/ottol@963802"", ""GBIF:5750811"")","ECOCORE:00000019","herbivore","NA","gratin:gossner_arthropoda"
"20","Plagiolepis","NA","Plagiolepis pygmaea","c(""NCBITaxon:72798"", ""NCBI:72798"", ""https://tree.opentreeoflife.org/opentree/ottol@63950"", ""GBIF:1320777"")","ECOCORE:00000010","heterotroph","NA","onto:implicit"
"21","Plagiolepis","NA","Plagiolepis pygmaea","c(""NCBITaxon:72798"", ""NCBI:72798"", ""https://tree.opentreeoflife.org/opentree/ottol@63950"", ""GBIF:1320777"")","SFWO:0000062","microorganism","NA","onto:implicit"
"22","Plagiolepis","NA","Plagiolepis pygmaea","c(""NCBITaxon:72798"", ""NCBI:72798"", ""https://tree.opentreeoflife.org/opentree/ottol@63950"", ""GBIF:1320777"")","ECOCORE:00000088","carnivore","NA","onto:implicit"
"23","Plagiolepis","NA","Plagiolepis pygmaea","c(""NCBITaxon:72798"", ""NCBI:72798"", ""https://tree.opentreeoflife.org/opentree/ottol@63950"", ""GBIF:1320777"")","SFWO:0000009","exudativore","NA","onto:implicit"
"24","Plagiolepis","NA","Plagiolepis pygmaea","c(""NCBITaxon:72798"", ""NCBI:72798"", ""https://tree.opentreeoflife.org/opentree/ottol@63950"", ""GBIF:1320777"")","SFWO:0000020","honeydew feeder","NA","onto:implicit"
"25","Runcinia","NA","Runcinia","c(""NCBITaxon:486328"", ""NCBI:486328"", ""https://tree.opentreeoflife.org/opentree/ottol@945336"", ""GBIF:2165509"")","ECOCORE:00000010","heterotroph","NA","onto:implicit"
"26","Runcinia","NA","Runcinia","c(""NCBITaxon:486328"", ""NCBI:486328"", ""https://tree.opentreeoflife.org/opentree/ottol@945336"", ""GBIF:2165509"")","ECOCORE:00000088","carnivore","NA","onto:implicit"
"27","Runcinia","NA","Runcinia grammica","c(""NCBITaxon:2003129"", ""NCBI:2003129"", ""https://tree.opentreeoflife.org/opentree/ottol@3549740"", ""GBIF:2165513"")","ECOCORE:00000010","heterotroph","NA","onto:implicit"
"28","Runcinia","NA","Runcinia grammica","c(""NCBITaxon:2003129"", ""NCBI:2003129"", ""https://tree.opentreeoflife.org/opentree/ottol@3549740"", ""GBIF:2165513"")","ECOCORE:00000088","carnivore","NA","onto:implicit"
"29","Piezodorus","NA","Piezodorus lituratus","c(""NCBITaxon:305495"", ""NCBI:305495"", ""GBIF:2078821"", ""https://tree.opentreeoflife.org/opentree/ottol@682695"")","ECOCORE:00000010","heterotroph","NA","onto:implicit"
"30","Piezodorus","NA","Piezodorus lituratus","c(""NCBITaxon:305495"", ""NCBI:305495"", ""GBIF:2078821"", ""https://tree.opentreeoflife.org/opentree/ottol@682695"")","ECOCORE:00000019","herbivore","NA","gratin:gossner_arthropoda"
"31","Synema","NA","Synema globosum","c(""NCBITaxon:1112488"", ""NCBI:1112488"", ""https://tree.opentreeoflife.org/opentree/ottol@219969"", ""GBIF:5171516"")","ECOCORE:00000010","heterotroph","NA","onto:implicit"
"32","Synema","NA","Synema globosum","c(""NCBITaxon:1112488"", ""NCBI:1112488"", ""https://tree.opentreeoflife.org/opentree/ottol@219969"", ""GBIF:5171516"")","ECOCORE:00000088","carnivore","NA","onto:implicit"
"33","Synema","NA","Synema","c(""NCBITaxon:635342"", ""NCBI:635342"", ""https://tree.opentreeoflife.org/opentree/ottol@735737"", ""GBIF:2166255"")","ECOCORE:00000010","heterotroph","NA","onto:implicit"
"34","Synema","NA","Synema","c(""NCBITaxon:635342"", ""NCBI:635342"", ""https://tree.opentreeoflife.org/opentree/ottol@735737"", ""GBIF:2166255"")","ECOCORE:00000088","carnivore","NA","onto:implicit"
"35","Psallus","NA","Psallus ambiguus","c(""NCBITaxon:1545226"", ""NCBI:1545226"", ""https://tree.opentreeoflife.org/opentree/ottol@3477000"", ""GBIF:4488715"")","ECOCORE:00000010","heterotroph","NA","onto:implicit"
"36","Psallus","NA","Psallus ambiguus","c(""NCBITaxon:1545226"", ""NCBI:1545226"", ""https://tree.opentreeoflife.org/opentree/ottol@3477000"", ""GBIF:4488715"")","ECOCORE:00000019","herbivore","NA","gratin:gossner_arthropoda"
"37","Psallus","NA","Psallus ambiguus","c(""NCBITaxon:1545226"", ""NCBI:1545226"", ""https://tree.opentreeoflife.org/opentree/ottol@3477000"", ""GBIF:4488715"")","ECOCORE:00000088","carnivore","NA","gratin:gossner_arthropoda"
"38","Psallus","NA","Psallus varians","c(""NCBITaxon:1545233"", ""NCBI:1545233"", ""https://tree.opentreeoflife.org/opentree/ottol@3476959"", ""GBIF:4488696"")","ECOCORE:00000010","heterotroph","NA","onto:implicit"
"39","Psallus","NA","Psallus varians","c(""NCBITaxon:1545233"", ""NCBI:1545233"", ""https://tree.opentreeoflife.org/opentree/ottol@3476959"", ""GBIF:4488696"")","ECOCORE:00000019","herbivore","NA","gratin:gossner_arthropoda"
"40","Psallus","NA","Psallus varians","c(""NCBITaxon:1545233"", ""NCBI:1545233"", ""https://tree.opentreeoflife.org/opentree/ottol@3476959"", ""GBIF:4488696"")","ECOCORE:00000088","carnivore","NA","gratin:gossner_arthropoda"
"41","Psallus","NA","Psallus perrisi","c(""NCBITaxon:2882745"", ""NCBI:2882745"", ""GBIF:4488729"")","ECOCORE:00000010","heterotroph","NA","onto:implicit"
"42","Psallus","NA","Psallus perrisi","c(""NCBITaxon:2882745"", ""NCBI:2882745"", ""GBIF:4488729"")","ECOCORE:00000088","carnivore","NA","gratin:gossner_arthropoda"
"43","Psallus","NA","Psallus perrisi","c(""NCBITaxon:2882745"", ""NCBI:2882745"", ""GBIF:4488729"")","ECOCORE:00000019","herbivore","NA","gratin:gossner_arthropoda"
"44","Phylloneta","NA","Phylloneta","c(""NCBITaxon:1405155"", ""NCBI:1405155"", ""https://tree.opentreeoflife.org/opentree/ottol@3564148"", ""GBIF:4407945"")","ECOCORE:00000010","heterotroph","NA","onto:implicit"
"45","Phylloneta","NA","Phylloneta","c(""NCBITaxon:1405155"", ""NCBI:1405155"", ""https://tree.opentreeoflife.org/opentree/ottol@3564148"", ""GBIF:4407945"")","ECOCORE:00000088","carnivore","NA","onto:implicit"
"46","Phylloneta","NA","Phylloneta impressa","c(""NCBITaxon:1405156"", ""NCBI:1405156"", ""GBIF:6718007"", ""https://tree.opentreeoflife.org/opentree/ottol@5125972"")","ECOCORE:00000010","heterotroph","NA","onto:implicit"
"47","Phylloneta","NA","Phylloneta impressa","c(""NCBITaxon:1405156"", ""NCBI:1405156"", ""GBIF:6718007"", ""https://tree.opentreeoflife.org/opentree/ottol@5125972"")","ECOCORE:00000088","carnivore","NA","gratin:gossner_arthropoda"
"48","Phylloneta","NA","Phylloneta sisyphia","c(""NCBITaxon:1871992"", ""NCBI:1871992"", ""https://tree.opentreeoflife.org/opentree/ottol@3563149"", ""GBIF:4550668"")","ECOCORE:00000010","heterotroph","NA","onto:implicit"
"49","Phylloneta","NA","Phylloneta sisyphia","c(""NCBITaxon:1871992"", ""NCBI:1871992"", ""https://tree.opentreeoflife.org/opentree/ottol@3563149"", ""GBIF:4550668"")","ECOCORE:00000088","carnivore","NA","onto:implicit"
"50","Phylloneta","NA","Phylloneta sisyphia","c(""NCBITaxon:1871992"", ""NCBI:1871992"", ""https://tree.opentreeoflife.org/opentree/ottol@3563149"", ""GBIF:4550668"")","ECOCORE:00000088","carnivore","NA","gratin:gossner_arthropoda"
"51","Crematogaster","NA","Crematogaster","c(""NCBITaxon:29040"", ""NCBI:29040"", ""GBIF:1324306"", ""https://tree.opentreeoflife.org/opentree/ottol@481823"")","SFWO:0000062","microorganism","NA","onto:implicit"
"52","Crematogaster","NA","Crematogaster <genus>","NCBITaxon:29040","SFWO:0000062","microorganism","NA","onto:implicit"
"53","Crematogaster","NA","Crematogaster sordidula","c(""NCBITaxon:1201382"", ""NCBI:1201382"", ""GBIF:1324934"", ""https://tree.opentreeoflife.org/opentree/ottol@80649"")","ECOCORE:00000010","heterotroph","NA","onto:implicit"
"54","Crematogaster","NA","Crematogaster sordidula","c(""NCBITaxon:1201382"", ""NCBI:1201382"", ""GBIF:1324934"", ""https://tree.opentreeoflife.org/opentree/ottol@80649"")","SFWO:0000062","microorganism","NA","onto:implicit"
"55","Crematogaster","NA","Crematogaster sordidula","c(""NCBITaxon:1201382"", ""NCBI:1201382"", ""GBIF:1324934"", ""https://tree.opentreeoflife.org/opentree/ottol@80649"")","ECOCORE:00000088","carnivore","NA","onto:implicit"
"56","Crematogaster","NA","Crematogaster sordidula","c(""NCBITaxon:1201382"", ""NCBI:1201382"", ""GBIF:1324934"", ""https://tree.opentreeoflife.org/opentree/ottol@80649"")","ECOCORE:00000019","herbivore","NA","onto:implicit"
"57","Crematogaster","NA","Crematogaster sordidula","c(""NCBITaxon:1201382"", ""NCBI:1201382"", ""GBIF:1324934"", ""https://tree.opentreeoflife.org/opentree/ottol@80649"")","ECOCORE:00000140","nectarivore","NA","onto:implicit"
"58","Crematogaster","NA","Crematogaster sordidula","c(""NCBITaxon:1201382"", ""NCBI:1201382"", ""GBIF:1324934"", ""https://tree.opentreeoflife.org/opentree/ottol@80649"")","SFWO:0000068","plant exudate feeder","NA","onto:implicit"
"59","Crematogaster","NA","Crematogaster sordidula","c(""NCBITaxon:1201382"", ""NCBI:1201382"", ""GBIF:1324934"", ""https://tree.opentreeoflife.org/opentree/ottol@80649"")","SFWO:0000009","exudativore","NA","onto:implicit"
"60","Crematogaster","NA","Crematogaster sordidula","c(""NCBITaxon:1201382"", ""NCBI:1201382"", ""GBIF:1324934"", ""https://tree.opentreeoflife.org/opentree/ottol@80649"")","SFWO:0000020","honeydew feeder","NA","onto:implicit"
"61","Crematogaster","NA","Crematogaster scutellaris","c(""NCBITaxon:255218"", ""NCBI:255218"", ""GBIF:1325120"", ""https://tree.opentreeoflife.org/opentree/ottol@313149"")","ECOCORE:00000010","heterotroph","NA","onto:implicit"
"62","Crematogaster","NA","Crematogaster scutellaris","c(""NCBITaxon:255218"", ""NCBI:255218"", ""GBIF:1325120"", ""https://tree.opentreeoflife.org/opentree/ottol@313149"")","ECOCORE:00000054","decomposer","NA","onto:implicit"
"63","Crematogaster","NA","Crematogaster scutellaris","c(""NCBITaxon:255218"", ""NCBI:255218"", ""GBIF:1325120"", ""https://tree.opentreeoflife.org/opentree/ottol@313149"")","ECOCORE:00000055","detritivore","NA","onto:implicit"
"64","Crematogaster","NA","Crematogaster scutellaris","c(""NCBITaxon:255218"", ""NCBI:255218"", ""GBIF:1325120"", ""https://tree.opentreeoflife.org/opentree/ottol@313149"")","ECOCORE:00000056","saprotroph","NA","onto:implicit"
"65","Crematogaster","NA","Crematogaster scutellaris","c(""NCBITaxon:255218"", ""NCBI:255218"", ""GBIF:1325120"", ""https://tree.opentreeoflife.org/opentree/ottol@313149"")","SFWO:0000062","microorganism","NA","onto:implicit"
"66","Crematogaster","NA","Crematogaster scutellaris","c(""NCBITaxon:255218"", ""NCBI:255218"", ""GBIF:1325120"", ""https://tree.opentreeoflife.org/opentree/ottol@313149"")","ECOCORE:00000088","carnivore","NA","onto:implicit"
"67","Crematogaster","NA","Crematogaster scutellaris","c(""NCBITaxon:255218"", ""NCBI:255218"", ""GBIF:1325120"", ""https://tree.opentreeoflife.org/opentree/ottol@313149"")","ECOCORE:00000090","scavenger","NA","onto:implicit"
"68","Crematogaster","NA","Crematogaster scutellaris","c(""NCBITaxon:255218"", ""NCBI:255218"", ""GBIF:1325120"", ""https://tree.opentreeoflife.org/opentree/ottol@313149"")","ECOCORE:00000019","herbivore","NA","onto:implicit"
"69","Crematogaster","NA","Crematogaster scutellaris","c(""NCBITaxon:255218"", ""NCBI:255218"", ""GBIF:1325120"", ""https://tree.opentreeoflife.org/opentree/ottol@313149"")","ECOCORE:00000140","nectarivore","NA","onto:implicit"
"70","Crematogaster","NA","Crematogaster scutellaris","c(""NCBITaxon:255218"", ""NCBI:255218"", ""GBIF:1325120"", ""https://tree.opentreeoflife.org/opentree/ottol@313149"")","SFWO:0000068","plant exudate feeder","NA","onto:implicit"
"71","Crematogaster","NA","Crematogaster scutellaris","c(""NCBITaxon:255218"", ""NCBI:255218"", ""GBIF:1325120"", ""https://tree.opentreeoflife.org/opentree/ottol@313149"")","SFWO:0000009","exudativore","NA","onto:implicit"
"72","Crematogaster","NA","Crematogaster scutellaris","c(""NCBITaxon:255218"", ""NCBI:255218"", ""GBIF:1325120"", ""https://tree.opentreeoflife.org/opentree/ottol@313149"")","SFWO:0000020","honeydew feeder","NA","onto:implicit"
"73","Crematogaster","NA","Crematogaster auberti","c(""NCBITaxon:622700"", ""NCBI:622700"", ""https://tree.opentreeoflife.org/opentree/ottol@651551"", ""GBIF:1325084"")","ECOCORE:00000010","heterotroph","NA","onto:implicit"
"74","Crematogaster","NA","Crematogaster auberti","c(""NCBITaxon:622700"", ""NCBI:622700"", ""https://tree.opentreeoflife.org/opentree/ottol@651551"", ""GBIF:1325084"")","ECOCORE:00000019","herbivore","NA","onto:implicit"
"75","Crematogaster","NA","Crematogaster auberti","c(""NCBITaxon:622700"", ""NCBI:622700"", ""https://tree.opentreeoflife.org/opentree/ottol@651551"", ""GBIF:1325084"")","SFWO:0000062","microorganism","NA","onto:implicit"
"76","Crematogaster","NA","Crematogaster auberti","c(""NCBITaxon:622700"", ""NCBI:622700"", ""https://tree.opentreeoflife.org/opentree/ottol@651551"", ""GBIF:1325084"")","ECOCORE:00000140","nectarivore","NA","onto:implicit"
"77","Crematogaster","NA","Crematogaster auberti","c(""NCBITaxon:622700"", ""NCBI:622700"", ""https://tree.opentreeoflife.org/opentree/ottol@651551"", ""GBIF:1325084"")","SFWO:0000068","plant exudate feeder","NA","onto:implicit"
"78","Crematogaster","NA","Crematogaster auberti","c(""NCBITaxon:622700"", ""NCBI:622700"", ""https://tree.opentreeoflife.org/opentree/ottol@651551"", ""GBIF:1325084"")","SFWO:0000009","exudativore","NA","onto:implicit"
"79","Crematogaster","NA","Crematogaster auberti","c(""NCBITaxon:622700"", ""NCBI:622700"", ""https://tree.opentreeoflife.org/opentree/ottol@651551"", ""GBIF:1325084"")","ECOCORE:00000088","carnivore","NA","onto:implicit"
"80","Crematogaster","NA","Crematogaster auberti","c(""NCBITaxon:622700"", ""NCBI:622700"", ""https://tree.opentreeoflife.org/opentree/ottol@651551"", ""GBIF:1325084"")","SFWO:0000020","honeydew feeder","NA","onto:implicit"
"81","Apis","NA","Apis mellifera","c(""NCBITaxon:7460"", ""NCBI:7460"", ""https://tree.opentreeoflife.org/opentree/ottol@461645"", ""GBIF:1341976"")","SFWO:0000062","microorganism","NA","onto:implicit"
"82","Apis","NA","Apis","c(""NCBITaxon:7459"", ""NCBI:7459"", ""https://tree.opentreeoflife.org/opentree/ottol@52851"", ""GBIF:1334757"")","SFWO:0000062","microorganism","NA","onto:implicit"
"83","Apis","NA","Apis mellifera unicolor","c(""NCBITaxon:428024"", ""NCBI:428024"", ""GBIF:9515934"")","SFWO:0000062","microorganism","NA","onto:implicit"
"84","Apis","NA","Apis mellifera mellifera","c(""NCBITaxon:44477"", ""NCBI:44477"", ""https://tree.opentreeoflife.org/opentree/ottol@13206"", ""GBIF:7868270"")","SFWO:0000062","microorganism","NA","onto:implicit"
"85","Thomisus","NA","Thomisus","c(""NCBITaxon:486340"", ""NCBI:486340"", ""GBIF:2166053"", ""https://tree.opentreeoflife.org/opentree/ottol@477403"")","ECOCORE:00000010","heterotroph","NA","onto:implicit"
"86","Thomisus","NA","Thomisus","c(""NCBITaxon:486340"", ""NCBI:486340"", ""GBIF:2166053"", ""https://tree.opentreeoflife.org/opentree/ottol@477403"")","ECOCORE:00000088","carnivore","NA","onto:implicit"
"87","Thomisus","NA","Thomisus citrinellus","c(""NCBITaxon:1647926"", ""NCBI:1647926"", ""https://tree.opentreeoflife.org/opentree/ottol@3549673"", ""GBIF:2166114"")","ECOCORE:00000010","heterotroph","NA","onto:implicit"
"88","Thomisus","NA","Thomisus citrinellus","c(""NCBITaxon:1647926"", ""NCBI:1647926"", ""https://tree.opentreeoflife.org/opentree/ottol@3549673"", ""GBIF:2166114"")","ECOCORE:00000088","carnivore","NA","onto:implicit"
"89","Thomisus","NA","Thomisus onustus","c(""NCBITaxon:1872008"", ""NCBI:1872008"", ""https://tree.opentreeoflife.org/opentree/ottol@3549599"", ""GBIF:2166135"")","ECOCORE:00000010","heterotroph","NA","onto:implicit"
"90","Thomisus","NA","Thomisus onustus","c(""NCBITaxon:1872008"", ""NCBI:1872008"", ""https://tree.opentreeoflife.org/opentree/ottol@3549599"", ""GBIF:2166135"")","ECOCORE:00000088","carnivore","NA","onto:implicit"
"91","Araniella","NA","Araniella","c(""NCBITaxon:336629"", ""NCBI:336629"", ""https://tree.opentreeoflife.org/opentree/ottol@713290"", ""GBIF:2158379"")","ECOCORE:00000010","heterotroph","NA","onto:implicit"
"92","Araniella","NA","Araniella","c(""NCBITaxon:336629"", ""NCBI:336629"", ""https://tree.opentreeoflife.org/opentree/ottol@713290"", ""GBIF:2158379"")","ECOCORE:00000088","carnivore","NA","onto:implicit"
"93","Araniella","NA","Araniella proxima","c(""NCBITaxon:1659909"", ""NCBI:1659909"", ""https://tree.opentreeoflife.org/opentree/ottol@3569431"", ""GBIF:2158382"")","ECOCORE:00000010","heterotroph","NA","onto:implicit"
"94","Araniella","NA","Araniella proxima","c(""NCBITaxon:1659909"", ""NCBI:1659909"", ""https://tree.opentreeoflife.org/opentree/ottol@3569431"", ""GBIF:2158382"")","ECOCORE:00000088","carnivore","NA","onto:implicit"
"95","Araniella","NA","Araniella alpica","c(""NCBITaxon:1810956"", ""NCBI:1810956"", ""https://tree.opentreeoflife.org/opentree/ottol@3569435"", ""GBIF:2158387"")","ECOCORE:00000010","heterotroph","NA","onto:implicit"
"96","Araniella","NA","Araniella alpica","c(""NCBITaxon:1810956"", ""NCBI:1810956"", ""https://tree.opentreeoflife.org/opentree/ottol@3569435"", ""GBIF:2158387"")","ECOCORE:00000088","carnivore","NA","onto:implicit"
"97","Araniella","NA","Araniella alpica","c(""NCBITaxon:1810956"", ""NCBI:1810956"", ""https://tree.opentreeoflife.org/opentree/ottol@3569435"", ""GBIF:2158387"")","ECOCORE:00000088","carnivore","NA","gratin:gossner_arthropoda"
"98","Araniella","NA","Araniella cucurbitina","c(""NCBITaxon:1810957"", ""NCBI:1810957"", ""https://tree.opentreeoflife.org/opentree/ottol@3569434"", ""GBIF:2158384"")","ECOCORE:00000010","heterotroph","NA","onto:implicit"
"99","Araniella","NA","Araniella cucurbitina","c(""NCBITaxon:1810957"", ""NCBI:1810957"", ""https://tree.opentreeoflife.org/opentree/ottol@3569434"", ""GBIF:2158384"")","ECOCORE:00000088","carnivore","NA","onto:implicit"
"100","Araniella","NA","Araniella cucurbitina","c(""NCBITaxon:1810957"", ""NCBI:1810957"", ""https://tree.opentreeoflife.org/opentree/ottol@3569434"", ""GBIF:2158384"")","ECOCORE:00000088","carnivore","NA","gratin:gossner_arthropoda"
"101","Araniella","NA","Araniella inconspicua","c(""NCBITaxon:1810958"", ""NCBI:1810958"", ""https://tree.opentreeoflife.org/opentree/ottol@3569440"", ""GBIF:2158383"")","ECOCORE:00000010","heterotroph","NA","onto:implicit"
"102","Araniella","NA","Araniella inconspicua","c(""NCBITaxon:1810958"", ""NCBI:1810958"", ""https://tree.opentreeoflife.org/opentree/ottol@3569440"", ""GBIF:2158383"")","ECOCORE:00000088","carnivore","NA","onto:implicit"
"103","Araniella","NA","Araniella opisthographa","c(""NCBITaxon:1810959"", ""NCBI:1810959"", ""https://tree.opentreeoflife.org/opentree/ottol@3569437"", ""GBIF:2158385"")","ECOCORE:00000010","heterotroph","NA","onto:implicit"
"104","Araniella","NA","Araniella opisthographa","c(""NCBITaxon:1810959"", ""NCBI:1810959"", ""https://tree.opentreeoflife.org/opentree/ottol@3569437"", ""GBIF:2158385"")","ECOCORE:00000088","carnivore","NA","onto:implicit"
"105","Araniella","NA","Araniella opisthographa","c(""NCBITaxon:1810959"", ""NCBI:1810959"", ""https://tree.opentreeoflife.org/opentree/ottol@3569437"", ""GBIF:2158385"")","ECOCORE:00000088","carnivore","NA","gratin:gossner_arthropoda"
"106","Araniella","NA","Araniella maderiana","c(""NCBITaxon:2747028"", ""NCBI:2747028"", ""GBIF:2158389"")","ECOCORE:00000010","heterotroph","NA","onto:implicit"
"107","Araniella","NA","Araniella maderiana","c(""NCBITaxon:2747028"", ""NCBI:2747028"", ""GBIF:2158389"")","ECOCORE:00000088","carnivore","NA","onto:implicit"
"108","Araniella","NA","Araniella displicata","c(""NCBITaxon:336630"", ""NCBI:336630"", ""https://tree.opentreeoflife.org/opentree/ottol@1059889"", ""GBIF:2158381"")","ECOCORE:00000010","heterotroph","NA","onto:implicit"
"109","Araniella","NA","Araniella displicata","c(""NCBITaxon:336630"", ""NCBI:336630"", ""https://tree.opentreeoflife.org/opentree/ottol@1059889"", ""GBIF:2158381"")","ECOCORE:00000088","carnivore","NA","onto:implicit"
"110","Cheiracanthium","NA","Cheiracanthium","c(""NCBITaxon:210001"", ""NCBI:210001"", ""GBIF:2164081"")","ECOCORE:00000010","heterotroph","NA","onto:implicit"
"111","Cheiracanthium","NA","Cheiracanthium","c(""NCBITaxon:210001"", ""NCBI:210001"", ""GBIF:2164081"")","ECOCORE:00000088","carnivore","NA","onto:implicit"
"112","Cheiracanthium","NA","Cheiracanthium erraticum","c(""NCBITaxon:1871935"", ""NCBI:1871935"", ""GBIF:2164140"")","ECOCORE:00000010","heterotroph","NA","onto:implicit"
"113","Cheiracanthium","NA","Cheiracanthium erraticum","c(""NCBITaxon:1871935"", ""NCBI:1871935"", ""GBIF:2164140"")","ECOCORE:00000088","carnivore","NA","onto:implicit"
"114","Cheiracanthium","NA","Cheiracanthium occidentale","c(""NCBITaxon:2316175"", ""NCBI:2316175"", ""GBIF:2164125"")","ECOCORE:00000010","heterotroph","NA","onto:implicit"
"115","Cheiracanthium","NA","Cheiracanthium occidentale","c(""NCBITaxon:2316175"", ""NCBI:2316175"", ""GBIF:2164125"")","ECOCORE:00000088","carnivore","NA","onto:implicit"
"116","Cheiracanthium","NA","Cheiracanthium albidulum","c(""NCBITaxon:2747039"", ""NCBI:2747039"", ""GBIF:2164175"")","ECOCORE:00000010","heterotroph","NA","onto:implicit"
"117","Cheiracanthium","NA","Cheiracanthium albidulum","c(""NCBITaxon:2747039"", ""NCBI:2747039"", ""GBIF:2164175"")","ECOCORE:00000088","carnivore","NA","onto:implicit"
"118","Cheiracanthium","NA","Cheiracanthium canariense","c(""NCBITaxon:2747040"", ""NCBI:2747040"", ""GBIF:2164100"")","ECOCORE:00000010","heterotroph","NA","onto:implicit"
"119","Cheiracanthium","NA","Cheiracanthium canariense","c(""NCBITaxon:2747040"", ""NCBI:2747040"", ""GBIF:2164100"")","ECOCORE:00000088","carnivore","NA","onto:implicit"
"120","Cheiracanthium","NA","Cheiracanthium elegans","c(""NCBITaxon:2747041"", ""NCBI:2747041"", ""GBIF:2164094"")","ECOCORE:00000010","heterotroph","NA","onto:implicit"
"121","Cheiracanthium","NA","Cheiracanthium elegans","c(""NCBITaxon:2747041"", ""NCBI:2747041"", ""GBIF:2164094"")","ECOCORE:00000088","carnivore","NA","onto:implicit"
"122","Cheiracanthium","NA","Cheiracanthium striolatum","c(""NCBITaxon:2747042"", ""NCBI:2747042"", ""GBIF:2164156"")","ECOCORE:00000010","heterotroph","NA","onto:implicit"
"123","Cheiracanthium","NA","Cheiracanthium striolatum","c(""NCBITaxon:2747042"", ""NCBI:2747042"", ""GBIF:2164156"")","ECOCORE:00000088","carnivore","NA","onto:implicit"
"124","Cheiracanthium","NA","Cheiracanthium virescens","c(""NCBITaxon:2747043"", ""NCBI:2747043"", ""GBIF:2164128"")","ECOCORE:00000010","heterotroph","NA","onto:implicit"
"125","Cheiracanthium","NA","Cheiracanthium virescens","c(""NCBITaxon:2747043"", ""NCBI:2747043"", ""GBIF:2164128"")","ECOCORE:00000088","carnivore","NA","onto:implicit"
"126","Cheiracanthium","NA","Cheiracanthium mildei","c(""NCBITaxon:336587"", ""NCBI:336587"", ""GBIF:2164198"")","ECOCORE:00000010","heterotroph","NA","onto:implicit"
"127","Cheiracanthium","NA","Cheiracanthium mildei","c(""NCBITaxon:336587"", ""NCBI:336587"", ""GBIF:2164198"")","ECOCORE:00000088","carnivore","NA","onto:implicit"
"128","Cheiracanthium","NA","Cheiracanthium punctorium","c(""NCBITaxon:682790"", ""NCBI:682790"", ""GBIF:2164096"")","ECOCORE:00000010","heterotroph","NA","onto:implicit"
"129","Cheiracanthium","NA","Cheiracanthium punctorium","c(""NCBITaxon:682790"", ""NCBI:682790"", ""GBIF:2164096"")","ECOCORE:00000088","carnivore","NA","onto:implicit"
"130","Philodromus","NA","Philodromus","c(""NCBITaxon:336567"", ""NCBI:336567"", ""GBIF:5169372"", ""https://tree.opentreeoflife.org/opentree/ottol@360243"")","ECOCORE:00000010","heterotroph","NA","onto:implicit"
"131","Philodromus","NA","Philodromus","c(""NCBITaxon:336567"", ""NCBI:336567"", ""GBIF:5169372"", ""https://tree.opentreeoflife.org/opentree/ottol@360243"")","ECOCORE:00000088","carnivore","NA","onto:implicit"
"132","Philodromus","NA","Philodromus histrio","c(""NCBITaxon:1107704"", ""NCBI:1107704"", ""https://tree.opentreeoflife.org/opentree/ottol@304925"", ""GBIF:5169400"")","ECOCORE:00000010","heterotroph","NA","onto:implicit"
"133","Philodromus","NA","Philodromus histrio","c(""NCBITaxon:1107704"", ""NCBI:1107704"", ""https://tree.opentreeoflife.org/opentree/ottol@304925"", ""GBIF:5169400"")","ECOCORE:00000088","carnivore","NA","onto:implicit"
"134","Philodromus","NA","Philodromus dispar","c(""NCBITaxon:1155754"", ""NCBI:1155754"", ""GBIF:5169527"", ""https://tree.opentreeoflife.org/opentree/ottol@265538"")","ECOCORE:00000010","heterotroph","NA","onto:implicit"
"135","Philodromus","NA","Philodromus dispar","c(""NCBITaxon:1155754"", ""NCBI:1155754"", ""GBIF:5169527"", ""https://tree.opentreeoflife.org/opentree/ottol@265538"")","ECOCORE:00000088","carnivore","NA","onto:implicit"
"136","Philodromus","NA","Philodromus praedatus","c(""NCBITaxon:1871990"", ""NCBI:1871990"", ""https://tree.opentreeoflife.org/opentree/ottol@3552870"", ""GBIF:5169589"")","ECOCORE:00000010","heterotroph","NA","onto:implicit"
"137","Philodromus","NA","Philodromus praedatus","c(""NCBITaxon:1871990"", ""NCBI:1871990"", ""https://tree.opentreeoflife.org/opentree/ottol@3552870"", ""GBIF:5169589"")","ECOCORE:00000088","carnivore","NA","onto:implicit"
"138","Philodromus","NA","Philodromus praedatus","c(""NCBITaxon:1871990"", ""NCBI:1871990"", ""https://tree.opentreeoflife.org/opentree/ottol@3552870"", ""GBIF:5169589"")","ECOCORE:00000088","carnivore","NA","gratin:gossner_arthropoda"
"139","Philodromus","NA","Philodromus collinus","c(""NCBITaxon:1907033"", ""NCBI:1907033"", ""GBIF:5169432"", ""https://tree.opentreeoflife.org/opentree/ottol@3552733"")","ECOCORE:00000010","heterotroph","NA","onto:implicit"
"140","Philodromus","NA","Philodromus collinus","c(""NCBITaxon:1907033"", ""NCBI:1907033"", ""GBIF:5169432"", ""https://tree.opentreeoflife.org/opentree/ottol@3552733"")","ECOCORE:00000088","carnivore","NA","onto:implicit"
"141","Philodromus","NA","Philodromus collinus","c(""NCBITaxon:1907033"", ""NCBI:1907033"", ""GBIF:5169432"", ""https://tree.opentreeoflife.org/opentree/ottol@3552733"")","ECOCORE:00000088","carnivore","NA","gratin:gossner_arthropoda"
"142","Philodromus","NA","Philodromus fuscomarginatus","c(""NCBITaxon:1907034"", ""NCBI:1907034"", ""https://tree.opentreeoflife.org/opentree/ottol@3552688"", ""GBIF:5169446"")","ECOCORE:00000010","heterotroph","NA","onto:implicit"
"143","Philodromus","NA","Philodromus fuscomarginatus","c(""NCBITaxon:1907034"", ""NCBI:1907034"", ""https://tree.opentreeoflife.org/opentree/ottol@3552688"", ""GBIF:5169446"")","ECOCORE:00000088","carnivore","NA","onto:implicit"
"144","Philodromus","NA","Philodromus margaritatus","c(""NCBITaxon:1907035"", ""NCBI:1907035"", ""https://tree.opentreeoflife.org/opentree/ottol@3552766"", ""GBIF:5169517"")","ECOCORE:00000010","heterotroph","NA","onto:implicit"
"145","Philodromus","NA","Philodromus margaritatus","c(""NCBITaxon:1907035"", ""NCBI:1907035"", ""https://tree.opentreeoflife.org/opentree/ottol@3552766"", ""GBIF:5169517"")","ECOCORE:00000088","carnivore","NA","onto:implicit"
"146","Philodromus","NA","Philodromus buxi","c(""NCBITaxon:1926211"", ""NCBI:1926211"", ""https://tree.opentreeoflife.org/opentree/ottol@3552797"", ""GBIF:5169415"")","ECOCORE:00000010","heterotroph","NA","onto:implicit"
"147","Philodromus","NA","Philodromus buxi","c(""NCBITaxon:1926211"", ""NCBI:1926211"", ""https://tree.opentreeoflife.org/opentree/ottol@3552797"", ""GBIF:5169415"")","ECOCORE:00000088","carnivore","NA","onto:implicit"
"148","Philodromus","NA","Philodromus marmoratus","c(""NCBITaxon:1926212"", ""NCBI:1926212"", ""https://tree.opentreeoflife.org/opentree/ottol@3552772"", ""GBIF:5169601"")","ECOCORE:00000010","heterotroph","NA","onto:implicit"
"149","Philodromus","NA","Philodromus marmoratus","c(""NCBITaxon:1926212"", ""NCBI:1926212"", ""https://tree.opentreeoflife.org/opentree/ottol@3552772"", ""GBIF:5169601"")","ECOCORE:00000088","carnivore","NA","onto:implicit"
"150","Philodromus","NA","Philodromus longipalpis","c(""NCBITaxon:2003127"", ""NCBI:2003127"", ""https://tree.opentreeoflife.org/opentree/ottol@3552780"", ""GBIF:5169604"")","ECOCORE:00000010","heterotroph","NA","onto:implicit"
"151","Philodromus","NA","Philodromus longipalpis","c(""NCBITaxon:2003127"", ""NCBI:2003127"", ""https://tree.opentreeoflife.org/opentree/ottol@3552780"", ""GBIF:5169604"")","ECOCORE:00000088","carnivore","NA","onto:implicit"
"152","Philodromus","NA","Philodromus emarginatus","c(""NCBITaxon:2337583"", ""NCBI:2337583"", ""https://tree.opentreeoflife.org/opentree/ottol@3552845"", ""GBIF:5169521"")","ECOCORE:00000010","heterotroph","NA","onto:implicit"
"153","Philodromus","NA","Philodromus emarginatus","c(""NCBITaxon:2337583"", ""NCBI:2337583"", ""https://tree.opentreeoflife.org/opentree/ottol@3552845"", ""GBIF:5169521"")","ECOCORE:00000088","carnivore","NA","onto:implicit"
"154","Philodromus","NA","Philodromus buchari","c(""NCBITaxon:2448500"", ""NCBI:2448500"", ""https://tree.opentreeoflife.org/opentree/ottol@3552847"", ""GBIF:5169610"")","ECOCORE:00000010","heterotroph","NA","onto:implicit"
"155","Philodromus","NA","Philodromus buchari","c(""NCBITaxon:2448500"", ""NCBI:2448500"", ""https://tree.opentreeoflife.org/opentree/ottol@3552847"", ""GBIF:5169610"")","ECOCORE:00000088","carnivore","NA","onto:implicit"
"156","Philodromus","NA","Philodromus fuscolimbatus","c(""NCBITaxon:2448501"", ""NCBI:2448501"", ""GBIF:5169558"", ""https://tree.opentreeoflife.org/opentree/ottol@3552707"")","ECOCORE:00000010","heterotroph","NA","onto:implicit"
"157","Philodromus","NA","Philodromus fuscolimbatus","c(""NCBITaxon:2448501"", ""NCBI:2448501"", ""GBIF:5169558"", ""https://tree.opentreeoflife.org/opentree/ottol@3552707"")","ECOCORE:00000088","carnivore","NA","onto:implicit"
"158","Philodromus","NA","Philodromus lividus","c(""NCBITaxon:2448502"", ""NCBI:2448502"", ""GBIF:5169565"", ""https://tree.opentreeoflife.org/opentree/ottol@3552716"")","ECOCORE:00000010","heterotroph","NA","onto:implicit"
"159","Philodromus","NA","Philodromus lividus","c(""NCBITaxon:2448502"", ""NCBI:2448502"", ""GBIF:5169565"", ""https://tree.opentreeoflife.org/opentree/ottol@3552716"")","ECOCORE:00000088","carnivore","NA","onto:implicit"
"160","Philodromus","NA","Philodromus insulanus","c(""NCBITaxon:2747113"", ""NCBI:2747113"", ""GBIF:5169425"")","ECOCORE:00000010","heterotroph","NA","onto:implicit"
"161","Philodromus","NA","Philodromus insulanus","c(""NCBITaxon:2747113"", ""NCBI:2747113"", ""GBIF:5169425"")","ECOCORE:00000088","carnivore","NA","onto:implicit"
"162","Philodromus","NA","Philodromus cespitum","c(""NCBITaxon:336569"", ""NCBI:336569"", ""https://tree.opentreeoflife.org/opentree/ottol@794122"", ""GBIF:5169587"")","ECOCORE:00000010","heterotroph","NA","onto:implicit"
"163","Philodromus","NA","Philodromus cespitum","c(""NCBITaxon:336569"", ""NCBI:336569"", ""https://tree.opentreeoflife.org/opentree/ottol@794122"", ""GBIF:5169587"")","ECOCORE:00000088","carnivore","NA","onto:implicit"
"164","Philodromus","NA","Philodromus cespitum","c(""NCBITaxon:336569"", ""NCBI:336569"", ""https://tree.opentreeoflife.org/opentree/ottol@794122"", ""GBIF:5169587"")","ECOCORE:00000088","carnivore","NA","gratin:gossner_arthropoda"
"165","Philodromus","NA","Philodromus rufus","c(""NCBITaxon:336570"", ""NCBI:336570"", ""https://tree.opentreeoflife.org/opentree/ottol@270531"", ""GBIF:5169559"")","ECOCORE:00000010","heterotroph","NA","onto:implicit"
"166","Philodromus","NA","Philodromus rufus","c(""NCBITaxon:336570"", ""NCBI:336570"", ""https://tree.opentreeoflife.org/opentree/ottol@270531"", ""GBIF:5169559"")","ECOCORE:00000088","carnivore","NA","onto:implicit"
"167","Philodromus","NA","Philodromus albidus","c(""NCBITaxon:400959"", ""NCBI:400959"", ""https://tree.opentreeoflife.org/opentree/ottol@261013"", ""GBIF:5169448"")","ECOCORE:00000010","heterotroph","NA","onto:implicit"
"168","Philodromus","NA","Philodromus albidus","c(""NCBITaxon:400959"", ""NCBI:400959"", ""https://tree.opentreeoflife.org/opentree/ottol@261013"", ""GBIF:5169448"")","ECOCORE:00000088","carnivore","NA","onto:implicit"
"169","Philodromus","NA","Philodromus albidus","c(""NCBITaxon:400959"", ""NCBI:400959"", ""https://tree.opentreeoflife.org/opentree/ottol@261013"", ""GBIF:5169448"")","ECOCORE:00000088","carnivore","NA","gratin:gossner_arthropoda"
"170","Philodromus","NA","Philodromus aureolus","c(""NCBITaxon:400960"", ""NCBI:400960"", ""GBIF:5169474"", ""https://tree.opentreeoflife.org/opentree/ottol@835668"")","ECOCORE:00000010","heterotroph","NA","onto:implicit"
"171","Philodromus","NA","Philodromus aureolus","c(""NCBITaxon:400960"", ""NCBI:400960"", ""GBIF:5169474"", ""https://tree.opentreeoflife.org/opentree/ottol@835668"")","ECOCORE:00000088","carnivore","NA","onto:implicit"
"172","Philodromus","NA","Philodromus aureolus","c(""NCBITaxon:400960"", ""NCBI:400960"", ""GBIF:5169474"", ""https://tree.opentreeoflife.org/opentree/ottol@835668"")","ECOCORE:00000088","carnivore","NA","gratin:gossner_arthropoda"
"173","Philodromus","NA","Philodromus bistigma","c(""NCBITaxon:400961"", ""NCBI:400961"", ""https://tree.opentreeoflife.org/opentree/ottol@835666"", ""GBIF:5169535"")","ECOCORE:00000010","heterotroph","NA","onto:implicit"
"174","Philodromus","NA","Philodromus bistigma","c(""NCBITaxon:400961"", ""NCBI:400961"", ""https://tree.opentreeoflife.org/opentree/ottol@835666"", ""GBIF:5169535"")","ECOCORE:00000088","carnivore","NA","onto:implicit"
"175","Philodromus","NA","Philodromus glaucinus","c(""NCBITaxon:400962"", ""NCBI:400962"", ""https://tree.opentreeoflife.org/opentree/ottol@835672"", ""GBIF:5169512"")","ECOCORE:00000010","heterotroph","NA","onto:implicit"
"176","Philodromus","NA","Philodromus glaucinus","c(""NCBITaxon:400962"", ""NCBI:400962"", ""https://tree.opentreeoflife.org/opentree/ottol@835672"", ""GBIF:5169512"")","ECOCORE:00000088","carnivore","NA","onto:implicit"
"177","Philodromus","NA","Philodromus medius","c(""NCBITaxon:400963"", ""NCBI:400963"", ""https://tree.opentreeoflife.org/opentree/ottol@835670"", ""GBIF:5169598"")","ECOCORE:00000010","heterotroph","NA","onto:implicit"
"178","Philodromus","NA","Philodromus medius","c(""NCBITaxon:400963"", ""NCBI:400963"", ""https://tree.opentreeoflife.org/opentree/ottol@835670"", ""GBIF:5169598"")","ECOCORE:00000088","carnivore","NA","onto:implicit"
"179","Philodromus","NA","Philodromus pardalis","c(""NCBITaxon:400964"", ""NCBI:400964"", ""GBIF:5169592"", ""https://tree.opentreeoflife.org/opentree/ottol@835658"")","ECOCORE:00000010","heterotroph","NA","onto:implicit"
"180","Philodromus","NA","Philodromus pardalis","c(""NCBITaxon:400964"", ""NCBI:400964"", ""GBIF:5169592"", ""https://tree.opentreeoflife.org/opentree/ottol@835658"")","ECOCORE:00000088","carnivore","NA","onto:implicit"
"181","Philodromus","NA","Philodromus pulchellus","c(""NCBITaxon:400965"", ""NCBI:400965"", ""https://tree.opentreeoflife.org/opentree/ottol@835656"", ""GBIF:5169617"")","ECOCORE:00000010","heterotroph","NA","onto:implicit"
"182","Philodromus","NA","Philodromus pulchellus","c(""NCBITaxon:400965"", ""NCBI:400965"", ""https://tree.opentreeoflife.org/opentree/ottol@835656"", ""GBIF:5169617"")","ECOCORE:00000088","carnivore","NA","onto:implicit"
"183","Philodromus","NA","Philodromus punctiger","c(""NCBITaxon:400966"", ""NCBI:400966"", ""https://tree.opentreeoflife.org/opentree/ottol@835662"", ""GBIF:5169391"")","ECOCORE:00000010","heterotroph","NA","onto:implicit"
"184","Philodromus","NA","Philodromus punctiger","c(""NCBITaxon:400966"", ""NCBI:400966"", ""https://tree.opentreeoflife.org/opentree/ottol@835662"", ""GBIF:5169391"")","ECOCORE:00000088","carnivore","NA","onto:implicit"
"185","Philodromus","NA","Philodromus ruficapillus","c(""NCBITaxon:400967"", ""NCBI:400967"", ""GBIF:5169424"", ""https://tree.opentreeoflife.org/opentree/ottol@835660"")","ECOCORE:00000010","heterotroph","NA","onto:implicit"
"186","Philodromus","NA","Philodromus ruficapillus","c(""NCBITaxon:400967"", ""NCBI:400967"", ""GBIF:5169424"", ""https://tree.opentreeoflife.org/opentree/ottol@835660"")","ECOCORE:00000088","carnivore","NA","onto:implicit"
"187","Philodromus","NA","Philodromus simoni","c(""NCBITaxon:400968"", ""NCBI:400968"", ""https://tree.opentreeoflife.org/opentree/ottol@835654"", ""GBIF:5169376"")","ECOCORE:00000010","heterotroph","NA","onto:implicit"
"188","Philodromus","NA","Philodromus simoni","c(""NCBITaxon:400968"", ""NCBI:400968"", ""https://tree.opentreeoflife.org/opentree/ottol@835654"", ""GBIF:5169376"")","ECOCORE:00000088","carnivore","NA","onto:implicit"
"189","Philodromus","NA","Philodromus wunderlichi","c(""NCBITaxon:400969"", ""NCBI:400969"", ""https://tree.opentreeoflife.org/opentree/ottol@835652"", ""GBIF:5169577"")","ECOCORE:00000010","heterotroph","NA","onto:implicit"
"190","Philodromus","NA","Philodromus wunderlichi","c(""NCBITaxon:400969"", ""NCBI:400969"", ""https://tree.opentreeoflife.org/opentree/ottol@835652"", ""GBIF:5169577"")","ECOCORE:00000088","carnivore","NA","onto:implicit"
"191","Anotylus","NA","Anotylus hamatus","c(""NCBITaxon:1143023"", ""GBIF:4440399"", ""https://tree.opentreeoflife.org/opentree/ottol@126861"", ""NCBI:1143023"")","ECOCORE:00000010","heterotroph","NA","onto:implicit"
"192","Anotylus","NA","Anotylus hamatus","c(""NCBITaxon:1143023"", ""GBIF:4440399"", ""https://tree.opentreeoflife.org/opentree/ottol@126861"", ""NCBI:1143023"")","ECOCORE:00000054","decomposer","NA","onto:implicit"
"193","Anotylus","NA","Anotylus hamatus","c(""NCBITaxon:1143023"", ""GBIF:4440399"", ""https://tree.opentreeoflife.org/opentree/ottol@126861"", ""NCBI:1143023"")","ECOCORE:00000055","detritivore","NA","gratin:gossner_arthropoda"
"194","Anotylus","NA","Anotylus hamatus","c(""NCBITaxon:1143023"", ""GBIF:4440399"", ""https://tree.opentreeoflife.org/opentree/ottol@126861"", ""NCBI:1143023"")","ECOCORE:00000088","carnivore","NA","gratin:gossner_arthropoda"
"195","Anotylus","NA","Anotylus rugosus","c(""NCBITaxon:295628"", ""NCBI:295628"", ""https://tree.opentreeoflife.org/opentree/ottol@47866"", ""GBIF:1039463"")","ECOCORE:00000010","heterotroph","NA","onto:implicit"
"196","Anotylus","NA","Anotylus rugosus","c(""NCBITaxon:295628"", ""NCBI:295628"", ""https://tree.opentreeoflife.org/opentree/ottol@47866"", ""GBIF:1039463"")","ECOCORE:00000088","carnivore","NA","gratin:gossner_arthropoda"
"197","Anotylus","NA","Anotylus rugosus","c(""NCBITaxon:295628"", ""NCBI:295628"", ""https://tree.opentreeoflife.org/opentree/ottol@47866"", ""GBIF:1039463"")","ECOCORE:00000054","decomposer","NA","onto:implicit"
"198","Anotylus","NA","Anotylus rugosus","c(""NCBITaxon:295628"", ""NCBI:295628"", ""https://tree.opentreeoflife.org/opentree/ottol@47866"", ""GBIF:1039463"")","ECOCORE:00000055","detritivore","NA","gratin:gossner_arthropoda"
"199","Anotylus","NA","Anotylus sculpturatus","c(""NCBITaxon:346702"", ""NCBI:346702"", ""GBIF:4440411"", ""https://tree.opentreeoflife.org/opentree/ottol@290108"")","ECOCORE:00000010","heterotroph","NA","onto:implicit"
"200","Anotylus","NA","Anotylus sculpturatus","c(""NCBITaxon:346702"", ""NCBI:346702"", ""GBIF:4440411"", ""https://tree.opentreeoflife.org/opentree/ottol@290108"")","ECOCORE:00000054","decomposer","NA","onto:implicit"
"201","Anotylus","NA","Anotylus sculpturatus","c(""NCBITaxon:346702"", ""NCBI:346702"", ""GBIF:4440411"", ""https://tree.opentreeoflife.org/opentree/ottol@290108"")","ECOCORE:00000055","detritivore","NA","gratin:gossner_arthropoda"
"202","Anotylus","NA","Anotylus sculpturatus","c(""NCBITaxon:346702"", ""NCBI:346702"", ""GBIF:4440411"", ""https://tree.opentreeoflife.org/opentree/ottol@290108"")","ECOCORE:00000088","carnivore","NA","gratin:gossner_arthropoda"
"203","Anotylus","NA","Anotylus tetracarinatus","c(""NCBITaxon:346703"", ""NCBI:346703"", ""https://tree.opentreeoflife.org/opentree/ottol@290109"", ""GBIF:1039464"")","ECOCORE:00000010","heterotroph","NA","onto:implicit"
"204","Anotylus","NA","Anotylus tetracarinatus","c(""NCBITaxon:346703"", ""NCBI:346703"", ""https://tree.opentreeoflife.org/opentree/ottol@290109"", ""GBIF:1039464"")","ECOCORE:00000054","decomposer","NA","onto:implicit"
"205","Anotylus","NA","Anotylus tetracarinatus","c(""NCBITaxon:346703"", ""NCBI:346703"", ""https://tree.opentreeoflife.org/opentree/ottol@290109"", ""GBIF:1039464"")","ECOCORE:00000055","detritivore","NA","gratin:gossner_arthropoda"
"206","Anotylus","NA","Anotylus tetracarinatus","c(""NCBITaxon:346703"", ""NCBI:346703"", ""https://tree.opentreeoflife.org/opentree/ottol@290109"", ""GBIF:1039464"")","ECOCORE:00000088","carnivore","NA","gratin:gossner_arthropoda"
"207","Camponotus","NA","Camponotus","c(""NCBITaxon:13390"", ""NCBI:13390"", ""https://tree.opentreeoflife.org/opentree/ottol@554302"", ""GBIF:1312361"")","SFWO:0000062","microorganism","NA","onto:implicit"
"208","Camponotus","NA","Camponotus pennsylvanicus","c(""NCBITaxon:104422"", ""NCBI:104422"", ""GBIF:5034116"", ""https://tree.opentreeoflife.org/opentree/ottol@897068"")","SFWO:0000062","microorganism","NA","onto:implicit"
"209","Camponotus","NA","Camponotus rufoglaucus","c(""NCBITaxon:194491"", ""NCBI:194491"", ""https://tree.opentreeoflife.org/opentree/ottol@131009"", ""GBIF:1313073"")","SFWO:0000062","microorganism","NA","onto:implicit"
"210","Camponotus","NA","Camponotus herculeanus","c(""NCBITaxon:36169"", ""NCBI:36169"", ""GBIF:1312773"", ""https://tree.opentreeoflife.org/opentree/ottol@436669"")","ECOCORE:00000010","heterotroph","NA","onto:implicit"
"211","Camponotus","NA","Camponotus herculeanus","c(""NCBITaxon:36169"", ""NCBI:36169"", ""GBIF:1312773"", ""https://tree.opentreeoflife.org/opentree/ottol@436669"")","SFWO:0000062","microorganism","NA","onto:implicit"
"212","Camponotus","NA","Camponotus herculeanus","c(""NCBITaxon:36169"", ""NCBI:36169"", ""GBIF:1312773"", ""https://tree.opentreeoflife.org/opentree/ottol@436669"")","ECOCORE:00000088","carnivore","NA","onto:implicit"
"213","Camponotus","NA","Camponotus herculeanus","c(""NCBITaxon:36169"", ""NCBI:36169"", ""GBIF:1312773"", ""https://tree.opentreeoflife.org/opentree/ottol@436669"")","ECOCORE:00000019","herbivore","NA","onto:implicit"
"214","Camponotus","NA","Camponotus herculeanus","c(""NCBITaxon:36169"", ""NCBI:36169"", ""GBIF:1312773"", ""https://tree.opentreeoflife.org/opentree/ottol@436669"")","SFWO:0000021","phloem sap feeder","NA","onto:implicit"
"215","Camponotus","NA","Camponotus aethiops","c(""NCBITaxon:604783"", ""NCBI:604783"", ""https://tree.opentreeoflife.org/opentree/ottol@3260606"", ""GBIF:1313104"")","ECOCORE:00000010","heterotroph","NA","onto:implicit"
"216","Camponotus","NA","Camponotus aethiops","c(""NCBITaxon:604783"", ""NCBI:604783"", ""https://tree.opentreeoflife.org/opentree/ottol@3260606"", ""GBIF:1313104"")","ECOCORE:00000019","herbivore","NA","onto:implicit"
"217","Camponotus","NA","Camponotus aethiops","c(""NCBITaxon:604783"", ""NCBI:604783"", ""https://tree.opentreeoflife.org/opentree/ottol@3260606"", ""GBIF:1313104"")","SFWO:0000062","microorganism","NA","onto:implicit"
"218","Camponotus","NA","Camponotus aethiops","c(""NCBITaxon:604783"", ""NCBI:604783"", ""https://tree.opentreeoflife.org/opentree/ottol@3260606"", ""GBIF:1313104"")","ECOCORE:00000136","frugivore","NA","onto:implicit"
"219","Camponotus","NA","Camponotus aethiops","c(""NCBITaxon:604783"", ""NCBI:604783"", ""https://tree.opentreeoflife.org/opentree/ottol@3260606"", ""GBIF:1313104"")","SFWO:0000009","exudativore","NA","onto:implicit"
"220","Camponotus","NA","Camponotus aethiops","c(""NCBITaxon:604783"", ""NCBI:604783"", ""https://tree.opentreeoflife.org/opentree/ottol@3260606"", ""GBIF:1313104"")","SFWO:0000020","honeydew feeder","NA","onto:implicit"
"221","Camponotus","NA","Camponotus aethiops","c(""NCBITaxon:604783"", ""NCBI:604783"", ""https://tree.opentreeoflife.org/opentree/ottol@3260606"", ""GBIF:1313104"")","ECOCORE:00000088","carnivore","NA","onto:implicit"
"222","Camponotus","NA","Camponotus aethiops","c(""NCBITaxon:604783"", ""NCBI:604783"", ""https://tree.opentreeoflife.org/opentree/ottol@3260606"", ""GBIF:1313104"")","ECOCORE:00000140","nectarivore","NA","onto:implicit"
"223","Camponotus","NA","Camponotus aethiops","c(""NCBITaxon:604783"", ""NCBI:604783"", ""https://tree.opentreeoflife.org/opentree/ottol@3260606"", ""GBIF:1313104"")","SFWO:0000068","plant exudate feeder","NA","onto:implicit"
"224","Camponotus","NA","Camponotus aethiops","c(""NCBITaxon:604783"", ""NCBI:604783"", ""https://tree.opentreeoflife.org/opentree/ottol@3260606"", ""GBIF:1313104"")","ECOCORE:00000054","decomposer","NA","onto:implicit"
"225","Camponotus","NA","Camponotus aethiops","c(""NCBITaxon:604783"", ""NCBI:604783"", ""https://tree.opentreeoflife.org/opentree/ottol@3260606"", ""GBIF:1313104"")","ECOCORE:00000055","detritivore","NA","onto:implicit"
"226","Camponotus","NA","Camponotus aethiops","c(""NCBITaxon:604783"", ""NCBI:604783"", ""https://tree.opentreeoflife.org/opentree/ottol@3260606"", ""GBIF:1313104"")","ECOCORE:00000056","saprotroph","NA","onto:implicit"
"227","Camponotus","NA","Camponotus aethiops","c(""NCBITaxon:604783"", ""NCBI:604783"", ""https://tree.opentreeoflife.org/opentree/ottol@3260606"", ""GBIF:1313104"")","ECOCORE:00000090","scavenger","NA","onto:implicit"
"228","Camponotus","NA","Camponotus cruentatus","c(""NCBITaxon:605109"", ""NCBI:605109"", ""GBIF:1312486"", ""https://tree.opentreeoflife.org/opentree/ottol@3260000"")","ECOCORE:00000010","heterotroph","NA","onto:implicit"
"229","Camponotus","NA","Camponotus cruentatus","c(""NCBITaxon:605109"", ""NCBI:605109"", ""GBIF:1312486"", ""https://tree.opentreeoflife.org/opentree/ottol@3260000"")","SFWO:0000062","microorganism","NA","onto:implicit"
"230","Camponotus","NA","Camponotus cruentatus","c(""NCBITaxon:605109"", ""NCBI:605109"", ""GBIF:1312486"", ""https://tree.opentreeoflife.org/opentree/ottol@3260000"")","ECOCORE:00000088","carnivore","NA","onto:implicit"
"231","Camponotus","NA","Camponotus cruentatus","c(""NCBITaxon:605109"", ""NCBI:605109"", ""GBIF:1312486"", ""https://tree.opentreeoflife.org/opentree/ottol@3260000"")","ECOCORE:00000054","decomposer","NA","onto:implicit"
"232","Camponotus","NA","Camponotus cruentatus","c(""NCBITaxon:605109"", ""NCBI:605109"", ""GBIF:1312486"", ""https://tree.opentreeoflife.org/opentree/ottol@3260000"")","ECOCORE:00000055","detritivore","NA","onto:implicit"
"233","Camponotus","NA","Camponotus cruentatus","c(""NCBITaxon:605109"", ""NCBI:605109"", ""GBIF:1312486"", ""https://tree.opentreeoflife.org/opentree/ottol@3260000"")","ECOCORE:00000056","saprotroph","NA","onto:implicit"
"234","Camponotus","NA","Camponotus cruentatus","c(""NCBITaxon:605109"", ""NCBI:605109"", ""GBIF:1312486"", ""https://tree.opentreeoflife.org/opentree/ottol@3260000"")","ECOCORE:00000090","scavenger","NA","onto:implicit"
"235","Camponotus","NA","Camponotus cruentatus","c(""NCBITaxon:605109"", ""NCBI:605109"", ""GBIF:1312486"", ""https://tree.opentreeoflife.org/opentree/ottol@3260000"")","SFWO:0000009","exudativore","NA","onto:implicit"
"236","Camponotus","NA","Camponotus cruentatus","c(""NCBITaxon:605109"", ""NCBI:605109"", ""GBIF:1312486"", ""https://tree.opentreeoflife.org/opentree/ottol@3260000"")","SFWO:0000020","honeydew feeder","NA","onto:implicit"
"237","Camponotus","NA","Camponotus fallax","c(""NCBITaxon:605226"", ""NCBI:605226"", ""https://tree.opentreeoflife.org/opentree/ottol@3260259"", ""GBIF:1312649"")","ECOCORE:00000010","heterotroph","NA","onto:implicit"
"238","Camponotus","NA","Camponotus fallax","c(""NCBITaxon:605226"", ""NCBI:605226"", ""https://tree.opentreeoflife.org/opentree/ottol@3260259"", ""GBIF:1312649"")","ECOCORE:00000019","herbivore","NA","onto:implicit"
"239","Camponotus","NA","Camponotus fallax","c(""NCBITaxon:605226"", ""NCBI:605226"", ""https://tree.opentreeoflife.org/opentree/ottol@3260259"", ""GBIF:1312649"")","SFWO:0000062","microorganism","NA","onto:implicit"
"240","Camponotus","NA","Camponotus fallax","c(""NCBITaxon:605226"", ""NCBI:605226"", ""https://tree.opentreeoflife.org/opentree/ottol@3260259"", ""GBIF:1312649"")","ECOCORE:00000140","nectarivore","NA","onto:implicit"
"241","Camponotus","NA","Camponotus fallax","c(""NCBITaxon:605226"", ""NCBI:605226"", ""https://tree.opentreeoflife.org/opentree/ottol@3260259"", ""GBIF:1312649"")","SFWO:0000068","plant exudate feeder","NA","onto:implicit"
"242","Camponotus","NA","Camponotus fallax","c(""NCBITaxon:605226"", ""NCBI:605226"", ""https://tree.opentreeoflife.org/opentree/ottol@3260259"", ""GBIF:1312649"")","SFWO:0000009","exudativore","NA","onto:implicit"
"243","Camponotus","NA","Camponotus fallax","c(""NCBITaxon:605226"", ""NCBI:605226"", ""https://tree.opentreeoflife.org/opentree/ottol@3260259"", ""GBIF:1312649"")","ECOCORE:00000088","carnivore","NA","onto:implicit"
"244","Camponotus","NA","Camponotus fallax","c(""NCBITaxon:605226"", ""NCBI:605226"", ""https://tree.opentreeoflife.org/opentree/ottol@3260259"", ""GBIF:1312649"")","SFWO:0000020","honeydew feeder","NA","onto:implicit"
"245","Camponotus","NA","Camponotus lateralis","c(""NCBITaxon:605487"", ""NCBI:605487"", ""https://tree.opentreeoflife.org/opentree/ottol@3260234"", ""GBIF:1312698"")","ECOCORE:00000010","heterotroph","NA","onto:implicit"
"246","Camponotus","NA","Camponotus lateralis","c(""NCBITaxon:605487"", ""NCBI:605487"", ""https://tree.opentreeoflife.org/opentree/ottol@3260234"", ""GBIF:1312698"")","SFWO:0000062","microorganism","NA","onto:implicit"
"247","Camponotus","NA","Camponotus lateralis","c(""NCBITaxon:605487"", ""NCBI:605487"", ""https://tree.opentreeoflife.org/opentree/ottol@3260234"", ""GBIF:1312698"")","SFWO:0000009","exudativore","NA","onto:implicit"
"248","Camponotus","NA","Camponotus lateralis","c(""NCBITaxon:605487"", ""NCBI:605487"", ""https://tree.opentreeoflife.org/opentree/ottol@3260234"", ""GBIF:1312698"")","SFWO:0000020","honeydew feeder","NA","onto:implicit"
"249","Camponotus","NA","Camponotus lateralis","c(""NCBITaxon:605487"", ""NCBI:605487"", ""https://tree.opentreeoflife.org/opentree/ottol@3260234"", ""GBIF:1312698"")","ECOCORE:00000088","carnivore","NA","onto:implicit"
"250","Camponotus","NA","Camponotus piceus","c(""NCBITaxon:605811"", ""NCBI:605811"", ""GBIF:1312835"")","ECOCORE:00000010","heterotroph","NA","onto:implicit"
"251","Camponotus","NA","Camponotus piceus","c(""NCBITaxon:605811"", ""NCBI:605811"", ""GBIF:1312835"")","SFWO:0000062","microorganism","NA","onto:implicit"
"252","Camponotus","NA","Camponotus piceus","c(""NCBITaxon:605811"", ""NCBI:605811"", ""GBIF:1312835"")","ECOCORE:00000088","carnivore","NA","onto:implicit"
"253","Camponotus","NA","Camponotus piceus","c(""NCBITaxon:605811"", ""NCBI:605811"", ""GBIF:1312835"")","ECOCORE:00000019","herbivore","NA","onto:implicit"
"254","Camponotus","NA","Camponotus piceus","c(""NCBITaxon:605811"", ""NCBI:605811"", ""GBIF:1312835"")","ECOCORE:00000140","nectarivore","NA","onto:implicit"
"255","Camponotus","NA","Camponotus piceus","c(""NCBITaxon:605811"", ""NCBI:605811"", ""GBIF:1312835"")","SFWO:0000068","plant exudate feeder","NA","onto:implicit"
"256","Camponotus","NA","Camponotus piceus","c(""NCBITaxon:605811"", ""NCBI:605811"", ""GBIF:1312835"")","SFWO:0000009","exudativore","NA","onto:implicit"
"257","Camponotus","NA","Camponotus piceus","c(""NCBITaxon:605811"", ""NCBI:605811"", ""GBIF:1312835"")","SFWO:0000020","honeydew feeder","NA","onto:implicit"
"258","Camponotus","NA","Camponotus pilicornis","c(""NCBITaxon:605816"", ""NCBI:605816"", ""GBIF:1312770"", ""https://tree.opentreeoflife.org/opentree/ottol@3260022"")","ECOCORE:00000010","heterotroph","NA","onto:implicit"
"259","Camponotus","NA","Camponotus pilicornis","c(""NCBITaxon:605816"", ""NCBI:605816"", ""GBIF:1312770"", ""https://tree.opentreeoflife.org/opentree/ottol@3260022"")","SFWO:0000062","microorganism","NA","onto:implicit"
"260","Camponotus","NA","Camponotus pilicornis","c(""NCBITaxon:605816"", ""NCBI:605816"", ""GBIF:1312770"", ""https://tree.opentreeoflife.org/opentree/ottol@3260022"")","ECOCORE:00000088","carnivore","NA","onto:implicit"
"261","Camponotus","NA","Camponotus pilicornis","c(""NCBITaxon:605816"", ""NCBI:605816"", ""GBIF:1312770"", ""https://tree.opentreeoflife.org/opentree/ottol@3260022"")","ECOCORE:00000054","decomposer","NA","onto:implicit"
"262","Camponotus","NA","Camponotus pilicornis","c(""NCBITaxon:605816"", ""NCBI:605816"", ""GBIF:1312770"", ""https://tree.opentreeoflife.org/opentree/ottol@3260022"")","ECOCORE:00000055","detritivore","NA","onto:implicit"
"263","Camponotus","NA","Camponotus pilicornis","c(""NCBITaxon:605816"", ""NCBI:605816"", ""GBIF:1312770"", ""https://tree.opentreeoflife.org/opentree/ottol@3260022"")","ECOCORE:00000056","saprotroph","NA","onto:implicit"
"264","Camponotus","NA","Camponotus pilicornis","c(""NCBITaxon:605816"", ""NCBI:605816"", ""GBIF:1312770"", ""https://tree.opentreeoflife.org/opentree/ottol@3260022"")","ECOCORE:00000176","coprophage","NA","onto:implicit"
"265","Camponotus","NA","Camponotus pilicornis","c(""NCBITaxon:605816"", ""NCBI:605816"", ""GBIF:1312770"", ""https://tree.opentreeoflife.org/opentree/ottol@3260022"")","ECOCORE:00000019","herbivore","NA","onto:implicit"
"266","Camponotus","NA","Camponotus pilicornis","c(""NCBITaxon:605816"", ""NCBI:605816"", ""GBIF:1312770"", ""https://tree.opentreeoflife.org/opentree/ottol@3260022"")","ECOCORE:00000140","nectarivore","NA","onto:implicit"
"267","Camponotus","NA","Camponotus pilicornis","c(""NCBITaxon:605816"", ""NCBI:605816"", ""GBIF:1312770"", ""https://tree.opentreeoflife.org/opentree/ottol@3260022"")","SFWO:0000068","plant exudate feeder","NA","onto:implicit"
"268","Camponotus","NA","Camponotus pilicornis","c(""NCBITaxon:605816"", ""NCBI:605816"", ""GBIF:1312770"", ""https://tree.opentreeoflife.org/opentree/ottol@3260022"")","SFWO:0000009","exudativore","NA","onto:implicit"
"269","Camponotus","NA","Camponotus pilicornis","c(""NCBITaxon:605816"", ""NCBI:605816"", ""GBIF:1312770"", ""https://tree.opentreeoflife.org/opentree/ottol@3260022"")","SFWO:0000020","honeydew feeder","NA","onto:implicit"
"270","Camponotus","NA","Camponotus sylvaticus","c(""NCBITaxon:606116"", ""NCBI:606116"", ""https://tree.opentreeoflife.org/opentree/ottol@3259854"", ""GBIF:1313121"")","ECOCORE:00000010","heterotroph","NA","onto:implicit"
"271","Camponotus","NA","Camponotus sylvaticus","c(""NCBITaxon:606116"", ""NCBI:606116"", ""https://tree.opentreeoflife.org/opentree/ottol@3259854"", ""GBIF:1313121"")","SFWO:0000062","microorganism","NA","onto:implicit"
"272","Camponotus","NA","Camponotus sylvaticus","c(""NCBITaxon:606116"", ""NCBI:606116"", ""https://tree.opentreeoflife.org/opentree/ottol@3259854"", ""GBIF:1313121"")","ECOCORE:00000088","carnivore","NA","onto:implicit"
"273","Camponotus","NA","Camponotus sylvaticus","c(""NCBITaxon:606116"", ""NCBI:606116"", ""https://tree.opentreeoflife.org/opentree/ottol@3259854"", ""GBIF:1313121"")","ECOCORE:00000019","herbivore","NA","onto:implicit"
"274","Camponotus","NA","Camponotus sylvaticus","c(""NCBITaxon:606116"", ""NCBI:606116"", ""https://tree.opentreeoflife.org/opentree/ottol@3259854"", ""GBIF:1313121"")","ECOCORE:00000140","nectarivore","NA","onto:implicit"
"275","Camponotus","NA","Camponotus sylvaticus","c(""NCBITaxon:606116"", ""NCBI:606116"", ""https://tree.opentreeoflife.org/opentree/ottol@3259854"", ""GBIF:1313121"")","SFWO:0000068","plant exudate feeder","NA","onto:implicit"
"276","Camponotus","NA","Camponotus sylvaticus","c(""NCBITaxon:606116"", ""NCBI:606116"", ""https://tree.opentreeoflife.org/opentree/ottol@3259854"", ""GBIF:1313121"")","SFWO:0000009","exudativore","NA","onto:implicit"
"277","Camponotus","NA","Camponotus sylvaticus","c(""NCBITaxon:606116"", ""NCBI:606116"", ""https://tree.opentreeoflife.org/opentree/ottol@3259854"", ""GBIF:1313121"")","SFWO:0000020","honeydew feeder","NA","onto:implicit"
"278","Camponotus","NA","Camponotus vagus","c(""NCBITaxon:84551"", ""NCBI:84551"", ""GBIF:1313740"", ""https://tree.opentreeoflife.org/opentree/ottol@507118"")","ECOCORE:00000010","heterotroph","NA","onto:implicit"
"279","Camponotus","NA","Camponotus vagus","c(""NCBITaxon:84551"", ""NCBI:84551"", ""GBIF:1313740"", ""https://tree.opentreeoflife.org/opentree/ottol@507118"")","SFWO:0000062","microorganism","NA","onto:implicit"
"280","Camponotus","NA","Camponotus vagus","c(""NCBITaxon:84551"", ""NCBI:84551"", ""GBIF:1313740"", ""https://tree.opentreeoflife.org/opentree/ottol@507118"")","ECOCORE:00000088","carnivore","NA","onto:implicit"
"281","Camponotus","NA","Camponotus vagus","c(""NCBITaxon:84551"", ""NCBI:84551"", ""GBIF:1313740"", ""https://tree.opentreeoflife.org/opentree/ottol@507118"")","SFWO:0000009","exudativore","NA","onto:implicit"
"282","Camponotus","NA","Camponotus vagus","c(""NCBITaxon:84551"", ""NCBI:84551"", ""GBIF:1313740"", ""https://tree.opentreeoflife.org/opentree/ottol@507118"")","SFWO:0000020","honeydew feeder","NA","onto:implicit"
"283","Camponotus","NA","Camponotus vagus","c(""NCBITaxon:84551"", ""NCBI:84551"", ""GBIF:1313740"", ""https://tree.opentreeoflife.org/opentree/ottol@507118"")","ECOCORE:00000019","herbivore","NA","onto:implicit"
"284","Camponotus","NA","Camponotus vagus","c(""NCBITaxon:84551"", ""NCBI:84551"", ""GBIF:1313740"", ""https://tree.opentreeoflife.org/opentree/ottol@507118"")","ECOCORE:00000140","nectarivore","NA","onto:implicit"
"285","Camponotus","NA","Camponotus vagus","c(""NCBITaxon:84551"", ""NCBI:84551"", ""GBIF:1313740"", ""https://tree.opentreeoflife.org/opentree/ottol@507118"")","SFWO:0000068","plant exudate feeder","NA","onto:implicit"
"286","Neoscona","NA","Neoscona adianta","c(""NCBITaxon:1112440"", ""NCBI:1112440"", ""https://tree.opentreeoflife.org/opentree/ottol@321246"", ""GBIF:2158851"")","ECOCORE:00000010","heterotroph","NA","onto:implicit"
"287","Neoscona","NA","Neoscona adianta","c(""NCBITaxon:1112440"", ""NCBI:1112440"", ""https://tree.opentreeoflife.org/opentree/ottol@321246"", ""GBIF:2158851"")","ECOCORE:00000088","carnivore","NA","onto:implicit"
"288","Neoscona","NA","Neoscona","c(""NCBITaxon:258337"", ""NCBI:258337"", ""https://tree.opentreeoflife.org/opentree/ottol@32473"", ""GBIF:2158815"")","ECOCORE:00000010","heterotroph","NA","onto:implicit"
"289","Neoscona","NA","Neoscona","c(""NCBITaxon:258337"", ""NCBI:258337"", ""https://tree.opentreeoflife.org/opentree/ottol@32473"", ""GBIF:2158815"")","ECOCORE:00000088","carnivore","NA","onto:implicit"
"290","Neoscona","NA","Neoscona subfusca","c(""NCBITaxon:2578581"", ""NCBI:2578581"", ""GBIF:2158854"", ""https://tree.opentreeoflife.org/opentree/ottol@3569885"")","ECOCORE:00000010","heterotroph","NA","onto:implicit"
"291","Neoscona","NA","Neoscona subfusca","c(""NCBITaxon:2578581"", ""NCBI:2578581"", ""GBIF:2158854"", ""https://tree.opentreeoflife.org/opentree/ottol@3569885"")","ECOCORE:00000088","carnivore","NA","onto:implicit"
"292","Neoscona","NA","Neoscona nautica","c(""NCBITaxon:258338"", ""NCBI:258338"", ""GBIF:2158821"", ""https://tree.opentreeoflife.org/opentree/ottol@997382"")","ECOCORE:00000010","heterotroph","NA","onto:implicit"
"293","Neoscona","NA","Neoscona nautica","c(""NCBITaxon:258338"", ""NCBI:258338"", ""GBIF:2158821"", ""https://tree.opentreeoflife.org/opentree/ottol@997382"")","ECOCORE:00000088","carnivore","NA","onto:implicit"
"294","Neoscona","NA","Neoscona crucifera","c(""NCBITaxon:588437"", ""NCBI:588437"", ""https://tree.opentreeoflife.org/opentree/ottol@1025952"", ""GBIF:2158882"")","ECOCORE:00000010","heterotroph","NA","onto:implicit"
"295","Neoscona","NA","Neoscona crucifera","c(""NCBITaxon:588437"", ""NCBI:588437"", ""https://tree.opentreeoflife.org/opentree/ottol@1025952"", ""GBIF:2158882"")","ECOCORE:00000088","carnivore","NA","onto:implicit"
"296","Phaneroptera","NA","Phaneroptera falcata","c(""NCBITaxon:396409"", ""NCBI:396409"", ""https://tree.opentreeoflife.org/opentree/ottol@965215"", ""GBIF:1686243"")","ECOCORE:00000010","heterotroph","NA","onto:implicit"
"297","Phaneroptera","NA","Phaneroptera falcata","c(""NCBITaxon:396409"", ""NCBI:396409"", ""https://tree.opentreeoflife.org/opentree/ottol@965215"", ""GBIF:1686243"")","ECOCORE:00000019","herbivore","NA","onto:implicit"
"298","Phaneroptera","NA","Phaneroptera falcata","c(""NCBITaxon:396409"", ""NCBI:396409"", ""https://tree.opentreeoflife.org/opentree/ottol@965215"", ""GBIF:1686243"")","ECOCORE:00000136","frugivore","NA","onto:implicit"
"299","Phaneroptera","NA","Phaneroptera falcata","c(""NCBITaxon:396409"", ""NCBI:396409"", ""https://tree.opentreeoflife.org/opentree/ottol@965215"", ""GBIF:1686243"")","ECOCORE:00000088","carnivore","NA","gratin:gossner_arthropoda"
"300","Phaneroptera","NA","Phaneroptera falcata","c(""NCBITaxon:396409"", ""NCBI:396409"", ""https://tree.opentreeoflife.org/opentree/ottol@965215"", ""GBIF:1686243"")","ECOCORE:00000019","herbivore","NA","gratin:gossner_arthropoda"
"301","Xysticus","NA","Xysticus","c(""NCBITaxon:187486"", ""NCBI:187486"", ""https://tree.opentreeoflife.org/opentree/ottol@645890"", ""GBIF:2164999"")","ECOCORE:00000010","heterotroph","NA","onto:implicit"
"302","Xysticus","NA","Xysticus","c(""NCBITaxon:187486"", ""NCBI:187486"", ""https://tree.opentreeoflife.org/opentree/ottol@645890"", ""GBIF:2164999"")","ECOCORE:00000088","carnivore","NA","onto:implicit"
"303","Xysticus","NA","Xysticus audax","c(""NCBITaxon:1155758"", ""NCBI:1155758"", ""GBIF:2165095"", ""https://tree.opentreeoflife.org/opentree/ottol@265588"")","ECOCORE:00000010","heterotroph","NA","onto:implicit"
"304","Xysticus","NA","Xysticus audax","c(""NCBITaxon:1155758"", ""NCBI:1155758"", ""GBIF:2165095"", ""https://tree.opentreeoflife.org/opentree/ottol@265588"")","ECOCORE:00000088","carnivore","NA","onto:implicit"
"305","Xysticus","NA","Xysticus audax","c(""NCBITaxon:1155758"", ""NCBI:1155758"", ""GBIF:2165095"", ""https://tree.opentreeoflife.org/opentree/ottol@265588"")","ECOCORE:00000088","carnivore","NA","gratin:gossner_arthropoda"
"306","Xysticus","NA","Xysticus britcheri","c(""NCBITaxon:1405150"", ""NCBI:1405150"", ""https://tree.opentreeoflife.org/opentree/ottol@3548961"", ""GBIF:2165304"")","ECOCORE:00000010","heterotroph","NA","onto:implicit"
"307","Xysticus","NA","Xysticus britcheri","c(""NCBITaxon:1405150"", ""NCBI:1405150"", ""https://tree.opentreeoflife.org/opentree/ottol@3548961"", ""GBIF:2165304"")","ECOCORE:00000088","carnivore","NA","onto:implicit"
"308","Xysticus","NA","Xysticus chippewa","c(""NCBITaxon:1686723"", ""NCBI:1686723"", ""https://tree.opentreeoflife.org/opentree/ottol@3548905"", ""GBIF:2165233"")","ECOCORE:00000010","heterotroph","NA","onto:implicit"
"309","Xysticus","NA","Xysticus chippewa","c(""NCBITaxon:1686723"", ""NCBI:1686723"", ""https://tree.opentreeoflife.org/opentree/ottol@3548905"", ""GBIF:2165233"")","ECOCORE:00000088","carnivore","NA","onto:implicit"
"310","Xysticus","NA","Xysticus bifasciatus","c(""NCBITaxon:1872014"", ""NCBI:1872014"", ""https://tree.opentreeoflife.org/opentree/ottol@3549045"", ""GBIF:2165168"")","ECOCORE:00000010","heterotroph","NA","onto:implicit"
"311","Xysticus","NA","Xysticus bifasciatus","c(""NCBITaxon:1872014"", ""NCBI:1872014"", ""https://tree.opentreeoflife.org/opentree/ottol@3549045"", ""GBIF:2165168"")","ECOCORE:00000088","carnivore","NA","onto:implicit"
"312","Xysticus","NA","Xysticus bifasciatus","c(""NCBITaxon:1872014"", ""NCBI:1872014"", ""https://tree.opentreeoflife.org/opentree/ottol@3549045"", ""GBIF:2165168"")","ECOCORE:00000088","carnivore","NA","gratin:gossner_arthropoda"
"313","Xysticus","NA","Xysticus erraticus","c(""NCBITaxon:1872015"", ""NCBI:1872015"", ""https://tree.opentreeoflife.org/opentree/ottol@3548896"", ""GBIF:2165083"")","ECOCORE:00000010","heterotroph","NA","onto:implicit"
"314","Xysticus","NA","Xysticus erraticus","c(""NCBITaxon:1872015"", ""NCBI:1872015"", ""https://tree.opentreeoflife.org/opentree/ottol@3548896"", ""GBIF:2165083"")","ECOCORE:00000088","carnivore","NA","onto:implicit"
"315","Xysticus","NA","Xysticus erraticus","c(""NCBITaxon:1872015"", ""NCBI:1872015"", ""https://tree.opentreeoflife.org/opentree/ottol@3548896"", ""GBIF:2165083"")","ECOCORE:00000088","carnivore","NA","gratin:gossner_arthropoda"
"316","Xysticus","NA","Xysticus kempeleni","c(""NCBITaxon:1872016"", ""NCBI:1872016"", ""https://tree.opentreeoflife.org/opentree/ottol@3549025"", ""GBIF:2165253"")","ECOCORE:00000010","heterotroph","NA","onto:implicit"
"317","Xysticus","NA","Xysticus kempeleni","c(""NCBITaxon:1872016"", ""NCBI:1872016"", ""https://tree.opentreeoflife.org/opentree/ottol@3549025"", ""GBIF:2165253"")","ECOCORE:00000088","carnivore","NA","onto:implicit"
"318","Xysticus","NA","Xysticus kochi","c(""NCBITaxon:1872017"", ""NCBI:1872017"", ""https://tree.opentreeoflife.org/opentree/ottol@3549106"", ""GBIF:2165357"")","ECOCORE:00000010","heterotroph","NA","onto:implicit"
"319","Xysticus","NA","Xysticus kochi","c(""NCBITaxon:1872017"", ""NCBI:1872017"", ""https://tree.opentreeoflife.org/opentree/ottol@3549106"", ""GBIF:2165357"")","ECOCORE:00000088","carnivore","NA","onto:implicit"
"320","Xysticus","NA","Xysticus kochi","c(""NCBITaxon:1872017"", ""NCBI:1872017"", ""https://tree.opentreeoflife.org/opentree/ottol@3549106"", ""GBIF:2165357"")","ECOCORE:00000088","carnivore","NA","gratin:gossner_arthropoda"
"321","Xysticus","NA","Xysticus lanio","c(""NCBITaxon:1872018"", ""NCBI:1872018"", ""https://tree.opentreeoflife.org/opentree/ottol@3548820"", ""GBIF:2165027"")","ECOCORE:00000010","heterotroph","NA","onto:implicit"
"322","Xysticus","NA","Xysticus lanio","c(""NCBITaxon:1872018"", ""NCBI:1872018"", ""https://tree.opentreeoflife.org/opentree/ottol@3548820"", ""GBIF:2165027"")","ECOCORE:00000088","carnivore","NA","onto:implicit"
"323","Xysticus","NA","Xysticus lanio","c(""NCBITaxon:1872018"", ""NCBI:1872018"", ""https://tree.opentreeoflife.org/opentree/ottol@3548820"", ""GBIF:2165027"")","ECOCORE:00000088","carnivore","NA","gratin:gossner_arthropoda"
"324","Xysticus","NA","Xysticus lineatus","c(""NCBITaxon:1872019"", ""NCBI:1872019"", ""GBIF:2165287"", ""https://tree.opentreeoflife.org/opentree/ottol@3548970"")","ECOCORE:00000010","heterotroph","NA","onto:implicit"
"325","Xysticus","NA","Xysticus lineatus","c(""NCBITaxon:1872019"", ""NCBI:1872019"", ""GBIF:2165287"", ""https://tree.opentreeoflife.org/opentree/ottol@3548970"")","ECOCORE:00000088","carnivore","NA","onto:implicit"
"326","Xysticus","NA","Xysticus macedonicus","c(""NCBITaxon:1872020"", ""NCBI:1872020"", ""https://tree.opentreeoflife.org/opentree/ottol@3548840"", ""GBIF:2165115"")","ECOCORE:00000010","heterotroph","NA","onto:implicit"
"327","Xysticus","NA","Xysticus macedonicus","c(""NCBITaxon:1872020"", ""NCBI:1872020"", ""https://tree.opentreeoflife.org/opentree/ottol@3548840"", ""GBIF:2165115"")","ECOCORE:00000088","carnivore","NA","onto:implicit"
"328","Xysticus","NA","Xysticus tenebrosus","c(""NCBITaxon:1872021"", ""NCBI:1872021"", ""https://tree.opentreeoflife.org/opentree/ottol@3548866"", ""GBIF:2165071"")","ECOCORE:00000010","heterotroph","NA","onto:implicit"
"329","Xysticus","NA","Xysticus tenebrosus","c(""NCBITaxon:1872021"", ""NCBI:1872021"", ""https://tree.opentreeoflife.org/opentree/ottol@3548866"", ""GBIF:2165071"")","ECOCORE:00000088","carnivore","NA","onto:implicit"
"330","Xysticus","NA","Xysticus acerbus","c(""NCBITaxon:187487"", ""NCBI:187487"", ""https://tree.opentreeoflife.org/opentree/ottol@645892"", ""GBIF:2165222"")","ECOCORE:00000010","heterotroph","NA","onto:implicit"
"331","Xysticus","NA","Xysticus acerbus","c(""NCBITaxon:187487"", ""NCBI:187487"", ""https://tree.opentreeoflife.org/opentree/ottol@645892"", ""GBIF:2165222"")","ECOCORE:00000088","carnivore","NA","onto:implicit"
"332","Xysticus","NA","Xysticus luctator","c(""NCBITaxon:1907071"", ""NCBI:1907071"", ""GBIF:2165224"", ""https://tree.opentreeoflife.org/opentree/ottol@3548799"")","ECOCORE:00000010","heterotroph","NA","onto:implicit"
"333","Xysticus","NA","Xysticus luctator","c(""NCBITaxon:1907071"", ""NCBI:1907071"", ""GBIF:2165224"", ""https://tree.opentreeoflife.org/opentree/ottol@3548799"")","ECOCORE:00000088","carnivore","NA","onto:implicit"
"334","Xysticus","NA","Xysticus sabulosus","c(""NCBITaxon:1907072"", ""NCBI:1907072"", ""https://tree.opentreeoflife.org/opentree/ottol@3548915"", ""GBIF:2165321"")","ECOCORE:00000010","heterotroph","NA","onto:implicit"
"335","Xysticus","NA","Xysticus sabulosus","c(""NCBITaxon:1907072"", ""NCBI:1907072"", ""https://tree.opentreeoflife.org/opentree/ottol@3548915"", ""GBIF:2165321"")","ECOCORE:00000088","carnivore","NA","onto:implicit"
"336","Xysticus","NA","Xysticus ulmi","c(""NCBITaxon:1907074"", ""NCBI:1907074"", ""https://tree.opentreeoflife.org/opentree/ottol@3548786"", ""GBIF:2165228"")","ECOCORE:00000010","heterotroph","NA","onto:implicit"
"337","Xysticus","NA","Xysticus ulmi","c(""NCBITaxon:1907074"", ""NCBI:1907074"", ""https://tree.opentreeoflife.org/opentree/ottol@3548786"", ""GBIF:2165228"")","ECOCORE:00000088","carnivore","NA","onto:implicit"
"338","Xysticus","NA","Xysticus ulmi","c(""NCBITaxon:1907074"", ""NCBI:1907074"", ""https://tree.opentreeoflife.org/opentree/ottol@3548786"", ""GBIF:2165228"")","ECOCORE:00000088","carnivore","NA","gratin:gossner_arthropoda"
"339","Xysticus","NA","Xysticus gallicus","c(""NCBITaxon:1926239"", ""NCBI:1926239"", ""GBIF:2165143"", ""https://tree.opentreeoflife.org/opentree/ottol@3549037"")","ECOCORE:00000010","heterotroph","NA","onto:implicit"
"340","Xysticus","NA","Xysticus gallicus","c(""NCBITaxon:1926239"", ""NCBI:1926239"", ""GBIF:2165143"", ""https://tree.opentreeoflife.org/opentree/ottol@3549037"")","ECOCORE:00000088","carnivore","NA","onto:implicit"
"341","Xysticus","NA","Xysticus bliteus","c(""NCBITaxon:2003137"", ""NCBI:2003137"", ""https://tree.opentreeoflife.org/opentree/ottol@3548971"", ""GBIF:2165286"")","ECOCORE:00000010","heterotroph","NA","onto:implicit"
"342","Xysticus","NA","Xysticus bliteus","c(""NCBITaxon:2003137"", ""NCBI:2003137"", ""https://tree.opentreeoflife.org/opentree/ottol@3548971"", ""GBIF:2165286"")","ECOCORE:00000088","carnivore","NA","onto:implicit"
"343","Xysticus","NA","Xysticus cor","c(""NCBITaxon:2003138"", ""NCBI:2003138"", ""https://tree.opentreeoflife.org/opentree/ottol@3548955"", ""GBIF:2165320"")","ECOCORE:00000010","heterotroph","NA","onto:implicit"
"344","Xysticus","NA","Xysticus cor","c(""NCBITaxon:2003138"", ""NCBI:2003138"", ""https://tree.opentreeoflife.org/opentree/ottol@3548955"", ""GBIF:2165320"")","ECOCORE:00000088","carnivore","NA","onto:implicit"
"345","Xysticus","NA","Xysticus ferrugineus","c(""NCBITaxon:2003139"", ""NCBI:2003139"", ""https://tree.opentreeoflife.org/opentree/ottol@3548865"", ""GBIF:2165070"")","ECOCORE:00000010","heterotroph","NA","onto:implicit"
"346","Xysticus","NA","Xysticus ferrugineus","c(""NCBITaxon:2003139"", ""NCBI:2003139"", ""https://tree.opentreeoflife.org/opentree/ottol@3548865"", ""GBIF:2165070"")","ECOCORE:00000088","carnivore","NA","onto:implicit"
"347","Xysticus","NA","Xysticus nubilus","c(""NCBITaxon:2003140"", ""NCBI:2003140"", ""https://tree.opentreeoflife.org/opentree/ottol@3548859"", ""GBIF:2165074"")","ECOCORE:00000010","heterotroph","NA","onto:implicit"
"348","Xysticus","NA","Xysticus nubilus","c(""NCBITaxon:2003140"", ""NCBI:2003140"", ""https://tree.opentreeoflife.org/opentree/ottol@3548859"", ""GBIF:2165074"")","ECOCORE:00000088","carnivore","NA","onto:implicit"
"349","Xysticus","NA","Xysticus semicarinatus","c(""NCBITaxon:2003141"", ""NCBI:2003141"", ""https://tree.opentreeoflife.org/opentree/ottol@3548913"", ""GBIF:2165324"")","ECOCORE:00000010","heterotroph","NA","onto:implicit"
"350","Xysticus","NA","Xysticus semicarinatus","c(""NCBITaxon:2003141"", ""NCBI:2003141"", ""https://tree.opentreeoflife.org/opentree/ottol@3548913"", ""GBIF:2165324"")","ECOCORE:00000088","carnivore","NA","onto:implicit"
"351","Xysticus","NA","Xysticus slovacus","c(""NCBITaxon:2003142"", ""NCBI:2003142"", ""https://tree.opentreeoflife.org/opentree/ottol@3548869"", ""GBIF:2165333"")","ECOCORE:00000010","heterotroph","NA","onto:implicit"
"352","Xysticus","NA","Xysticus slovacus","c(""NCBITaxon:2003142"", ""NCBI:2003142"", ""https://tree.opentreeoflife.org/opentree/ottol@3548869"", ""GBIF:2165333"")","ECOCORE:00000088","carnivore","NA","onto:implicit"
"353","Xysticus","NA","Xysticus tortuosus","c(""NCBITaxon:2003143"", ""NCBI:2003143"", ""https://tree.opentreeoflife.org/opentree/ottol@3548861"", ""GBIF:2165277"")","ECOCORE:00000010","heterotroph","NA","onto:implicit"
"354","Xysticus","NA","Xysticus tortuosus","c(""NCBITaxon:2003143"", ""NCBI:2003143"", ""https://tree.opentreeoflife.org/opentree/ottol@3548861"", ""GBIF:2165277"")","ECOCORE:00000088","carnivore","NA","onto:implicit"
"355","Xysticus","NA","Xysticus edax","c(""NCBITaxon:2750789"", ""NCBI:2750789"", ""GBIF:2165246"")","ECOCORE:00000010","heterotroph","NA","onto:implicit"
"356","Xysticus","NA","Xysticus edax","c(""NCBITaxon:2750789"", ""NCBI:2750789"", ""GBIF:2165246"")","ECOCORE:00000088","carnivore","NA","onto:implicit"
"357","Xysticus","NA","Xysticus marmoratus","c(""NCBITaxon:2750790"", ""NCBI:2750790"", ""GBIF:2165040"")","ECOCORE:00000010","heterotroph","NA","onto:implicit"
"358","Xysticus","NA","Xysticus marmoratus","c(""NCBITaxon:2750790"", ""NCBI:2750790"", ""GBIF:2165040"")","ECOCORE:00000088","carnivore","NA","onto:implicit"
"359","Xysticus","NA","Xysticus canadensis","c(""NCBITaxon:336610"", ""NCBI:336610"", ""https://tree.opentreeoflife.org/opentree/ottol@87066"", ""GBIF:2165020"")","ECOCORE:00000010","heterotroph","NA","onto:implicit"
"360","Xysticus","NA","Xysticus canadensis","c(""NCBITaxon:336610"", ""NCBI:336610"", ""https://tree.opentreeoflife.org/opentree/ottol@87066"", ""GBIF:2165020"")","ECOCORE:00000088","carnivore","NA","onto:implicit"
"361","Xysticus","NA","Xysticus emertoni","c(""NCBITaxon:336612"", ""NCBI:336612"", ""https://tree.opentreeoflife.org/opentree/ottol@87061"", ""GBIF:2165029"")","ECOCORE:00000010","heterotroph","NA","onto:implicit"
"362","Xysticus","NA","Xysticus emertoni","c(""NCBITaxon:336612"", ""NCBI:336612"", ""https://tree.opentreeoflife.org/opentree/ottol@87061"", ""GBIF:2165029"")","ECOCORE:00000088","carnivore","NA","onto:implicit"
"363","Xysticus","NA","Xysticus luctuosus","c(""NCBITaxon:336616"", ""NCBI:336616"", ""https://tree.opentreeoflife.org/opentree/ottol@87053"", ""GBIF:2165055"")","ECOCORE:00000010","heterotroph","NA","onto:implicit"
"364","Xysticus","NA","Xysticus luctuosus","c(""NCBITaxon:336616"", ""NCBI:336616"", ""https://tree.opentreeoflife.org/opentree/ottol@87053"", ""GBIF:2165055"")","ECOCORE:00000088","carnivore","NA","onto:implicit"
"365","Xysticus","NA","Xysticus obscurus","c(""NCBITaxon:336617"", ""NCBI:336617"", ""https://tree.opentreeoflife.org/opentree/ottol@87051"", ""GBIF:2165340"")","ECOCORE:00000010","heterotroph","NA","onto:implicit"
"366","Xysticus","NA","Xysticus obscurus","c(""NCBITaxon:336617"", ""NCBI:336617"", ""https://tree.opentreeoflife.org/opentree/ottol@87051"", ""GBIF:2165340"")","ECOCORE:00000088","carnivore","NA","onto:implicit"
"367","Xysticus","NA","Xysticus cristatus","c(""NCBITaxon:948055"", ""NCBI:948055"", ""https://tree.opentreeoflife.org/opentree/ottol@657151"", ""GBIF:2165052"")","ECOCORE:00000010","heterotroph","NA","onto:implicit"
"368","Xysticus","NA","Xysticus cristatus","c(""NCBITaxon:948055"", ""NCBI:948055"", ""https://tree.opentreeoflife.org/opentree/ottol@657151"", ""GBIF:2165052"")","ECOCORE:00000088","carnivore","NA","onto:implicit"
"369","Xysticus","NA","Xysticus cristatus","c(""NCBITaxon:948055"", ""NCBI:948055"", ""https://tree.opentreeoflife.org/opentree/ottol@657151"", ""GBIF:2165052"")","ECOCORE:00000088","carnivore","NA","gratin:gossner_arthropoda"
"370","Larinioides","NA","Larinioides ixobolus","c(""NCBITaxon:1926193"", ""NCBI:1926193"", ""GBIF:2159206"", ""https://tree.opentreeoflife.org/opentree/ottol@3569238"")","ECOCORE:00000010","heterotroph","NA","onto:implicit"
"371","Larinioides","NA","Larinioides ixobolus","c(""NCBITaxon:1926193"", ""NCBI:1926193"", ""GBIF:2159206"", ""https://tree.opentreeoflife.org/opentree/ottol@3569238"")","ECOCORE:00000088","carnivore","NA","onto:implicit"
"372","Larinioides","NA","Larinioides","c(""NCBITaxon:280405"", ""NCBI:280405"", ""GBIF:2159201"", ""https://tree.opentreeoflife.org/opentree/ottol@703349"")","ECOCORE:00000010","heterotroph","NA","onto:implicit"
"373","Larinioides","NA","Larinioides","c(""NCBITaxon:280405"", ""NCBI:280405"", ""GBIF:2159201"", ""https://tree.opentreeoflife.org/opentree/ottol@703349"")","ECOCORE:00000088","carnivore","NA","onto:implicit"
"374","Larinioides","NA","Larinioides cornutus","c(""NCBITaxon:336591"", ""NCBI:336591"", ""https://tree.opentreeoflife.org/opentree/ottol@1011515"", ""GBIF:2159204"")","ECOCORE:00000010","heterotroph","NA","onto:implicit"
"375","Larinioides","NA","Larinioides cornutus","c(""NCBITaxon:336591"", ""NCBI:336591"", ""https://tree.opentreeoflife.org/opentree/ottol@1011515"", ""GBIF:2159204"")","ECOCORE:00000088","carnivore","NA","onto:implicit"
"376","Larinioides","NA","Larinioides cornutus","c(""NCBITaxon:336591"", ""NCBI:336591"", ""https://tree.opentreeoflife.org/opentree/ottol@1011515"", ""GBIF:2159204"")","ECOCORE:00000088","carnivore","NA","gratin:gossner_arthropoda"
"377","Larinioides","NA","Larinioides patagiatus","c(""NCBITaxon:336592"", ""NCBI:336592"", ""https://tree.opentreeoflife.org/opentree/ottol@1011517"", ""GBIF:2159207"")","ECOCORE:00000010","heterotroph","NA","onto:implicit"
"378","Larinioides","NA","Larinioides patagiatus","c(""NCBITaxon:336592"", ""NCBI:336592"", ""https://tree.opentreeoflife.org/opentree/ottol@1011517"", ""GBIF:2159207"")","ECOCORE:00000088","carnivore","NA","onto:implicit"
"379","Sphaeroderma","NA","Sphaeroderma testaceum","c(""NCBITaxon:428710"", ""NCBI:428710"", ""GBIF:5876450"")","ECOCORE:00000010","heterotroph","NA","onto:implicit"
"380","Sphaeroderma","NA","Sphaeroderma testaceum","c(""NCBITaxon:428710"", ""NCBI:428710"", ""GBIF:5876450"")","ECOCORE:00000019","herbivore","NA","gratin:gossner_arthropoda"
"381","Sphaeroderma","NA","Sphaeroderma rubidum","c(""NCBITaxon:878991"", ""NCBI:878991"", ""GBIF:6097787"", ""https://tree.opentreeoflife.org/opentree/ottol@931889"")","ECOCORE:00000010","heterotroph","NA","onto:implicit"
"382","Sphaeroderma","NA","Sphaeroderma rubidum","c(""NCBITaxon:878991"", ""NCBI:878991"", ""GBIF:6097787"", ""https://tree.opentreeoflife.org/opentree/ottol@931889"")","ECOCORE:00000019","herbivore","NA","gratin:gossner_arthropoda"
"383","Scymnus","NA","Scymnus suturalis","c(""NCBITaxon:115352"", ""NCBI:115352"", ""https://tree.opentreeoflife.org/opentree/ottol@332974"", ""GBIF:4989932"")","ECOCORE:00000010","heterotroph","NA","onto:implicit"
"384","Scymnus","NA","Scymnus suturalis","c(""NCBITaxon:115352"", ""NCBI:115352"", ""https://tree.opentreeoflife.org/opentree/ottol@332974"", ""GBIF:4989932"")","ECOCORE:00000088","carnivore","NA","gratin:gossner_arthropoda"
"385","Scymnus","NA","Scymnus ferrugatus","c(""NCBITaxon:1588446"", ""NCBI:1588446"", ""GBIF:5749463"", ""https://tree.opentreeoflife.org/opentree/ottol@3355568"")","ECOCORE:00000010","heterotroph","NA","onto:implicit"
"386","Scymnus","NA","Scymnus ferrugatus","c(""NCBITaxon:1588446"", ""NCBI:1588446"", ""GBIF:5749463"", ""https://tree.opentreeoflife.org/opentree/ottol@3355568"")","ECOCORE:00000088","carnivore","NA","gratin:gossner_arthropoda"
"387","Scymnus","NA","Scymnus mimulus","c(""NCBITaxon:1588449"", ""NCBI:1588449"", ""https://tree.opentreeoflife.org/opentree/ottol@3355538"", ""GBIF:5749496"")","ECOCORE:00000010","heterotroph","NA","onto:implicit"
"388","Scymnus","NA","Scymnus mimulus","c(""NCBITaxon:1588449"", ""NCBI:1588449"", ""https://tree.opentreeoflife.org/opentree/ottol@3355538"", ""GBIF:5749496"")","ECOCORE:00000088","carnivore","NA","gratin:gossner_arthropoda"
"389","Scymnus","NA","Scymnus haemorrhoidalis","c(""NCBITaxon:346849"", ""NCBI:346849"", ""https://tree.opentreeoflife.org/opentree/ottol@903646"", ""GBIF:5749533"")","ECOCORE:00000010","heterotroph","NA","onto:implicit"
"390","Scymnus","NA","Scymnus haemorrhoidalis","c(""NCBITaxon:346849"", ""NCBI:346849"", ""https://tree.opentreeoflife.org/opentree/ottol@903646"", ""GBIF:5749533"")","ECOCORE:00000088","carnivore","NA","gratin:gossner_arthropoda"
"391","Scymnus","NA","Scymnus frontalis","c(""NCBITaxon:619630"", ""NCBI:619630"", ""https://tree.opentreeoflife.org/opentree/ottol@236193"", ""GBIF:5749504"")","ECOCORE:00000010","heterotroph","NA","onto:implicit"
"392","Scymnus","NA","Scymnus frontalis","c(""NCBITaxon:619630"", ""NCBI:619630"", ""https://tree.opentreeoflife.org/opentree/ottol@236193"", ""GBIF:5749504"")","ECOCORE:00000088","carnivore","NA","gratin:gossner_arthropoda"
"393","Scymnus","NA","Scymnus auritus","c(""NCBITaxon:878977"", ""NCBI:878977"", ""https://tree.opentreeoflife.org/opentree/ottol@1083444"", ""GBIF:5749475"")","ECOCORE:00000010","heterotroph","NA","onto:implicit"
"394","Scymnus","NA","Scymnus auritus","c(""NCBITaxon:878977"", ""NCBI:878977"", ""https://tree.opentreeoflife.org/opentree/ottol@1083444"", ""GBIF:5749475"")","ECOCORE:00000088","carnivore","NA","gratin:gossner_arthropoda"
