"","db","query","kingdom","phylum","class","order","family","genus","species","community"
"1","ncbi","Abia nitens","Metazoa","Arthropoda","Insecta","Hymenoptera","Cimbicidae","Abia","Abia nitens","macrofauna_aerial"
"2","ncbi","Acanthoscelides","Metazoa","Arthropoda","Insecta","Coleoptera","Chrysomelidae","Acanthoscelides","unassigned","macrofauna_aerial"
"3","ncbi","Acrididae","Metazoa","Arthropoda","Insecta","Orthoptera","Acrididae","unassigned","unassigned","macrofauna_aerial"
"4","ncbi","Aglaostigma aucupariae","Metazoa","Arthropoda","Insecta","Hymenoptera","Tenthredinidae","Aglaostigma","Aglaostigma aucupariae","macrofauna_aerial"
"5","ncbi","Agriotes","Metazoa","Arthropoda","Insecta","Coleoptera","Elateridae","Agriotes","unassigned","macrofauna_aerial"
"6","ncbi","Allograpta","Metazoa","Arthropoda","Insecta","Diptera","Syrphidae","Allograpta","unassigned","macrofauna_aerial"
"7","ncbi","Altica","Metazoa","Arthropoda","Insecta","Coleoptera","Chrysomelidae","Altica","unassigned","macrofauna_aerial"
"8","ncbi","Alticini","Metazoa","Arthropoda","Insecta","Coleoptera","Chrysomelidae","unassigned","unassigned","macrofauna_aerial"
"9","ncbi","Alysiinae","Metazoa","Arthropoda","Insecta","Hymenoptera","Braconidae","unassigned","unassigned","macrofauna_aerial"
"10","ncbi","Amara aenea","Metazoa","Arthropoda","Insecta","Coleoptera","Carabidae","Amara","Amara aenea","macrofauna_aerial"
"11","ncbi","Ametastegia glabrata","Metazoa","Arthropoda","Insecta","Hymenoptera","Tenthredinidae","Ametastegia","Ametastegia glabrata","macrofauna_aerial"
"12","ncbi","Anacharitinae","Metazoa","Arthropoda","Insecta","Hymenoptera","Figitidae","unassigned","unassigned","macrofauna_aerial"
"13","ncbi","Ancistrocerus","Metazoa","Arthropoda","Insecta","Hymenoptera","Vespidae","Ancistrocerus","unassigned","macrofauna_aerial"
"14","ncbi","Andrenidae","Metazoa","Arthropoda","Insecta","Hymenoptera","Andrenidae","unassigned","unassigned","macrofauna_aerial"
"15","ncbi","Anogcodes","Metazoa","Arthropoda","Insecta","Coleoptera","Oedemeridae","Anogcodes","unassigned","macrofauna_aerial"
"16","ncbi","Anthaxia","Metazoa","Arthropoda","Insecta","Coleoptera","Buprestidae","Anthaxia","unassigned","macrofauna_aerial"
"17","ncbi","Anthaxia hungarica","Metazoa","Arthropoda","Insecta","Coleoptera","Buprestidae","Anthaxia","Anthaxia hungarica","macrofauna_aerial"
"18","ncbi","Anthaxia manca","Metazoa","Arthropoda","Insecta","Coleoptera","Buprestidae","Anthaxia","Anthaxia manca","macrofauna_aerial"
"19","ncbi","Anthrenus","Metazoa","Arthropoda","Insecta","Coleoptera","Dermestidae","Anthrenus","unassigned","macrofauna_aerial"
"20","ncbi","Aphanogmus","Metazoa","Arthropoda","Insecta","Hymenoptera","Ceraphronidae","Aphanogmus","unassigned","macrofauna_aerial"
"21","ncbi","Aphelinus","Metazoa","Arthropoda","Insecta","Hymenoptera","Aphelinidae","Aphelinus","unassigned","macrofauna_aerial"
"22","ncbi","Aphididae","Metazoa","Arthropoda","Insecta","Hemiptera","Aphididae","unassigned","unassigned","macrofauna_aerial"
"23","ncbi","Aphidiinae","Metazoa","Arthropoda","Insecta","Hymenoptera","Braconidae","unassigned","unassigned","macrofauna_aerial"
"24","ncbi","Apion","Metazoa","Arthropoda","Insecta","Coleoptera","Apionidae","Apion","unassigned","macrofauna_aerial"
"25","ncbi","Apis mellifera","Metazoa","Arthropoda","Insecta","Hymenoptera","Apidae","Apis","Apis mellifera","macrofauna_aerial"
"26","ncbi","Apocrita","Metazoa","Arthropoda","Insecta","Hymenoptera","unassigned","unassigned","unassigned","macrofauna_aerial"
"27","ncbi","Apoidea","Metazoa","Arthropoda","Insecta","Hymenoptera","unassigned","unassigned","unassigned","macrofauna_aerial"
"28","ncbi","Araneae","Metazoa","Arthropoda","Arachnida","Araneae","unassigned","unassigned","unassigned","macrofauna_aerial"
"29","ncbi","Araneidae","Metazoa","Arthropoda","Arachnida","Araneae","Araneidae","unassigned","unassigned","macrofauna_aerial"
"30","ncbi","Araneomorphae","Metazoa","Arthropoda","Arachnida","Araneae","unassigned","unassigned","unassigned","macrofauna_aerial"
"31","ncbi","Arenocoris waltlii","Metazoa","Arthropoda","Insecta","Hemiptera","Coreidae","Arenocoris","Arenocoris waltlii","macrofauna_aerial"
"32","ncbi","Asaphes","Metazoa","Arthropoda","Insecta","Hymenoptera","Pteromalidae","Asaphes","unassigned","macrofauna_aerial"
"33","ncbi","Athalia","Metazoa","Arthropoda","Insecta","Hymenoptera","Athaliidae","Athalia","unassigned","macrofauna_aerial"
"34","ncbi","Athalia bicolor","Metazoa","Arthropoda","Insecta","Hymenoptera","Athaliidae","Athalia","Athalia bicolor","macrofauna_aerial"
"35","ncbi","Atomaria","Metazoa","Arthropoda","Insecta","Coleoptera","Cryptophagidae","Atomaria","unassigned","macrofauna_aerial"
"36","ncbi","Aulacobaris","Metazoa","Arthropoda","Insecta","Coleoptera","Curculionidae","Aulacobaris","unassigned","macrofauna_aerial"
"37","ncbi","Auplopus carbonarius","Metazoa","Arthropoda","Insecta","Hymenoptera","Pompilidae","Auplopus","Auplopus carbonarius","macrofauna_aerial"
"38","ncbi","Basalys","Metazoa","Arthropoda","Insecta","Hymenoptera","Diapriidae","Basalys","unassigned","macrofauna_aerial"
"39","ncbi","Belyta","Metazoa","Arthropoda","Insecta","Hymenoptera","Diapriidae","Belyta","unassigned","macrofauna_aerial"
"40","ncbi","Belytinae","Metazoa","Arthropoda","Insecta","Hymenoptera","Diapriidae","unassigned","unassigned","macrofauna_aerial"
"41","ncbi","Bethylidae","Metazoa","Arthropoda","Insecta","Hymenoptera","Bethylidae","unassigned","unassigned","macrofauna_aerial"
"42","ncbi","Blennocampinae","Metazoa","Arthropoda","Insecta","Hymenoptera","Tenthredinidae","unassigned","unassigned","macrofauna_aerial"
"43","ncbi","Bombus pascuorum","Metazoa","Arthropoda","Insecta","Hymenoptera","Apidae","Bombus","Bombus pascuorum","macrofauna_aerial"
"44","ncbi","Brachinus","Metazoa","Arthropoda","Insecta","Coleoptera","Carabidae","Brachinus","unassigned","macrofauna_aerial"
"45","ncbi","Braconidae","Metazoa","Arthropoda","Insecta","Hymenoptera","Braconidae","unassigned","unassigned","macrofauna_aerial"
"46","ncbi","Bruchinae","Metazoa","Arthropoda","Insecta","Coleoptera","Chrysomelidae","unassigned","unassigned","macrofauna_aerial"
"47","ncbi","Buprestidae","Metazoa","Arthropoda","Insecta","Coleoptera","Buprestidae","unassigned","unassigned","macrofauna_aerial"
"48","ncbi","Calameuta","Metazoa","Arthropoda","Insecta","Hymenoptera","Cephidae","Calameuta","unassigned","macrofauna_aerial"
"49","ncbi","Carcharodus alceae","Metazoa","Arthropoda","Insecta","Lepidoptera","Hesperiidae","Carcharodus","Carcharodus alceae","macrofauna_aerial"
"50","ncbi","Carpocoris mediterraneus atlanticus","Metazoa","Arthropoda","Insecta","Hemiptera","Pentatomidae","Carpocoris","Carpocoris mediterraneus","macrofauna_aerial"
"51","ncbi","Carpophilus","Metazoa","Arthropoda","Insecta","Coleoptera","Nitidulidae","Carpophilus","unassigned","macrofauna_aerial"
"52","ncbi","Cephus","Metazoa","Arthropoda","Insecta","Hymenoptera","Cephidae","Cephus","unassigned","macrofauna_aerial"
"53","ncbi","Cephus pygmeus","Metazoa","Arthropoda","Insecta","Hymenoptera","Cephidae","Cephus","Cephus pygmeus","macrofauna_aerial"
"54","ncbi","Ceraphronidae","Metazoa","Arthropoda","Insecta","Hymenoptera","Ceraphronidae","unassigned","unassigned","macrofauna_aerial"
"55","ncbi","Ceraphronoidea","Metazoa","Arthropoda","Insecta","Hymenoptera","unassigned","unassigned","unassigned","macrofauna_aerial"
"56","ncbi","Ceutorhynchinae","Metazoa","Arthropoda","Insecta","Coleoptera","Curculionidae","unassigned","unassigned","macrofauna_aerial"
"57","ncbi","Ceutorhynchini","Metazoa","Arthropoda","Insecta","Coleoptera","Curculionidae","unassigned","unassigned","macrofauna_aerial"
"58","ncbi","Ceutorhynchus","Metazoa","Arthropoda","Insecta","Coleoptera","Curculionidae","Ceutorhynchus","unassigned","macrofauna_aerial"
"59","ncbi","Ceutorhynchus pallidactylus","Metazoa","Arthropoda","Insecta","Coleoptera","Curculionidae","Ceutorhynchus","Ceutorhynchus pallidactylus","macrofauna_aerial"
"60","ncbi","Chaetocnema","Metazoa","Arthropoda","Insecta","Coleoptera","Chrysomelidae","Chaetocnema","unassigned","macrofauna_aerial"
"61","ncbi","Chalcidoidea","Metazoa","Arthropoda","Insecta","Hymenoptera","unassigned","unassigned","unassigned","macrofauna_aerial"
"62","ncbi","Charipinae","Metazoa","Arthropoda","Insecta","Hymenoptera","Figitidae","unassigned","unassigned","macrofauna_aerial"
"63","ncbi","Chrysididae","Metazoa","Arthropoda","Insecta","Hymenoptera","Chrysididae","unassigned","unassigned","macrofauna_aerial"
"64","ncbi","Chrysotoxum","Metazoa","Arthropoda","Insecta","Diptera","Syrphidae","Chrysotoxum","unassigned","macrofauna_aerial"
"65","ncbi","Chrysura","Metazoa","Arthropoda","Insecta","Hymenoptera","Chrysididae","Chrysura","unassigned","macrofauna_aerial"
"66","ncbi","Chrysura refulgens","Metazoa","Arthropoda","Insecta","Hymenoptera","Chrysididae","Chrysura","Chrysura refulgens","macrofauna_aerial"
"67","ncbi","Cicadellidae","Metazoa","Arthropoda","Insecta","Hemiptera","Cicadellidae","unassigned","unassigned","macrofauna_aerial"
"68","ncbi","Cladius","Metazoa","Arthropoda","Insecta","Hymenoptera","Tenthredinidae","Cladius","unassigned","macrofauna_aerial"
"69","ncbi","Closterotomus","Metazoa","Arthropoda","Insecta","Hemiptera","Miridae","Closterotomus","unassigned","macrofauna_aerial"
"70","ncbi","Coccinella septempunctata","Metazoa","Arthropoda","Insecta","Coleoptera","Coccinellidae","Coccinella","Coccinella septempunctata","macrofauna_aerial"
"71","ncbi","Coccinellidae","Metazoa","Arthropoda","Insecta","Coleoptera","Coccinellidae","unassigned","unassigned","macrofauna_aerial"
"72","ncbi","Coleoptera","Metazoa","Arthropoda","Insecta","Coleoptera","unassigned","unassigned","unassigned","macrofauna_aerial"
"73","ncbi","Colletidae","Metazoa","Arthropoda","Insecta","Hymenoptera","Colletidae","unassigned","unassigned","macrofauna_aerial"
"74","ncbi","Conostigmus","Metazoa","Arthropoda","Insecta","Hymenoptera","Megaspilidae","Conostigmus","unassigned","macrofauna_aerial"
"75","ncbi","Coranus","Metazoa","Arthropoda","Insecta","Hemiptera","Reduviidae","Coranus","unassigned","macrofauna_aerial"
"76","ncbi","Cryptocephalus rugicollis","Metazoa","Arthropoda","Insecta","Coleoptera","Chrysomelidae","Cryptocephalus","Cryptocephalus rugicollis","macrofauna_aerial"
"77","ncbi","Cryptophagidae","Metazoa","Arthropoda","Insecta","Coleoptera","Cryptophagidae","unassigned","unassigned","macrofauna_aerial"
"78","ncbi","Curculionoidea","Metazoa","Arthropoda","Insecta","Coleoptera","unassigned","unassigned","unassigned","macrofauna_aerial"
"79","ncbi","Cynipoidea","Metazoa","Arthropoda","Insecta","Hymenoptera","unassigned","unassigned","unassigned","macrofauna_aerial"
"80","ncbi","Cyrtogaster","Metazoa","Arthropoda","Insecta","Hymenoptera","Pteromalidae","Cyrtogaster","unassigned","macrofauna_aerial"
"81","ncbi","Cyrtogaster vulgaris","Metazoa","Arthropoda","Insecta","Hymenoptera","Pteromalidae","Cyrtogaster","Cyrtogaster vulgaris","macrofauna_aerial"
"82","ncbi","Dasytes terminalis","Metazoa","Arthropoda","Insecta","Coleoptera","Melyridae","Dasytes","Dasytes terminalis","macrofauna_aerial"
"83","ncbi","Deltocephalinae","Metazoa","Arthropoda","Insecta","Hemiptera","Cicadellidae","unassigned","unassigned","macrofauna_aerial"
"84","ncbi","Deraeocoris","Metazoa","Arthropoda","Insecta","Hemiptera","Miridae","Deraeocoris","unassigned","macrofauna_aerial"
"85","ncbi","Dermestes laniarius","Metazoa","Arthropoda","Insecta","Coleoptera","Dermestidae","Dermestes","Dermestes laniarius","macrofauna_aerial"
"86","ncbi","Diapriinae","Metazoa","Arthropoda","Insecta","Hymenoptera","Diapriidae","unassigned","unassigned","macrofauna_aerial"
"87","ncbi","Diglyphus","Metazoa","Arthropoda","Insecta","Hymenoptera","Eulophidae","Diglyphus","unassigned","macrofauna_aerial"
"88","ncbi","Diglyphus isaea","Metazoa","Arthropoda","Insecta","Hymenoptera","Eulophidae","Diglyphus","Diglyphus isaea","macrofauna_aerial"
"89","ncbi","Diplazon","Metazoa","Arthropoda","Insecta","Hymenoptera","Ichneumonidae","Diplazon","unassigned","macrofauna_aerial"
"90","ncbi","Diptera","Metazoa","Arthropoda","Insecta","Diptera","unassigned","unassigned","unassigned","macrofauna_aerial"
"91","ncbi","Dolerus gonager","Metazoa","Arthropoda","Insecta","Hymenoptera","Tenthredinidae","Dolerus","Dolerus gonager","macrofauna_aerial"
"92","ncbi","Dolichosoma lineare","Metazoa","Arthropoda","Insecta","Coleoptera","Melyridae","Dolichosoma","Dolichosoma lineare","macrofauna_aerial"
"93","ncbi","Elateridae","Metazoa","Arthropoda","Insecta","Coleoptera","Elateridae","unassigned","unassigned","macrofauna_aerial"
"94","ncbi","Encyrtidae","Metazoa","Arthropoda","Insecta","Hymenoptera","Encyrtidae","unassigned","unassigned","macrofauna_aerial"
"95","ncbi","Episyrphus balteatus","Metazoa","Arthropoda","Insecta","Diptera","Syrphidae","Episyrphus","Episyrphus balteatus","macrofauna_aerial"
"96","ncbi","Eristalis","Metazoa","Arthropoda","Insecta","Diptera","Syrphidae","Eristalis","unassigned","macrofauna_aerial"
"97","ncbi","Eucerini","Metazoa","Arthropoda","Insecta","Hymenoptera","Apidae","unassigned","unassigned","macrofauna_aerial"
"98","ncbi","Eucoilinae","Metazoa","Arthropoda","Insecta","Hymenoptera","Figitidae","unassigned","unassigned","macrofauna_aerial"
"99","ncbi","Eulophinae","Metazoa","Arthropoda","Insecta","Hymenoptera","Eulophidae","unassigned","unassigned","macrofauna_aerial"
"100","ncbi","Eumeninae","Metazoa","Arthropoda","Insecta","Hymenoptera","Vespidae","unassigned","unassigned","macrofauna_aerial"
"101","ncbi","Euophrys herbigrada","Metazoa","Arthropoda","Arachnida","Araneae","Salticidae","Euophrys","Euophrys herbigrada","macrofauna_aerial"
"102","ncbi","Eupelmidae","Metazoa","Arthropoda","Insecta","Hymenoptera","Eupelmidae","unassigned","unassigned","macrofauna_aerial"
"103","ncbi","Eurytoma","Metazoa","Arthropoda","Insecta","Hymenoptera","Eurytomidae","Eurytoma","unassigned","macrofauna_aerial"
"104","ncbi","Eurytomidae","Metazoa","Arthropoda","Insecta","Hymenoptera","Eurytomidae","unassigned","unassigned","macrofauna_aerial"
"105","ncbi","Evagetes","Metazoa","Arthropoda","Insecta","Hymenoptera","Pompilidae","Evagetes","unassigned","macrofauna_aerial"
"106","ncbi","Eysarcoris ventralis","Metazoa","Arthropoda","Insecta","Hemiptera","Pentatomidae","Eysarcoris","Eysarcoris ventralis","macrofauna_aerial"
"107","ncbi","Fenella","Metazoa","Arthropoda","Insecta","Hymenoptera","Tenthredinidae","Fenella","unassigned","macrofauna_aerial"
"108","ncbi","Figitidae","Metazoa","Arthropoda","Insecta","Hymenoptera","Figitidae","unassigned","unassigned","macrofauna_aerial"
"109","ncbi","Gastrophysa polygoni","Metazoa","Arthropoda","Insecta","Coleoptera","Chrysomelidae","Gastrophysa","Gastrophysa polygoni","macrofauna_aerial"
"110","ncbi","Gracillariidae","Metazoa","Arthropoda","Insecta","Lepidoptera","Gracillariidae","unassigned","unassigned","macrofauna_aerial"
"111","ncbi","Grylloidea","Metazoa","Arthropoda","Insecta","Orthoptera","unassigned","unassigned","unassigned","macrofauna_aerial"
"112","ncbi","Halictidae","Metazoa","Arthropoda","Insecta","Hymenoptera","Halictidae","unassigned","unassigned","macrofauna_aerial"
"113","ncbi","Halticini","Metazoa","Arthropoda","Insecta","Hemiptera","Miridae","unassigned","unassigned","macrofauna_aerial"
"114","ncbi","Harmonia axyridis","Metazoa","Arthropoda","Insecta","Coleoptera","Coccinellidae","Harmonia","Harmonia axyridis","macrofauna_aerial"
"115","ncbi","Harpalus","Metazoa","Arthropoda","Insecta","Coleoptera","Carabidae","Harpalus","unassigned","macrofauna_aerial"
"116","ncbi","Helicoverpa armigera","Metazoa","Arthropoda","Insecta","Lepidoptera","Noctuidae","Helicoverpa","Helicoverpa armigera","macrofauna_aerial"
"117","ncbi","Heliophanus","Metazoa","Arthropoda","Arachnida","Araneae","Salticidae","Heliophanus","unassigned","macrofauna_aerial"
"118","ncbi","Hemiptera","Metazoa","Arthropoda","Insecta","Hemiptera","unassigned","unassigned","unassigned","macrofauna_aerial"
"119","ncbi","Hesperiidae","Metazoa","Arthropoda","Insecta","Lepidoptera","Hesperiidae","unassigned","unassigned","macrofauna_aerial"
"120","ncbi","Heteroptera","Metazoa","Arthropoda","Insecta","Hemiptera","unassigned","unassigned","unassigned","macrofauna_aerial"
"121","ncbi","Hippodamia variegata","Metazoa","Arthropoda","Insecta","Coleoptera","Coccinellidae","Hippodamia","Hippodamia variegata","macrofauna_aerial"
"122","ncbi","Hister quadrimaculatus","Metazoa","Arthropoda","Insecta","Coleoptera","Histeridae","Hister","Hister quadrimaculatus","macrofauna_aerial"
"123","ncbi","Hister unicolor","Metazoa","Arthropoda","Insecta","Coleoptera","Histeridae","Hister","Hister unicolor","macrofauna_aerial"
"124","ncbi","Hymenoptera","Metazoa","Arthropoda","Insecta","Hymenoptera","unassigned","unassigned","unassigned","macrofauna_aerial"
"125","ncbi","Ichneumonidae","Metazoa","Arthropoda","Insecta","Hymenoptera","Ichneumonidae","unassigned","unassigned","macrofauna_aerial"
"126","ncbi","Ichneumonoidea","Metazoa","Arthropoda","Insecta","Hymenoptera","unassigned","unassigned","unassigned","macrofauna_aerial"
"127","ncbi","Kleidotoma","Metazoa","Arthropoda","Insecta","Hymenoptera","Figitidae","Kleidotoma","unassigned","macrofauna_aerial"
"128","ncbi","Lepidoptera","Metazoa","Arthropoda","Insecta","Lepidoptera","unassigned","unassigned","unassigned","macrofauna_aerial"
"129","ncbi","Linyphiidae","Metazoa","Arthropoda","Arachnida","Araneae","Linyphiidae","unassigned","unassigned","macrofauna_aerial"
"130","ncbi","Lixini","Metazoa","Arthropoda","Insecta","Coleoptera","Curculionidae","unassigned","unassigned","macrofauna_aerial"
"131","ncbi","Lygaeosoma sardeum","Metazoa","Arthropoda","Insecta","Hemiptera","Lygaeidae","Lygaeosoma","Lygaeosoma sardeum","macrofauna_aerial"
"132","ncbi","Lygaeus equestris","Metazoa","Arthropoda","Insecta","Hemiptera","Lygaeidae","Lygaeus","Lygaeus equestris","macrofauna_aerial"
"133","ncbi","Macrophya montana","Metazoa","Arthropoda","Insecta","Hymenoptera","Tenthredinidae","Macrophya","Macrophya montana","macrofauna_aerial"
"134","ncbi","Macrosaccus robiniella","Metazoa","Arthropoda","Insecta","Lepidoptera","Gracillariidae","Macrosaccus","Macrosaccus robiniella","macrofauna_aerial"
"135","ncbi","Mecinus pyraster","Metazoa","Arthropoda","Insecta","Coleoptera","Curculionidae","Mecinus","Mecinus pyraster","macrofauna_aerial"
"136","ncbi","Megachilinae","Metazoa","Arthropoda","Insecta","Hymenoptera","Megachilidae","unassigned","unassigned","macrofauna_aerial"
"137","ncbi","Melanophthalma","Metazoa","Arthropoda","Insecta","Coleoptera","Latridiidae","Melanophthalma","unassigned","macrofauna_aerial"
"138","ncbi","Meligethinae","Metazoa","Arthropoda","Insecta","Coleoptera","Nitidulidae","unassigned","unassigned","macrofauna_aerial"
"139","ncbi","Meraporus graminicola","Metazoa","Arthropoda","Insecta","Hymenoptera","Pteromalidae","Meraporus","Meraporus graminicola","macrofauna_aerial"
"140","ncbi","Metaphycus","Metazoa","Arthropoda","Insecta","Hymenoptera","Encyrtidae","Metaphycus","unassigned","macrofauna_aerial"
"141","ncbi","Microlestes","Metazoa","Arthropoda","Insecta","Coleoptera","Carabidae","Microlestes","unassigned","macrofauna_aerial"
"142","ncbi","Mordellidae","Metazoa","Arthropoda","Insecta","Coleoptera","Mordellidae","unassigned","unassigned","macrofauna_aerial"
"143","ncbi","Mymar","Metazoa","Arthropoda","Insecta","Hymenoptera","Mymaridae","Mymar","unassigned","macrofauna_aerial"
"144","ncbi","Mymaridae","Metazoa","Arthropoda","Insecta","Hymenoptera","Mymaridae","unassigned","unassigned","macrofauna_aerial"
"145","ncbi","Noctuoidea","Metazoa","Arthropoda","Insecta","Lepidoptera","unassigned","unassigned","unassigned","macrofauna_aerial"
"146","ncbi","Nomada","Metazoa","Arthropoda","Insecta","Hymenoptera","Apidae","Nomada","unassigned","macrofauna_aerial"
"147","ncbi","Nomada agrestis","Metazoa","Arthropoda","Insecta","Hymenoptera","Apidae","Nomada","Nomada agrestis","macrofauna_aerial"
"148","ncbi","Nurscia","Metazoa","Arthropoda","Arachnida","Araneae","Titanoecidae","Nurscia","unassigned","macrofauna_aerial"
"149","ncbi","Nysius","Metazoa","Arthropoda","Insecta","Hemiptera","Lygaeidae","Nysius","unassigned","macrofauna_aerial"
"150","ncbi","Ochetostethus","Metazoa","Arthropoda","Insecta","Hemiptera","Cydnidae","Ochetostethus","unassigned","macrofauna_aerial"
"151","ncbi","Olibrus","Metazoa","Arthropoda","Insecta","Coleoptera","Phalacridae","Olibrus","unassigned","macrofauna_aerial"
"152","ncbi","Ophion","Metazoa","Arthropoda","Insecta","Hymenoptera","Ichneumonidae","Ophion","unassigned","macrofauna_aerial"
"153","ncbi","Orius","Metazoa","Arthropoda","Insecta","Hemiptera","Anthocoridae","Orius","unassigned","macrofauna_aerial"
"154","ncbi","Osmia","Metazoa","Arthropoda","Insecta","Hymenoptera","Megachilidae","Osmia","unassigned","macrofauna_aerial"
"155","ncbi","Oulema","Metazoa","Arthropoda","Insecta","Coleoptera","Chrysomelidae","Oulema","unassigned","macrofauna_aerial"
"156","ncbi","Oulema melanopus","Metazoa","Arthropoda","Insecta","Coleoptera","Chrysomelidae","Oulema","Oulema melanopus","macrofauna_aerial"
"157","ncbi","Oxybelus","Metazoa","Arthropoda","Insecta","Hymenoptera","Crabronidae","Oxybelus","unassigned","macrofauna_aerial"
"158","ncbi","Oxyopes","Metazoa","Arthropoda","Arachnida","Araneae","Oxyopidae","Oxyopes","unassigned","macrofauna_aerial"
"159","ncbi","Oxythyrea funesta","Metazoa","Arthropoda","Insecta","Coleoptera","Scarabaeidae","Oxythyrea","Oxythyrea funesta","macrofauna_aerial"
"160","ncbi","Pachyneuron","Metazoa","Arthropoda","Insecta","Hymenoptera","Pteromalidae","Pachyneuron","unassigned","macrofauna_aerial"
"161","ncbi","Pantoclis","Metazoa","Arthropoda","Insecta","Hymenoptera","Diapriidae","Pantoclis","unassigned","macrofauna_aerial"
"162","ncbi","Parectopa robiniella","Metazoa","Arthropoda","Insecta","Lepidoptera","Gracillariidae","Parectopa","Parectopa robiniella","macrofauna_aerial"
"163","ncbi","Passaloecus","Metazoa","Arthropoda","Insecta","Hymenoptera","Crabronidae","Passaloecus","unassigned","macrofauna_aerial"
"164","ncbi","Pellenes","Metazoa","Arthropoda","Arachnida","Araneae","Salticidae","Pellenes","unassigned","macrofauna_aerial"
"165","ncbi","Pemphredon","Metazoa","Arthropoda","Insecta","Hymenoptera","Crabronidae","Pemphredon","unassigned","macrofauna_aerial"
"166","ncbi","Pemphredonina","Metazoa","Arthropoda","Insecta","Hymenoptera","Crabronidae","unassigned","unassigned","macrofauna_aerial"
"167","ncbi","Pezotettix","Metazoa","Arthropoda","Insecta","Orthoptera","Acrididae","Pezotettix","unassigned","macrofauna_aerial"
"168","ncbi","Philodromidae","Metazoa","Arthropoda","Arachnida","Araneae","Philodromidae","unassigned","unassigned","macrofauna_aerial"
"169","ncbi","Philodromus","Metazoa","Arthropoda","Arachnida","Araneae","Philodromidae","Philodromus","unassigned","macrofauna_aerial"
"170","ncbi","Phyllotreta","Metazoa","Arthropoda","Insecta","Coleoptera","Chrysomelidae","Phyllotreta","unassigned","macrofauna_aerial"
"171","ncbi","Piezodorus lituratus","Metazoa","Arthropoda","Insecta","Hemiptera","Pentatomidae","Piezodorus","Piezodorus lituratus","macrofauna_aerial"
"172","ncbi","Pimplini","Metazoa","Arthropoda","Insecta","Hymenoptera","Ichneumonidae","unassigned","unassigned","macrofauna_aerial"
"173","ncbi","Platygastroidea","Metazoa","Arthropoda","Insecta","Hymenoptera","unassigned","unassigned","unassigned","macrofauna_aerial"
"174","ncbi","Platynaspis luteorubra","Metazoa","Arthropoda","Insecta","Coleoptera","Coccinellidae","Platynaspis","Platynaspis luteorubra","macrofauna_aerial"
"175","ncbi","Pleurophorus","Metazoa","Arthropoda","Insecta","Coleoptera","Scarabaeidae","Pleurophorus","unassigned","macrofauna_aerial"
"176","ncbi","Polistes","Metazoa","Arthropoda","Insecta","Hymenoptera","Vespidae","Polistes","unassigned","macrofauna_aerial"
"177","ncbi","Polistes dominula","Metazoa","Arthropoda","Insecta","Hymenoptera","Vespidae","Polistes","Polistes dominula","macrofauna_aerial"
"178","ncbi","Proctotrupomorpha","Metazoa","Arthropoda","Insecta","Hymenoptera","unassigned","unassigned","unassigned","macrofauna_aerial"
"179","ncbi","Propylea quatuordecimpunctata","Metazoa","Arthropoda","Insecta","Coleoptera","Coccinellidae","Propylea","Propylea quattuordecimpunctata","macrofauna_aerial"
"180","ncbi","Protapion","Metazoa","Arthropoda","Insecta","Coleoptera","Apionidae","Protapion","unassigned","macrofauna_aerial"
"181","ncbi","Protapion fulvipes","Metazoa","Arthropoda","Insecta","Coleoptera","Apionidae","Protapion","Protapion fulvipes","macrofauna_aerial"
"182","ncbi","Pseudomalus","Metazoa","Arthropoda","Insecta","Hymenoptera","Chrysididae","Pseudomalus","unassigned","macrofauna_aerial"
"183","ncbi","Psocodea","Metazoa","Arthropoda","Insecta","unassigned","unassigned","unassigned","unassigned","macrofauna_aerial"
"184","ncbi","Psyllobora vigintiduopunctata","Metazoa","Arthropoda","Insecta","Coleoptera","Coccinellidae","Psyllobora","Psyllobora vigintiduopunctata","macrofauna_aerial"
"185","ncbi","Psylloidea","Metazoa","Arthropoda","Insecta","Hemiptera","unassigned","unassigned","unassigned","macrofauna_aerial"
"186","ncbi","Pteromalidae","Metazoa","Arthropoda","Insecta","Hymenoptera","Pteromalidae","unassigned","unassigned","macrofauna_aerial"
"187","ncbi","Ptiliidae","Metazoa","Arthropoda","Insecta","Coleoptera","Ptiliidae","unassigned","unassigned","macrofauna_aerial"
"188","ncbi","Rhinocyllus conicus","Metazoa","Arthropoda","Insecta","Coleoptera","Curculionidae","Rhinocyllus","Rhinocyllus conicus","macrofauna_aerial"
"189","ncbi","Rhodanthidium septemdentatum","Metazoa","Arthropoda","Insecta","Hymenoptera","Megachilidae","Rhodanthidium","Rhodanthidium septemdentatum","macrofauna_aerial"
"190","ncbi","Rhyzobius","Metazoa","Arthropoda","Insecta","Coleoptera","Coccinellidae","Rhyzobius","unassigned","macrofauna_aerial"
"191","ncbi","Runcinia grammica","Metazoa","Arthropoda","Arachnida","Araneae","Thomisidae","Runcinia","Runcinia grammica","macrofauna_aerial"
"192","ncbi","Salticus","Metazoa","Arthropoda","Arachnida","Araneae","Salticidae","Salticus","unassigned","macrofauna_aerial"
"193","ncbi","Saprinus","Metazoa","Arthropoda","Insecta","Coleoptera","Histeridae","Saprinus","unassigned","macrofauna_aerial"
"194","ncbi","Scelionidae","Metazoa","Arthropoda","Insecta","Hymenoptera","Scelionidae","unassigned","unassigned","macrofauna_aerial"
"195","ncbi","Scelioninae","Metazoa","Arthropoda","Insecta","Hymenoptera","Scelionidae","unassigned","unassigned","macrofauna_aerial"
"196","ncbi","Scymninae","Metazoa","Arthropoda","Insecta","Coleoptera","Coccinellidae","unassigned","unassigned","macrofauna_aerial"
"197","ncbi","Scymnus","Metazoa","Arthropoda","Insecta","Coleoptera","Coccinellidae","Scymnus","unassigned","macrofauna_aerial"
"198","ncbi","Scymnus frontalis","Metazoa","Arthropoda","Insecta","Coleoptera","Coccinellidae","Scymnus","Scymnus frontalis","macrofauna_aerial"
"199","ncbi","Scymnus interruptus","Metazoa","Arthropoda","Insecta","Coleoptera","Coccinellidae","Scymnus","Scymnus interruptus","macrofauna_aerial"
"200","ncbi","Scymnus rubromaculatus","Metazoa","Arthropoda","Insecta","Coleoptera","Coccinellidae","Scymnus","Scymnus rubromaculatus","macrofauna_aerial"
"201","ncbi","Sitona","Metazoa","Arthropoda","Insecta","Coleoptera","Curculionidae","Sitona","unassigned","macrofauna_aerial"
"202","ncbi","Spalangia","Metazoa","Arthropoda","Insecta","Hymenoptera","Pteromalidae","Spalangia","unassigned","macrofauna_aerial"
"203","ncbi","Spermophagus","Metazoa","Arthropoda","Insecta","Coleoptera","Chrysomelidae","Spermophagus","unassigned","macrofauna_aerial"
"204","ncbi","Sphaerophoria scripta","Metazoa","Arthropoda","Insecta","Diptera","Syrphidae","Sphaerophoria","Sphaerophoria scripta","macrofauna_aerial"
"205","ncbi","Sphecodes","Metazoa","Arthropoda","Insecta","Hymenoptera","Halictidae","Sphecodes","unassigned","macrofauna_aerial"
"206","ncbi","Staphylinidae","Metazoa","Arthropoda","Insecta","Coleoptera","Staphylinidae","unassigned","unassigned","macrofauna_aerial"
"207","ncbi","Stenodema","Metazoa","Arthropoda","Insecta","Hemiptera","Miridae","Stenodema","unassigned","macrofauna_aerial"
"208","ncbi","Stethorus","Metazoa","Arthropoda","Insecta","Coleoptera","Coccinellidae","Stethorus","unassigned","macrofauna_aerial"
"209","ncbi","Symphyta","Metazoa","Arthropoda","Insecta","Lepidoptera","Lasiocampidae","Symphyta","unassigned","macrofauna_aerial"
"210","ncbi","Synema globosum","Metazoa","Arthropoda","Arachnida","Araneae","Thomisidae","Synema","Synema globosum","macrofauna_aerial"
"211","ncbi","Syrphidae","Metazoa","Arthropoda","Insecta","Diptera","Syrphidae","unassigned","unassigned","macrofauna_aerial"
"212","ncbi","Syrphus","Metazoa","Arthropoda","Insecta","Diptera","Syrphidae","Syrphus","unassigned","macrofauna_aerial"
"213","ncbi","Teleasinae","Metazoa","Arthropoda","Insecta","Hymenoptera","Scelionidae","unassigned","unassigned","macrofauna_aerial"
"214","ncbi","Telenominae","Metazoa","Arthropoda","Insecta","Hymenoptera","Scelionidae","unassigned","unassigned","macrofauna_aerial"
"215","ncbi","Tenthredinidae","Metazoa","Arthropoda","Insecta","Hymenoptera","Tenthredinidae","unassigned","unassigned","macrofauna_aerial"
"216","ncbi","Tenthredo baetica","Metazoa","Arthropoda","Insecta","Hymenoptera","Tenthredinidae","Tenthredo","Tenthredo baetica","macrofauna_aerial"
"217","ncbi","Tenthredo baetica dominiquei","Metazoa","Arthropoda","Insecta","Hymenoptera","Tenthredinidae","Tenthredo","Tenthredo baetica","macrofauna_aerial"
"218","ncbi","Tenthredo bifasciata","Metazoa","Arthropoda","Insecta","Hymenoptera","Tenthredinidae","Tenthredo","Tenthredo bifasciata","macrofauna_aerial"
"219","ncbi","Tenthredo meridiana","Metazoa","Arthropoda","Insecta","Hymenoptera","Tenthredinidae","Tenthredo","Tenthredo meridiana","macrofauna_aerial"
"220","ncbi","Tenthredopsis","Metazoa","Arthropoda","Insecta","Hymenoptera","Tenthredinidae","Tenthredopsis","unassigned","macrofauna_aerial"
"221","ncbi","Tetracampinae","Metazoa","Arthropoda","Insecta","Hymenoptera","Tetracampidae","unassigned","unassigned","macrofauna_aerial"
"222","ncbi","Tetramesa","Metazoa","Arthropoda","Insecta","Hymenoptera","Eurytomidae","Tetramesa","unassigned","macrofauna_aerial"
"223","ncbi","Tetrastichinae","Metazoa","Arthropoda","Insecta","Hymenoptera","Eulophidae","unassigned","unassigned","macrofauna_aerial"
"224","ncbi","Tettigoniidae","Metazoa","Arthropoda","Insecta","Orthoptera","Tettigoniidae","unassigned","unassigned","macrofauna_aerial"
"225","ncbi","Tettigoniinae","Metazoa","Arthropoda","Insecta","Orthoptera","Tettigoniidae","unassigned","unassigned","macrofauna_aerial"
"226","ncbi","Thysanoptera","Metazoa","Arthropoda","Insecta","Thysanoptera","unassigned","unassigned","unassigned","macrofauna_aerial"
"227","ncbi","Tingis cardui","Metazoa","Arthropoda","Insecta","Hemiptera","Tingidae","Tingis","Tingis cardui","macrofauna_aerial"
"228","ncbi","Torymidae","Metazoa","Arthropoda","Insecta","Hymenoptera","Torymidae","unassigned","unassigned","macrofauna_aerial"
"229","ncbi","Trachys troglodytiformis","Metazoa","Arthropoda","Insecta","Coleoptera","Buprestidae","Trachys","Trachys troglodytiformis","macrofauna_aerial"
"230","ncbi","Trechinae","Metazoa","Arthropoda","Insecta","Coleoptera","Carabidae","unassigned","unassigned","macrofauna_aerial"
"231","ncbi","Trichopria","Metazoa","Arthropoda","Insecta","Hymenoptera","Diapriidae","Trichopria","unassigned","macrofauna_aerial"
"232","ncbi","Tropinota","Metazoa","Arthropoda","Insecta","Coleoptera","Scarabaeidae","Tropinota","unassigned","macrofauna_aerial"
"233","ncbi","Tryphonini","Metazoa","Arthropoda","Insecta","Hymenoptera","Ichneumonidae","unassigned","unassigned","macrofauna_aerial"
"234","ncbi","Trypoxylon","Metazoa","Arthropoda","Insecta","Hymenoptera","Crabronidae","Trypoxylon","unassigned","macrofauna_aerial"
"235","ncbi","Tychius","Metazoa","Arthropoda","Insecta","Coleoptera","Curculionidae","Tychius","unassigned","macrofauna_aerial"
"236","ncbi","Tytthaspis sedecimpunctata","Metazoa","Arthropoda","Insecta","Coleoptera","Coccinellidae","Tytthaspis","Tytthaspis sedecimpunctata","macrofauna_aerial"
"237","ncbi","Vespidae","Metazoa","Arthropoda","Insecta","Hymenoptera","Vespidae","unassigned","unassigned","macrofauna_aerial"
"238","itis","Andrena","Metazoa","Arthropoda","Insecta","Hymenoptera","Andrenidae","Andrena","unassigned","macrofauna_aerial"
"239","itis","Corticariinae","Metazoa","Arthropoda","Insecta","Coleoptera","Latridiidae","unassigned","unassigned","macrofauna_aerial"
"240","itis","Delphacini","Metazoa","Arthropoda","Insecta","Hemiptera","Delphacidae","unassigned","unassigned","macrofauna_aerial"
"241","itis","Eucera","Metazoa","Arthropoda","Insecta","Hymenoptera","Apidae","Eucera","unassigned","macrofauna_aerial"
"242","itis","Hylaeus","Metazoa","Arthropoda","Insecta","Hymenoptera","Colletidae","Hylaeus","unassigned","macrofauna_aerial"
"243","itis","Lasioglossum","Metazoa","Arthropoda","Insecta","Hymenoptera","Halictidae","Lasioglossum","unassigned","macrofauna_aerial"
"244","itis","Megaspilinae","Metazoa","Arthropoda","Insecta","Hymenoptera","Megaspilidae","unassigned","unassigned","macrofauna_aerial"
"245","itis","Parmulini","Metazoa","Arthropoda","Insecta","Coleoptera","Corylophidae","unassigned","unassigned","macrofauna_aerial"
"246","itis","Paromius gracilis","Metazoa","Arthropoda","Insecta","Hemiptera","Rhyparochromidae","Paromius","Paromius gracilis","macrofauna_aerial"
"247","itis","Peirates stridulus","Metazoa","Arthropoda","Insecta","Hemiptera","Reduviidae","Peirates","Peirates stridulus","macrofauna_aerial"
"248","itis","Polynema","Metazoa","Arthropoda","Insecta","Hymenoptera","Mymaridae","Polynema","unassigned","macrofauna_aerial"
"249","itis","Praini","Metazoa","Arthropoda","Insecta","Hymenoptera","Braconidae","unassigned","unassigned","macrofauna_aerial"
"250","unassigned","Alysiini","Metazoa","Arthropoda","Insecta","Hymenoptera","Braconidae","unassigned","unassigned","macrofauna_aerial"
"251","unassigned","Anthaxia cyanescens","Metazoa","Arthropoda","Insecta","Coleoptera","Buprestidae","Anthaxia","Anthaxia cyanescens","macrofauna_aerial"
"252","unassigned","Anthaxia nigritula","Metazoa","Arthropoda","Insecta","Coleoptera","Buprestidae","Anthaxia","Anthaxia nigritula","macrofauna_aerial"
"253","unassigned","Anthomalachius spinosus","Metazoa","Arthropoda","Insecta","Coleoptera","Malachiidae","Anthomalachius","Anthomalachius spinosus","macrofauna_aerial"
"254","unassigned","Anthophila","Metazoa","Arthropoda","Insecta","Lepidoptera","Choreutidae","Anthophila","unassigned","macrofauna_aerial"
"255","unassigned","Carcharodina","Metazoa","Arthropoda","Insecta","Lepidoptera","Hesperiidae","unassigned","unassigned","macrofauna_aerial"
"256","unassigned","Cirrospilini","Metazoa","Arthropoda","Insecta","Hymenoptera","Eulophidae","unassigned","unassigned","macrofauna_aerial"
"257","unassigned","Cordicomus instabilis","Metazoa","Arthropoda","Insecta","Coleoptera","Anthicidae","Cordicomus","Cordicomus instabilis","macrofauna_aerial"
"258","unassigned","Dacnusini","Metazoa","Arthropoda","Insecta","Hymenoptera","Braconidae","unassigned","unassigned","macrofauna_aerial"
"259","unassigned","Dasytini","Metazoa","Arthropoda","Insecta","Coleoptera","Melyridae","unassigned","unassigned","macrofauna_aerial"
"260","unassigned","Dipogon variegatus","Metazoa","Arthropoda","Insecta","Hymenoptera","Pompilidae","Dipogon","Dipogon variegatus","macrofauna_aerial"
"261","unassigned","Endomia","Metazoa","Arthropoda","Insecta","Coleoptera","Anthicidae","Endomia","unassigned","macrofauna_aerial"
"262","unassigned","Epimeces","Metazoa","Arthropoda","Insecta","Lepidoptera","Geometridae","Epimecis","unassigned","macrofauna_aerial"
"263","unassigned","Fenusini","Metazoa","Arthropoda","Insecta","Hymenoptera","Tenthredinidae","unassigned","unassigned","macrofauna_aerial"
"264","unassigned","Haltichellini","Metazoa","Arthropoda","Insecta","Hymenoptera","Chalcididae","unassigned","unassigned","macrofauna_aerial"
"265","unassigned","Onthophagus emarginatus","Metazoa","Arthropoda","Insecta","Coleoptera","Scarabaeidae","Onthophagus","Onthophagus emarginatus","macrofauna_aerial"
"266","unassigned","Pieris","Metazoa","Arthropoda","Insecta","Lepidoptera","Pieridae","Pieris","unassigned","macrofauna_aerial"
"267","unassigned","Psilothrix viridicoerulea","Metazoa","Arthropoda","Insecta","Coleoptera","Melyridae","Psilothrix","Psilothrix viridicoerulea","macrofauna_aerial"
"268","unassigned","Pteromalini","Metazoa","Arthropoda","Insecta","Hymenoptera","Pteromalidae","unassigned","unassigned","macrofauna_aerial"
"269","unassigned","Xenomerus","Metazoa","Arthropoda","Insecta","Hymenoptera","Platygastridae","Xenomerus","unassigned","macrofauna_aerial"
