"queryName","queryId","matchName","matchId","interactionId","interactionName","resourceId","resourceName","reference","graph","level","community"
"Acrobeles",NA,"Acrobeles","c(""NCBITaxon:55786"", ""NCBI:55786"", ""GBIF:2283761"", ""https://tree.opentreeoflife.org/opentree/ottol@70807"")","RO:0002470","eats","NCBI:2","Bacteria",NA,"gratin:hedde_misc1","genus","nematodes"
"Acrobeles",NA,"Acrobeles","c(""NCBITaxon:55786"", ""NCBI:55786"", ""GBIF:2283761"", ""https://tree.opentreeoflife.org/opentree/ottol@70807"")","RO:0002470","eats","NCBI:2157","Archaea",NA,"gratin:hedde_misc1","genus","nematodes"
"Acrobeles",NA,"Acrobeles","c(""NCBITaxon:55786"", ""NCBI:55786"", ""GBIF:2283761"", ""https://tree.opentreeoflife.org/opentree/ottol@70807"")","RO:0002470","eats","GBIF:2","Archaea",NA,"gratin:nematrait","genus","nematodes"
"Acrobeles",NA,"Acrobeles","c(""NCBITaxon:55786"", ""NCBI:55786"", ""GBIF:2283761"", ""https://tree.opentreeoflife.org/opentree/ottol@70807"")","RO:0002470","eats","GBIF:3","Bacteria",NA,"gratin:nematrait","genus","nematodes"
"Acrobeloides",NA,"Acrobeloides","c(""NCBITaxon:70201"", ""NCBI:70201"", ""GBIF:2283754"", ""https://tree.opentreeoflife.org/opentree/ottol@916323"")","RO:0002470","eats","NCBI:2","Bacteria",NA,"gratin:hedde_misc1","genus","nematodes"
"Acrobeloides",NA,"Acrobeloides","c(""NCBITaxon:70201"", ""NCBI:70201"", ""GBIF:2283754"", ""https://tree.opentreeoflife.org/opentree/ottol@916323"")","RO:0002470","eats","NCBI:2157","Archaea",NA,"gratin:hedde_misc1","genus","nematodes"
"Acrobeloides",NA,"Acrobeloides","c(""NCBITaxon:70201"", ""NCBI:70201"", ""GBIF:2283754"", ""https://tree.opentreeoflife.org/opentree/ottol@916323"")","RO:0002470","eats","GBIF:2","Archaea",NA,"gratin:nematrait","genus","nematodes"
"Acrobeloides",NA,"Acrobeloides","c(""NCBITaxon:70201"", ""NCBI:70201"", ""GBIF:2283754"", ""https://tree.opentreeoflife.org/opentree/ottol@916323"")","RO:0002470","eats","GBIF:3","Bacteria",NA,"gratin:nematrait","genus","nematodes"
"Aprutides",NA,"Aprutides","c(""NCBITaxon:211416"", ""NCBI:211416"", ""GBIF:4406376"", ""https://tree.opentreeoflife.org/opentree/ottol@1059785"")","RO:0002470","eats","GBIF:5","Fungi",NA,"gratin:nematrait","genus","nematodes"
"Cervidellus",NA,"Cervidellus","c(""NCBITaxon:114856"", ""NCBI:114856"", ""https://tree.opentreeoflife.org/opentree/ottol@995143"", ""GBIF:2283730"")","RO:0002470","eats","GBIF:2","Archaea",NA,"gratin:nematrait","genus","nematodes"
"Cervidellus",NA,"Cervidellus","c(""NCBITaxon:114856"", ""NCBI:114856"", ""https://tree.opentreeoflife.org/opentree/ottol@995143"", ""GBIF:2283730"")","RO:0002470","eats","GBIF:3","Bacteria",NA,"gratin:nematrait","genus","nematodes"
"Eumonhystera",NA,"Eumonhystera","c(""NCBITaxon:288545"", ""NCBI:288545"", ""https://tree.opentreeoflife.org/opentree/ottol@304048"", ""GBIF:4348568"")","RO:0002470","eats","NCBI:2","Bacteria",NA,"gratin:hedde_misc1","genus","nematodes"
"Eumonhystera",NA,"Eumonhystera","c(""NCBITaxon:288545"", ""NCBI:288545"", ""https://tree.opentreeoflife.org/opentree/ottol@304048"", ""GBIF:4348568"")","RO:0002470","eats","NCBI:2157","Archaea",NA,"gratin:hedde_misc1","genus","nematodes"
"Eumonhystera",NA,"Eumonhystera","c(""NCBITaxon:288545"", ""NCBI:288545"", ""https://tree.opentreeoflife.org/opentree/ottol@304048"", ""GBIF:4348568"")","RO:0002470","eats","GBIF:3","Bacteria",NA,"gratin:nematrait","genus","nematodes"
"Eumonhystera",NA,"Eumonhystera","c(""NCBITaxon:288545"", ""NCBI:288545"", ""https://tree.opentreeoflife.org/opentree/ottol@304048"", ""GBIF:4348568"")","RO:0002470","eats","GBIF:2","Archaea",NA,"gratin:nematrait","genus","nematodes"
"Anaplectus",NA,"Anaplectus","c(""NCBITaxon:211402"", ""NCBI:211402"", ""GBIF:2283130"", ""https://tree.opentreeoflife.org/opentree/ottol@533542"")","RO:0002470","eats","GBIF:3","Bacteria",NA,"gratin:nematrait","genus","nematodes"
"Anaplectus",NA,"Anaplectus","c(""NCBITaxon:211402"", ""NCBI:211402"", ""GBIF:2283130"", ""https://tree.opentreeoflife.org/opentree/ottol@533542"")","RO:0002470","eats","GBIF:2","Archaea",NA,"gratin:nematrait","genus","nematodes"
"Plectus",NA,"Plectus","c(""NCBITaxon:49353"", ""NCBI:49353"", ""GBIF:2283075"", ""https://tree.opentreeoflife.org/opentree/ottol@1054683"")","RO:0002470","eats","NCBI:2","Bacteria",NA,"gratin:hedde_misc1","genus","nematodes"
"Plectus",NA,"Plectus","c(""NCBITaxon:49353"", ""NCBI:49353"", ""GBIF:2283075"", ""https://tree.opentreeoflife.org/opentree/ottol@1054683"")","RO:0002470","eats","NCBI:2157","Archaea",NA,"gratin:hedde_misc1","genus","nematodes"
"Plectus",NA,"Plectus","c(""NCBITaxon:49353"", ""NCBI:49353"", ""GBIF:2283075"", ""https://tree.opentreeoflife.org/opentree/ottol@1054683"")","RO:0002470","eats","GBIF:2","Archaea",NA,"gratin:nematrait","genus","nematodes"
"Plectus",NA,"Plectus","c(""NCBITaxon:49353"", ""NCBI:49353"", ""GBIF:2283075"", ""https://tree.opentreeoflife.org/opentree/ottol@1054683"")","RO:0002470","eats","GBIF:3","Bacteria",NA,"gratin:nematrait","genus","nematodes"
"Panagrolaimus",NA,"Panagrolaimus","c(""NCBITaxon:55784"", ""NCBI:55784"", ""https://tree.opentreeoflife.org/opentree/ottol@70804"", ""GBIF:2283711"")","RO:0002470","eats","NCBI:2","Bacteria",NA,"gratin:hedde_misc1","genus","nematodes"
"Panagrolaimus",NA,"Panagrolaimus","c(""NCBITaxon:55784"", ""NCBI:55784"", ""https://tree.opentreeoflife.org/opentree/ottol@70804"", ""GBIF:2283711"")","RO:0002470","eats","NCBI:2157","Archaea",NA,"gratin:hedde_misc1","genus","nematodes"
"Panagrolaimus",NA,"Panagrolaimus","c(""NCBITaxon:55784"", ""NCBI:55784"", ""https://tree.opentreeoflife.org/opentree/ottol@70804"", ""GBIF:2283711"")","RO:0002470","eats","GBIF:3","Bacteria",NA,"gratin:nematrait","genus","nematodes"
"Panagrolaimus",NA,"Panagrolaimus","c(""NCBITaxon:55784"", ""NCBI:55784"", ""https://tree.opentreeoflife.org/opentree/ottol@70804"", ""GBIF:2283711"")","RO:0002470","eats","GBIF:2","Archaea",NA,"gratin:nematrait","genus","nematodes"
"Rhabdolaimus",NA,"Rhabdolaimus","c(""NCBITaxon:452275"", ""NCBI:452275"", ""GBIF:2283127"", ""https://tree.opentreeoflife.org/opentree/ottol@893537"")","RO:0002470","eats","NCBI:2","Bacteria",NA,"gratin:hedde_misc1","genus","nematodes"
"Rhabdolaimus",NA,"Rhabdolaimus","c(""NCBITaxon:452275"", ""NCBI:452275"", ""GBIF:2283127"", ""https://tree.opentreeoflife.org/opentree/ottol@893537"")","RO:0002470","eats","NCBI:2157","Archaea",NA,"gratin:hedde_misc1","genus","nematodes"
"Rhabdolaimus",NA,"Rhabdolaimus","c(""NCBITaxon:452275"", ""NCBI:452275"", ""GBIF:2283127"", ""https://tree.opentreeoflife.org/opentree/ottol@893537"")","RO:0002470","eats","GBIF:3","Bacteria",NA,"gratin:nematrait","genus","nematodes"
"Rhabdolaimus",NA,"Rhabdolaimus","c(""NCBITaxon:452275"", ""NCBI:452275"", ""GBIF:2283127"", ""https://tree.opentreeoflife.org/opentree/ottol@893537"")","RO:0002470","eats","GBIF:2","Archaea",NA,"gratin:nematrait","genus","nematodes"
"Prismatolaimus",NA,"Prismatolaimus","c(""NCBITaxon:70238"", ""NCBI:70238"", ""https://tree.opentreeoflife.org/opentree/ottol@455831"", ""GBIF:2279885"")","RO:0002470","eats","NCBI:2","Bacteria",NA,"gratin:hedde_misc1","genus","nematodes"
"Prismatolaimus",NA,"Prismatolaimus","c(""NCBITaxon:70238"", ""NCBI:70238"", ""https://tree.opentreeoflife.org/opentree/ottol@455831"", ""GBIF:2279885"")","RO:0002470","eats","NCBI:2157","Archaea",NA,"gratin:hedde_misc1","genus","nematodes"
"Prismatolaimus",NA,"Prismatolaimus","c(""NCBITaxon:70238"", ""NCBI:70238"", ""https://tree.opentreeoflife.org/opentree/ottol@455831"", ""GBIF:2279885"")","RO:0002470","eats","GBIF:3","Bacteria",NA,"gratin:nematrait","genus","nematodes"
"Prismatolaimus",NA,"Prismatolaimus","c(""NCBITaxon:70238"", ""NCBI:70238"", ""https://tree.opentreeoflife.org/opentree/ottol@455831"", ""GBIF:2279885"")","RO:0002470","eats","GBIF:2","Archaea",NA,"gratin:nematrait","genus","nematodes"
"Aphelenchus",NA,"Aphelenchus","c(""NCBITaxon:70225"", ""NCBI:70225"", ""GBIF:2284394"", ""https://tree.opentreeoflife.org/opentree/ottol@966923"")","RO:0002470","eats","NCBI:4751","Fungi",NA,"gratin:hedde_misc1","genus","nematodes"
"Aphelenchus",NA,"Aphelenchus","c(""NCBITaxon:70225"", ""NCBI:70225"", ""GBIF:2284394"", ""https://tree.opentreeoflife.org/opentree/ottol@966923"")","RO:0002470","eats","GBIF:5","Fungi",NA,"gratin:nematrait","genus","nematodes"
"Aphelenchoides",NA,"Aphelenchoides","c(""NCBITaxon:90723"", ""NCBI:90723"", ""https://tree.opentreeoflife.org/opentree/ottol@631059"", ""GBIF:2284354"")","RO:0002470","eats","NCBI:4751","Fungi",NA,"gratin:hedde_misc1","genus","nematodes"
"Aphelenchoides",NA,"Aphelenchoides","c(""NCBITaxon:90723"", ""NCBI:90723"", ""https://tree.opentreeoflife.org/opentree/ottol@631059"", ""GBIF:2284354"")","RO:0002470","eats","GBIF:5","Fungi",NA,"gratin:nematrait","genus","nematodes"
"Diphtherophora",NA,"Diphtherophora","c(""NCBITaxon:211190"", ""NCBI:211190"", ""GBIF:2282793"", ""https://tree.opentreeoflife.org/opentree/ottol@1074605"")","RO:0002470","eats","GBIF:5","Fungi",NA,"gratin:nematrait","genus","nematodes"
"Mononchus",NA,"Mononchus","c(""NCBITaxon:211392"", ""NCBI:211392"", ""https://tree.opentreeoflife.org/opentree/ottol@79656"", ""GBIF:2282524"")","RO:0002470","eats","GBIF:4","Chromista",NA,"gratin:nematrait","genus","nematodes"
"Mononchus",NA,"Mononchus","c(""NCBITaxon:211392"", ""NCBI:211392"", ""https://tree.opentreeoflife.org/opentree/ottol@79656"", ""GBIF:2282524"")","RO:0002470","eats","GBIF:7","Protozoa",NA,"gratin:nematrait","genus","nematodes"
"Mononchus",NA,"Mononchus","c(""NCBITaxon:211392"", ""NCBI:211392"", ""https://tree.opentreeoflife.org/opentree/ottol@79656"", ""GBIF:2282524"")","RO:0002470","eats","GBIF:5967481","Nematoda",NA,"gratin:nematrait","genus","nematodes"
"Mononchus",NA,"Mononchus","c(""NCBITaxon:211392"", ""NCBI:211392"", ""https://tree.opentreeoflife.org/opentree/ottol@79656"", ""GBIF:2282524"")","RO:0002470","eats","GBIF:3565","Enchytraeidae",NA,"gratin:nematrait","genus","nematodes"
"Microdorylaimus",NA,"Microdorylaimus","c(""NCBITaxon:211326"", ""NCBI:211326"", ""https://tree.opentreeoflife.org/opentree/ottol@349240"", ""GBIF:4554765"")","RO:0002470","eats","GBIF:5","Fungi",NA,"gratin:nematrait","genus","nematodes"
"Microdorylaimus",NA,"Microdorylaimus","c(""NCBITaxon:211326"", ""NCBI:211326"", ""https://tree.opentreeoflife.org/opentree/ottol@349240"", ""GBIF:4554765"")","RO:0002470","eats","GBIF:36","Chlorophyta",NA,"gratin:nematrait","genus","nematodes"
"Microdorylaimus",NA,"Microdorylaimus","c(""NCBITaxon:211326"", ""NCBI:211326"", ""https://tree.opentreeoflife.org/opentree/ottol@349240"", ""GBIF:4554765"")","RO:0002470","eats","GBIF:98","Ochrophyta",NA,"gratin:nematrait","genus","nematodes"
"Microdorylaimus",NA,"Microdorylaimus","c(""NCBITaxon:211326"", ""NCBI:211326"", ""https://tree.opentreeoflife.org/opentree/ottol@349240"", ""GBIF:4554765"")","RO:0002470","eats","GBIF:4","Chromista",NA,"gratin:nematrait","genus","nematodes"
"Microdorylaimus",NA,"Microdorylaimus","c(""NCBITaxon:211326"", ""NCBI:211326"", ""https://tree.opentreeoflife.org/opentree/ottol@349240"", ""GBIF:4554765"")","RO:0002470","eats","GBIF:68","Cyanobacteria",NA,"gratin:nematrait","genus","nematodes"
"Microdorylaimus",NA,"Microdorylaimus","c(""NCBITaxon:211326"", ""NCBI:211326"", ""https://tree.opentreeoflife.org/opentree/ottol@349240"", ""GBIF:4554765"")","RO:0002470","eats","GBIF:70","Haptophyta",NA,"gratin:nematrait","genus","nematodes"
"Microdorylaimus",NA,"Microdorylaimus","c(""NCBITaxon:211326"", ""NCBI:211326"", ""https://tree.opentreeoflife.org/opentree/ottol@349240"", ""GBIF:4554765"")","RO:0002470","eats","GBIF:7","Protozoa",NA,"gratin:nematrait","genus","nematodes"
"Microdorylaimus",NA,"Microdorylaimus","c(""NCBITaxon:211326"", ""NCBI:211326"", ""https://tree.opentreeoflife.org/opentree/ottol@349240"", ""GBIF:4554765"")","RO:0002470","eats","GBIF:35","Bryophyta",NA,"gratin:nematrait","genus","nematodes"
"Microdorylaimus",NA,"Microdorylaimus","c(""NCBITaxon:211326"", ""NCBI:211326"", ""https://tree.opentreeoflife.org/opentree/ottol@349240"", ""GBIF:4554765"")","RO:0002470","eats","GBIF:3565","Enchytraeidae",NA,"gratin:nematrait","genus","nematodes"
"Discolaimus",NA,"Discolaimus","c(""NCBITaxon:211252"", ""NCBI:211252"", ""https://tree.opentreeoflife.org/opentree/ottol@968984"", ""GBIF:2282615"")","RO:0002470","eats","NCBI:6231","Nematoda",NA,"gratin:hedde_misc1","genus","nematodes"
"Discolaimus",NA,"Discolaimus","c(""NCBITaxon:211252"", ""NCBI:211252"", ""https://tree.opentreeoflife.org/opentree/ottol@968984"", ""GBIF:2282615"")","RO:0002470","eats","NCBI:10190","Rotifera",NA,"gratin:hedde_misc1","genus","nematodes"
"Discolaimus",NA,"Discolaimus","c(""NCBITaxon:211252"", ""NCBI:211252"", ""https://tree.opentreeoflife.org/opentree/ottol@968984"", ""GBIF:2282615"")","RO:0002470","eats","GBIF:4","Chromista",NA,"gratin:hedde_misc1","genus","nematodes"
"Discolaimus",NA,"Discolaimus","c(""NCBITaxon:211252"", ""NCBI:211252"", ""https://tree.opentreeoflife.org/opentree/ottol@968984"", ""GBIF:2282615"")","RO:0002470","eats","NCBI:6388","Enchytraeidae",NA,"gratin:hedde_misc1","genus","nematodes"
"Discolaimus",NA,"Discolaimus","c(""NCBITaxon:211252"", ""NCBI:211252"", ""https://tree.opentreeoflife.org/opentree/ottol@968984"", ""GBIF:2282615"")","RO:0002470","eats","GBIF:7","Protozoa",NA,"gratin:hedde_misc1","genus","nematodes"
"Pratylenchus",NA,"Pratylenchus","c(""NCBITaxon:45927"", ""NCBI:45927"", ""GBIF:2284120"", ""https://tree.opentreeoflife.org/opentree/ottol@725248"")","RO:0002444","parasite of","NCBI:58023","Tracheophyta",NA,"gratin:hedde_misc1","genus","nematodes"
"Pratylenchus",NA,"Pratylenchus","c(""NCBITaxon:45927"", ""NCBI:45927"", ""GBIF:2284120"", ""https://tree.opentreeoflife.org/opentree/ottol@725248"")","RO:0002444","parasite of","GBIF:7707728","Tracheophyta",NA,"gratin:nematrait","genus","nematodes"
"Prodorylaimus",NA,"Prodorylaimus","c(""NCBITaxon:288464"", ""NCBI:288464"", ""GBIF:2282603"", ""https://tree.opentreeoflife.org/opentree/ottol@1019380"")","RO:0002470","eats","NCBI:3041","Chlorophyta",NA,"gratin:hedde_misc1","genus","nematodes"
"Prodorylaimus",NA,"Prodorylaimus","c(""NCBITaxon:288464"", ""NCBI:288464"", ""GBIF:2282603"", ""https://tree.opentreeoflife.org/opentree/ottol@1019380"")","RO:0002470","eats","NCBI:2","Bacteria",NA,"gratin:hedde_misc1","genus","nematodes"
"Prodorylaimus",NA,"Prodorylaimus","c(""NCBITaxon:288464"", ""NCBI:288464"", ""GBIF:2282603"", ""https://tree.opentreeoflife.org/opentree/ottol@1019380"")","RO:0002470","eats","NCBI:2157","Archaea",NA,"gratin:hedde_misc1","genus","nematodes"
"Prodorylaimus",NA,"Prodorylaimus","c(""NCBITaxon:288464"", ""NCBI:288464"", ""GBIF:2282603"", ""https://tree.opentreeoflife.org/opentree/ottol@1019380"")","RO:0002470","eats","NCBI:6231","Nematoda",NA,"gratin:hedde_misc1","genus","nematodes"
"Prodorylaimus",NA,"Prodorylaimus","c(""NCBITaxon:288464"", ""NCBI:288464"", ""GBIF:2282603"", ""https://tree.opentreeoflife.org/opentree/ottol@1019380"")","RO:0002470","eats","NCBI:4751","Fungi",NA,"gratin:hedde_misc1","genus","nematodes"
"Prodorylaimus",NA,"Prodorylaimus","c(""NCBITaxon:288464"", ""NCBI:288464"", ""GBIF:2282603"", ""https://tree.opentreeoflife.org/opentree/ottol@1019380"")","RO:0002470","eats","NCBI:3208","Bryophyta",NA,"gratin:hedde_misc1","genus","nematodes"
"Prodorylaimus",NA,"Prodorylaimus","c(""NCBITaxon:288464"", ""NCBI:288464"", ""GBIF:2282603"", ""https://tree.opentreeoflife.org/opentree/ottol@1019380"")","RO:0002470","eats","NCBI:58023","Tracheophyta",NA,"gratin:hedde_misc1","genus","nematodes"
"Prodorylaimus",NA,"Prodorylaimus","c(""NCBITaxon:288464"", ""NCBI:288464"", ""GBIF:2282603"", ""https://tree.opentreeoflife.org/opentree/ottol@1019380"")","RO:0002470","eats","NCBI:6388","Enchytraeidae",NA,"gratin:hedde_misc1","genus","nematodes"
"Prodorylaimus",NA,"Prodorylaimus","c(""NCBITaxon:288464"", ""NCBI:288464"", ""GBIF:2282603"", ""https://tree.opentreeoflife.org/opentree/ottol@1019380"")","RO:0002470","eats","GBIF:7","Protozoa",NA,"gratin:hedde_misc1","genus","nematodes"
"Prodorylaimus",NA,"Prodorylaimus","c(""NCBITaxon:288464"", ""NCBI:288464"", ""GBIF:2282603"", ""https://tree.opentreeoflife.org/opentree/ottol@1019380"")","RO:0002470","eats","NCBI:10190","Rotifera",NA,"gratin:hedde_misc1","genus","nematodes"
"Prodorylaimus",NA,"Prodorylaimus","c(""NCBITaxon:288464"", ""NCBI:288464"", ""GBIF:2282603"", ""https://tree.opentreeoflife.org/opentree/ottol@1019380"")","RO:0002470","eats","GBIF:36","Chlorophyta",NA,"gratin:nematrait","genus","nematodes"
"Prodorylaimus",NA,"Prodorylaimus","c(""NCBITaxon:288464"", ""NCBI:288464"", ""GBIF:2282603"", ""https://tree.opentreeoflife.org/opentree/ottol@1019380"")","RO:0002470","eats","GBIF:4","Chromista",NA,"gratin:nematrait","genus","nematodes"
"Prodorylaimus",NA,"Prodorylaimus","c(""NCBITaxon:288464"", ""NCBI:288464"", ""GBIF:2282603"", ""https://tree.opentreeoflife.org/opentree/ottol@1019380"")","RO:0002470","eats","GBIF:35","Bryophyta",NA,"gratin:nematrait","genus","nematodes"
"Prodorylaimus",NA,"Prodorylaimus","c(""NCBITaxon:288464"", ""NCBI:288464"", ""GBIF:2282603"", ""https://tree.opentreeoflife.org/opentree/ottol@1019380"")","RO:0002470","eats","GBIF:70","Haptophyta",NA,"gratin:nematrait","genus","nematodes"
"Prodorylaimus",NA,"Prodorylaimus","c(""NCBITaxon:288464"", ""NCBI:288464"", ""GBIF:2282603"", ""https://tree.opentreeoflife.org/opentree/ottol@1019380"")","RO:0002470","eats","GBIF:98","Ochrophyta",NA,"gratin:nematrait","genus","nematodes"
"Prodorylaimus",NA,"Prodorylaimus","c(""NCBITaxon:288464"", ""NCBI:288464"", ""GBIF:2282603"", ""https://tree.opentreeoflife.org/opentree/ottol@1019380"")","RO:0002470","eats","GBIF:68","Cyanobacteria",NA,"gratin:nematrait","genus","nematodes"
"Prodorylaimus",NA,"Prodorylaimus","c(""NCBITaxon:288464"", ""NCBI:288464"", ""GBIF:2282603"", ""https://tree.opentreeoflife.org/opentree/ottol@1019380"")","RO:0002470","eats","GBIF:5","Fungi",NA,"gratin:nematrait","genus","nematodes"
"Prodorylaimus",NA,"Prodorylaimus","c(""NCBITaxon:288464"", ""NCBI:288464"", ""GBIF:2282603"", ""https://tree.opentreeoflife.org/opentree/ottol@1019380"")","RO:0002470","eats","GBIF:3565","Enchytraeidae",NA,"gratin:nematrait","genus","nematodes"
"Prodorylaimus",NA,"Prodorylaimus","c(""NCBITaxon:288464"", ""NCBI:288464"", ""GBIF:2282603"", ""https://tree.opentreeoflife.org/opentree/ottol@1019380"")","RO:0002470","eats","GBIF:7","Protozoa",NA,"gratin:nematrait","genus","nematodes"
"Helicotylenchus",NA,"Helicotylenchus","c(""NCBITaxon:293581"", ""NCBI:293581"", ""https://tree.opentreeoflife.org/opentree/ottol@911115"", ""GBIF:2284094"")","RO:0002444","parasite of","NCBI:58023","Tracheophyta",NA,"gratin:hedde_misc1","genus","nematodes"
"Trichodorus",NA,"Trichodorus","c(""NCBITaxon:70243"", ""NCBI:70243"", ""GBIF:2279607"", ""https://tree.opentreeoflife.org/opentree/ottol@1017669"")","RO:0002444","parasite of","GBIF:7707728","Tracheophyta",NA,"gratin:nematrait","genus","nematodes"
"Mylonchulus",NA,"Mylonchulus","c(""NCBITaxon:70233"", ""NCBI:70233"", ""GBIF:2282543"", ""https://tree.opentreeoflife.org/opentree/ottol@441134"")","RO:0002470","eats","GBIF:7","Protozoa",NA,"gratin:nematrait","genus","nematodes"
"Mylonchulus",NA,"Mylonchulus","c(""NCBITaxon:70233"", ""NCBI:70233"", ""GBIF:2282543"", ""https://tree.opentreeoflife.org/opentree/ottol@441134"")","RO:0002470","eats","GBIF:5967481","Nematoda",NA,"gratin:nematrait","genus","nematodes"
"Mylonchulus",NA,"Mylonchulus","c(""NCBITaxon:70233"", ""NCBI:70233"", ""GBIF:2282543"", ""https://tree.opentreeoflife.org/opentree/ottol@441134"")","RO:0002470","eats","GBIF:4","Chromista",NA,"gratin:nematrait","genus","nematodes"
"Mylonchulus",NA,"Mylonchulus","c(""NCBITaxon:70233"", ""NCBI:70233"", ""GBIF:2282543"", ""https://tree.opentreeoflife.org/opentree/ottol@441134"")","RO:0002470","eats","GBIF:3565","Enchytraeidae",NA,"gratin:nematrait","genus","nematodes"
"Cephalobidae",NA,"Acrobeles","c(""NCBITaxon:55786"", ""NCBI:55786"", ""GBIF:2283761"", ""https://tree.opentreeoflife.org/opentree/ottol@70807"")","RO:0002470","eats","NCBI:2","Bacteria",NA,"gratin:hedde_misc1","family","nematodes"
"Cephalobidae",NA,"Acrobeles","c(""NCBITaxon:55786"", ""NCBI:55786"", ""GBIF:2283761"", ""https://tree.opentreeoflife.org/opentree/ottol@70807"")","RO:0002470","eats","NCBI:2157","Archaea",NA,"gratin:hedde_misc1","family","nematodes"
"Cephalobidae",NA,"Acrobeles","c(""NCBITaxon:55786"", ""NCBI:55786"", ""GBIF:2283761"", ""https://tree.opentreeoflife.org/opentree/ottol@70807"")","RO:0002470","eats","GBIF:2","Archaea",NA,"gratin:nematrait","family","nematodes"
"Cephalobidae",NA,"Acrobeles","c(""NCBITaxon:55786"", ""NCBI:55786"", ""GBIF:2283761"", ""https://tree.opentreeoflife.org/opentree/ottol@70807"")","RO:0002470","eats","GBIF:3","Bacteria",NA,"gratin:nematrait","family","nematodes"
"Cephalobidae",NA,"Cephalobus","c(""NCBITaxon:70199"", ""NCBI:70199"", ""https://tree.opentreeoflife.org/opentree/ottol@562808"", ""GBIF:2283209"")","RO:0002470","eats","NCBI:2","Bacteria",NA,"gratin:hedde_misc1","family","nematodes"
"Cephalobidae",NA,"Cephalobus","c(""NCBITaxon:70199"", ""NCBI:70199"", ""https://tree.opentreeoflife.org/opentree/ottol@562808"", ""GBIF:2283209"")","RO:0002470","eats","NCBI:2157","Archaea",NA,"gratin:hedde_misc1","family","nematodes"
"Cephalobidae",NA,"Cephalobus","c(""NCBITaxon:70199"", ""NCBI:70199"", ""https://tree.opentreeoflife.org/opentree/ottol@562808"", ""GBIF:2283209"")","RO:0002470","eats","GBIF:2","Archaea",NA,"gratin:nematrait","family","nematodes"
"Cephalobidae",NA,"Cephalobus","c(""NCBITaxon:70199"", ""NCBI:70199"", ""https://tree.opentreeoflife.org/opentree/ottol@562808"", ""GBIF:2283209"")","RO:0002470","eats","GBIF:3","Bacteria",NA,"gratin:nematrait","family","nematodes"
"Cephalobidae",NA,"Cervidellus","c(""NCBITaxon:114856"", ""NCBI:114856"", ""https://tree.opentreeoflife.org/opentree/ottol@995143"", ""GBIF:2283730"")","RO:0002470","eats","GBIF:2","Archaea",NA,"gratin:nematrait","family","nematodes"
"Cephalobidae",NA,"Cervidellus","c(""NCBITaxon:114856"", ""NCBI:114856"", ""https://tree.opentreeoflife.org/opentree/ottol@995143"", ""GBIF:2283730"")","RO:0002470","eats","GBIF:3","Bacteria",NA,"gratin:nematrait","family","nematodes"
"Cephalobidae",NA,"Acrobeloides","c(""NCBITaxon:70201"", ""NCBI:70201"", ""GBIF:2283754"", ""https://tree.opentreeoflife.org/opentree/ottol@916323"")","RO:0002470","eats","NCBI:2","Bacteria",NA,"gratin:hedde_misc1","family","nematodes"
"Cephalobidae",NA,"Acrobeloides","c(""NCBITaxon:70201"", ""NCBI:70201"", ""GBIF:2283754"", ""https://tree.opentreeoflife.org/opentree/ottol@916323"")","RO:0002470","eats","NCBI:2157","Archaea",NA,"gratin:hedde_misc1","family","nematodes"
"Cephalobidae",NA,"Acrobeloides","c(""NCBITaxon:70201"", ""NCBI:70201"", ""GBIF:2283754"", ""https://tree.opentreeoflife.org/opentree/ottol@916323"")","RO:0002470","eats","GBIF:2","Archaea",NA,"gratin:nematrait","family","nematodes"
"Cephalobidae",NA,"Acrobeloides","c(""NCBITaxon:70201"", ""NCBI:70201"", ""GBIF:2283754"", ""https://tree.opentreeoflife.org/opentree/ottol@916323"")","RO:0002470","eats","GBIF:3","Bacteria",NA,"gratin:nematrait","family","nematodes"
"Cephalobidae",NA,"Eucephalobus","c(""NCBITaxon:293678"", ""NCBI:293678"", ""GBIF:2283772"", ""https://tree.opentreeoflife.org/opentree/ottol@121850"")","RO:0002470","eats","NCBI:2157","Archaea",NA,"gratin:hedde_misc1","family","nematodes"
"Cephalobidae",NA,"Eucephalobus","c(""NCBITaxon:293678"", ""NCBI:293678"", ""GBIF:2283772"", ""https://tree.opentreeoflife.org/opentree/ottol@121850"")","RO:0002470","eats","NCBI:2","Bacteria",NA,"gratin:hedde_misc1","family","nematodes"
"Cephalobidae",NA,"Eucephalobus","c(""NCBITaxon:293678"", ""NCBI:293678"", ""GBIF:2283772"", ""https://tree.opentreeoflife.org/opentree/ottol@121850"")","RO:0002470","eats","GBIF:3","Bacteria",NA,"gratin:nematrait","family","nematodes"
"Cephalobidae",NA,"Eucephalobus","c(""NCBITaxon:293678"", ""NCBI:293678"", ""GBIF:2283772"", ""https://tree.opentreeoflife.org/opentree/ottol@121850"")","RO:0002470","eats","GBIF:2","Archaea",NA,"gratin:nematrait","family","nematodes"
"Cephalobidae",NA,"Heterocephalobus","c(""NCBITaxon:293682"", ""NCBI:293682"", ""GBIF:2283752"", ""https://tree.opentreeoflife.org/opentree/ottol@438678"")","RO:0002470","eats","GBIF:2","Archaea",NA,"gratin:nematrait","family","nematodes"
"Cephalobidae",NA,"Heterocephalobus","c(""NCBITaxon:293682"", ""NCBI:293682"", ""GBIF:2283752"", ""https://tree.opentreeoflife.org/opentree/ottol@438678"")","RO:0002470","eats","GBIF:3","Bacteria",NA,"gratin:nematrait","family","nematodes"
"Aporcelaimidae",NA,"Aporcelaimellus","c(""NCBITaxon:211278"", ""NCBI:211278"", ""https://tree.opentreeoflife.org/opentree/ottol@714993"", ""GBIF:2282747"")","RO:0002470","eats","NCBI:58023","Tracheophyta",NA,"gratin:hedde_misc1","family","nematodes"
"Aporcelaimidae",NA,"Aporcelaimellus","c(""NCBITaxon:211278"", ""NCBI:211278"", ""https://tree.opentreeoflife.org/opentree/ottol@714993"", ""GBIF:2282747"")","RO:0002470","eats","GBIF:4","Chromista",NA,"gratin:hedde_misc1","family","nematodes"
"Aporcelaimidae",NA,"Aporcelaimellus","c(""NCBITaxon:211278"", ""NCBI:211278"", ""https://tree.opentreeoflife.org/opentree/ottol@714993"", ""GBIF:2282747"")","RO:0002470","eats","NCBI:6231","Nematoda",NA,"gratin:hedde_misc1","family","nematodes"
"Aporcelaimidae",NA,"Aporcelaimellus","c(""NCBITaxon:211278"", ""NCBI:211278"", ""https://tree.opentreeoflife.org/opentree/ottol@714993"", ""GBIF:2282747"")","RO:0002470","eats","GBIF:7","Protozoa",NA,"gratin:hedde_misc1","family","nematodes"
"Aporcelaimidae",NA,"Aporcelaimellus","c(""NCBITaxon:211278"", ""NCBI:211278"", ""https://tree.opentreeoflife.org/opentree/ottol@714993"", ""GBIF:2282747"")","RO:0002470","eats","NCBI:2","Bacteria",NA,"gratin:hedde_misc1","family","nematodes"
"Aporcelaimidae",NA,"Aporcelaimellus","c(""NCBITaxon:211278"", ""NCBI:211278"", ""https://tree.opentreeoflife.org/opentree/ottol@714993"", ""GBIF:2282747"")","RO:0002470","eats","NCBI:4751","Fungi",NA,"gratin:hedde_misc1","family","nematodes"
"Aporcelaimidae",NA,"Aporcelaimellus","c(""NCBITaxon:211278"", ""NCBI:211278"", ""https://tree.opentreeoflife.org/opentree/ottol@714993"", ""GBIF:2282747"")","RO:0002470","eats","NCBI:10190","Rotifera",NA,"gratin:hedde_misc1","family","nematodes"
"Aporcelaimidae",NA,"Aporcelaimellus","c(""NCBITaxon:211278"", ""NCBI:211278"", ""https://tree.opentreeoflife.org/opentree/ottol@714993"", ""GBIF:2282747"")","RO:0002470","eats","NCBI:3208","Bryophyta",NA,"gratin:hedde_misc1","family","nematodes"
"Aporcelaimidae",NA,"Aporcelaimellus","c(""NCBITaxon:211278"", ""NCBI:211278"", ""https://tree.opentreeoflife.org/opentree/ottol@714993"", ""GBIF:2282747"")","RO:0002470","eats","NCBI:6388","Enchytraeidae",NA,"gratin:hedde_misc1","family","nematodes"
"Aporcelaimidae",NA,"Aporcelaimellus","c(""NCBITaxon:211278"", ""NCBI:211278"", ""https://tree.opentreeoflife.org/opentree/ottol@714993"", ""GBIF:2282747"")","RO:0002470","eats","NCBI:3041","Chlorophyta",NA,"gratin:hedde_misc1","family","nematodes"
"Aporcelaimidae",NA,"Aporcelaimellus","c(""NCBITaxon:211278"", ""NCBI:211278"", ""https://tree.opentreeoflife.org/opentree/ottol@714993"", ""GBIF:2282747"")","RO:0002470","eats","GBIF:3565","Enchytraeidae",NA,"gratin:nematrait","family","nematodes"
"Aporcelaimidae",NA,"Aporcelaimellus","c(""NCBITaxon:211278"", ""NCBI:211278"", ""https://tree.opentreeoflife.org/opentree/ottol@714993"", ""GBIF:2282747"")","RO:0002470","eats","GBIF:68","Cyanobacteria",NA,"gratin:nematrait","family","nematodes"
"Aporcelaimidae",NA,"Aporcelaimellus","c(""NCBITaxon:211278"", ""NCBI:211278"", ""https://tree.opentreeoflife.org/opentree/ottol@714993"", ""GBIF:2282747"")","RO:0002470","eats","GBIF:4","Chromista",NA,"gratin:nematrait","family","nematodes"
"Aporcelaimidae",NA,"Aporcelaimellus","c(""NCBITaxon:211278"", ""NCBI:211278"", ""https://tree.opentreeoflife.org/opentree/ottol@714993"", ""GBIF:2282747"")","RO:0002470","eats","GBIF:7","Protozoa",NA,"gratin:nematrait","family","nematodes"
"Aporcelaimidae",NA,"Aporcelaimellus","c(""NCBITaxon:211278"", ""NCBI:211278"", ""https://tree.opentreeoflife.org/opentree/ottol@714993"", ""GBIF:2282747"")","RO:0002470","eats","GBIF:5","Fungi",NA,"gratin:nematrait","family","nematodes"
"Aporcelaimidae",NA,"Aporcelaimellus","c(""NCBITaxon:211278"", ""NCBI:211278"", ""https://tree.opentreeoflife.org/opentree/ottol@714993"", ""GBIF:2282747"")","RO:0002470","eats","GBIF:98","Ochrophyta",NA,"gratin:nematrait","family","nematodes"
"Aporcelaimidae",NA,"Aporcelaimellus","c(""NCBITaxon:211278"", ""NCBI:211278"", ""https://tree.opentreeoflife.org/opentree/ottol@714993"", ""GBIF:2282747"")","RO:0002470","eats","GBIF:70","Haptophyta",NA,"gratin:nematrait","family","nematodes"
"Aporcelaimidae",NA,"Aporcelaimellus","c(""NCBITaxon:211278"", ""NCBI:211278"", ""https://tree.opentreeoflife.org/opentree/ottol@714993"", ""GBIF:2282747"")","RO:0002470","eats","GBIF:36","Chlorophyta",NA,"gratin:nematrait","family","nematodes"
"Aporcelaimidae",NA,"Aporcelaimellus","c(""NCBITaxon:211278"", ""NCBI:211278"", ""https://tree.opentreeoflife.org/opentree/ottol@714993"", ""GBIF:2282747"")","RO:0002470","eats","GBIF:35","Bryophyta",NA,"gratin:nematrait","family","nematodes"
"Aporcelaimidae",NA,"Paraxonchium","c(""NCBITaxon:211260"", ""NCBI:211260"", ""https://tree.opentreeoflife.org/opentree/ottol@328182"", ""GBIF:4405272"")","RO:0002470","eats","GBIF:3565","Enchytraeidae",NA,"gratin:nematrait","family","nematodes"
"Aporcelaimidae",NA,"Paraxonchium","c(""NCBITaxon:211260"", ""NCBI:211260"", ""https://tree.opentreeoflife.org/opentree/ottol@328182"", ""GBIF:4405272"")","RO:0002470","eats","GBIF:36","Chlorophyta",NA,"gratin:nematrait","family","nematodes"
"Aporcelaimidae",NA,"Paraxonchium","c(""NCBITaxon:211260"", ""NCBI:211260"", ""https://tree.opentreeoflife.org/opentree/ottol@328182"", ""GBIF:4405272"")","RO:0002470","eats","GBIF:4","Chromista",NA,"gratin:nematrait","family","nematodes"
"Aporcelaimidae",NA,"Paraxonchium","c(""NCBITaxon:211260"", ""NCBI:211260"", ""https://tree.opentreeoflife.org/opentree/ottol@328182"", ""GBIF:4405272"")","RO:0002470","eats","GBIF:98","Ochrophyta",NA,"gratin:nematrait","family","nematodes"
"Aporcelaimidae",NA,"Paraxonchium","c(""NCBITaxon:211260"", ""NCBI:211260"", ""https://tree.opentreeoflife.org/opentree/ottol@328182"", ""GBIF:4405272"")","RO:0002470","eats","GBIF:7","Protozoa",NA,"gratin:nematrait","family","nematodes"
"Aporcelaimidae",NA,"Paraxonchium","c(""NCBITaxon:211260"", ""NCBI:211260"", ""https://tree.opentreeoflife.org/opentree/ottol@328182"", ""GBIF:4405272"")","RO:0002470","eats","GBIF:70","Haptophyta",NA,"gratin:nematrait","family","nematodes"
"Aporcelaimidae",NA,"Paraxonchium","c(""NCBITaxon:211260"", ""NCBI:211260"", ""https://tree.opentreeoflife.org/opentree/ottol@328182"", ""GBIF:4405272"")","RO:0002470","eats","GBIF:68","Cyanobacteria",NA,"gratin:nematrait","family","nematodes"
"Aporcelaimidae",NA,"Paraxonchium","c(""NCBITaxon:211260"", ""NCBI:211260"", ""https://tree.opentreeoflife.org/opentree/ottol@328182"", ""GBIF:4405272"")","RO:0002470","eats","GBIF:5","Fungi",NA,"gratin:nematrait","family","nematodes"
"Aporcelaimidae",NA,"Paraxonchium","c(""NCBITaxon:211260"", ""NCBI:211260"", ""https://tree.opentreeoflife.org/opentree/ottol@328182"", ""GBIF:4405272"")","RO:0002470","eats","GBIF:35","Bryophyta",NA,"gratin:nematrait","family","nematodes"
"Seinuridae",NA,"Aprutides","c(""NCBITaxon:211416"", ""NCBI:211416"", ""GBIF:4406376"", ""https://tree.opentreeoflife.org/opentree/ottol@1059785"")","RO:0002470","eats","GBIF:5","Fungi",NA,"gratin:nematrait","family","nematodes"
"Monhysteridae",NA,"Geomonhystera","c(""NCBITaxon:129859"", ""NCBI:129859"", ""GBIF:4348575"", ""https://tree.opentreeoflife.org/opentree/ottol@1068051"")","RO:0002470","eats","GBIF:3","Bacteria",NA,"gratin:nematrait","family","nematodes"
"Monhysteridae",NA,"Geomonhystera","c(""NCBITaxon:129859"", ""NCBI:129859"", ""GBIF:4348575"", ""https://tree.opentreeoflife.org/opentree/ottol@1068051"")","RO:0002470","eats","GBIF:2","Archaea",NA,"gratin:nematrait","family","nematodes"
"Monhysteridae",NA,"Monhystera","c(""NCBITaxon:288547"", ""NCBI:288547"", ""GBIF:2279705"", ""https://tree.opentreeoflife.org/opentree/ottol@304050"")","RO:0002470","eats","GBIF:3","Bacteria",NA,"gratin:nematrait","family","nematodes"
"Monhysteridae",NA,"Monhystera","c(""NCBITaxon:288547"", ""NCBI:288547"", ""GBIF:2279705"", ""https://tree.opentreeoflife.org/opentree/ottol@304050"")","RO:0002470","eats","GBIF:2","Archaea",NA,"gratin:nematrait","family","nematodes"
"Monhysteridae",NA,"Eumonhystera","c(""NCBITaxon:288545"", ""NCBI:288545"", ""https://tree.opentreeoflife.org/opentree/ottol@304048"", ""GBIF:4348568"")","RO:0002470","eats","NCBI:2","Bacteria",NA,"gratin:hedde_misc1","family","nematodes"
"Monhysteridae",NA,"Eumonhystera","c(""NCBITaxon:288545"", ""NCBI:288545"", ""https://tree.opentreeoflife.org/opentree/ottol@304048"", ""GBIF:4348568"")","RO:0002470","eats","NCBI:2157","Archaea",NA,"gratin:hedde_misc1","family","nematodes"
"Monhysteridae",NA,"Eumonhystera","c(""NCBITaxon:288545"", ""NCBI:288545"", ""https://tree.opentreeoflife.org/opentree/ottol@304048"", ""GBIF:4348568"")","RO:0002470","eats","GBIF:3","Bacteria",NA,"gratin:nematrait","family","nematodes"
"Monhysteridae",NA,"Eumonhystera","c(""NCBITaxon:288545"", ""NCBI:288545"", ""https://tree.opentreeoflife.org/opentree/ottol@304048"", ""GBIF:4348568"")","RO:0002470","eats","GBIF:2","Archaea",NA,"gratin:nematrait","family","nematodes"
"Plectidae",NA,"Plectus","c(""NCBITaxon:49353"", ""NCBI:49353"", ""GBIF:2283075"", ""https://tree.opentreeoflife.org/opentree/ottol@1054683"")","RO:0002470","eats","NCBI:2","Bacteria",NA,"gratin:hedde_misc1","family","nematodes"
"Plectidae",NA,"Plectus","c(""NCBITaxon:49353"", ""NCBI:49353"", ""GBIF:2283075"", ""https://tree.opentreeoflife.org/opentree/ottol@1054683"")","RO:0002470","eats","NCBI:2157","Archaea",NA,"gratin:hedde_misc1","family","nematodes"
"Plectidae",NA,"Plectus","c(""NCBITaxon:49353"", ""NCBI:49353"", ""GBIF:2283075"", ""https://tree.opentreeoflife.org/opentree/ottol@1054683"")","RO:0002470","eats","GBIF:2","Archaea",NA,"gratin:nematrait","family","nematodes"
"Plectidae",NA,"Plectus","c(""NCBITaxon:49353"", ""NCBI:49353"", ""GBIF:2283075"", ""https://tree.opentreeoflife.org/opentree/ottol@1054683"")","RO:0002470","eats","GBIF:3","Bacteria",NA,"gratin:nematrait","family","nematodes"
"Plectidae",NA,"Anaplectus","c(""NCBITaxon:211402"", ""NCBI:211402"", ""GBIF:2283130"", ""https://tree.opentreeoflife.org/opentree/ottol@533542"")","RO:0002470","eats","GBIF:3","Bacteria",NA,"gratin:nematrait","family","nematodes"
"Plectidae",NA,"Anaplectus","c(""NCBITaxon:211402"", ""NCBI:211402"", ""GBIF:2283130"", ""https://tree.opentreeoflife.org/opentree/ottol@533542"")","RO:0002470","eats","GBIF:2","Archaea",NA,"gratin:nematrait","family","nematodes"
"Plectidae",NA,"Chronogaster","c(""NCBITaxon:288532"", ""NCBI:288532"", ""GBIF:2283256"", ""https://tree.opentreeoflife.org/opentree/ottol@929423"")","RO:0002470","eats","GBIF:2","Archaea",NA,"gratin:nematrait","family","nematodes"
"Plectidae",NA,"Chronogaster","c(""NCBITaxon:288532"", ""NCBI:288532"", ""GBIF:2283256"", ""https://tree.opentreeoflife.org/opentree/ottol@929423"")","RO:0002470","eats","GBIF:3","Bacteria",NA,"gratin:nematrait","family","nematodes"
"Panagrolaimidae",NA,"Panagrolaimus","c(""NCBITaxon:55784"", ""NCBI:55784"", ""https://tree.opentreeoflife.org/opentree/ottol@70804"", ""GBIF:2283711"")","RO:0002470","eats","NCBI:2","Bacteria",NA,"gratin:hedde_misc1","family","nematodes"
"Panagrolaimidae",NA,"Panagrolaimus","c(""NCBITaxon:55784"", ""NCBI:55784"", ""https://tree.opentreeoflife.org/opentree/ottol@70804"", ""GBIF:2283711"")","RO:0002470","eats","NCBI:2157","Archaea",NA,"gratin:hedde_misc1","family","nematodes"
"Panagrolaimidae",NA,"Panagrolaimus","c(""NCBITaxon:55784"", ""NCBI:55784"", ""https://tree.opentreeoflife.org/opentree/ottol@70804"", ""GBIF:2283711"")","RO:0002470","eats","GBIF:3","Bacteria",NA,"gratin:nematrait","family","nematodes"
"Panagrolaimidae",NA,"Panagrolaimus","c(""NCBITaxon:55784"", ""NCBI:55784"", ""https://tree.opentreeoflife.org/opentree/ottol@70804"", ""GBIF:2283711"")","RO:0002470","eats","GBIF:2","Archaea",NA,"gratin:nematrait","family","nematodes"
"Panagrolaimidae",NA,"Baldwinema","c(""NCBITaxon:1723715"", ""NCBI:1723715"", ""https://tree.opentreeoflife.org/opentree/ottol@5680767"", ""GBIF:10831470"")","RO:0002470","eats","GBIF:2","Archaea",NA,"gratin:nematrait","family","nematodes"
"Panagrolaimidae",NA,"Baldwinema","c(""NCBITaxon:1723715"", ""NCBI:1723715"", ""https://tree.opentreeoflife.org/opentree/ottol@5680767"", ""GBIF:10831470"")","RO:0002470","eats","GBIF:3","Bacteria",NA,"gratin:nematrait","family","nematodes"
"Rhabditidae",NA,"Oscheius","c(""NCBITaxon:42476"", ""NCBI:42476"", ""https://tree.opentreeoflife.org/opentree/ottol@498944"", ""GBIF:4407718"")","RO:0002470","eats","GBIF:2","Archaea",NA,"gratin:nematrait","family","nematodes"
"Rhabditidae",NA,"Oscheius","c(""NCBITaxon:42476"", ""NCBI:42476"", ""https://tree.opentreeoflife.org/opentree/ottol@498944"", ""GBIF:4407718"")","RO:0002470","eats","GBIF:3","Bacteria",NA,"gratin:nematrait","family","nematodes"
"Rhabditidae",NA,"Pellioditis","c(""NCBITaxon:35555"", ""NCBI:35555"", ""https://tree.opentreeoflife.org/opentree/ottol@1089838"", ""GBIF:4281896"")","RO:0002470","eats","GBIF:3","Bacteria",NA,"gratin:nematrait","family","nematodes"
"Rhabditidae",NA,"Pellioditis","c(""NCBITaxon:35555"", ""NCBI:35555"", ""https://tree.opentreeoflife.org/opentree/ottol@1089838"", ""GBIF:4281896"")","RO:0002470","eats","GBIF:2","Archaea",NA,"gratin:nematrait","family","nematodes"
"Rhabditidae",NA,"Rhabditis","c(""NCBITaxon:6244"", ""NCBI:6244"", ""https://tree.opentreeoflife.org/opentree/ottol@920944"", ""GBIF:2279676"")","RO:0002470","eats","NCBI:2157","Archaea",NA,"gratin:hedde_misc1","family","nematodes"
"Rhabditidae",NA,"Rhabditis","c(""NCBITaxon:6244"", ""NCBI:6244"", ""https://tree.opentreeoflife.org/opentree/ottol@920944"", ""GBIF:2279676"")","RO:0002470","eats","NCBI:2","Bacteria",NA,"gratin:hedde_misc1","family","nematodes"
"Rhabditidae",NA,"Rhabditis","c(""NCBITaxon:6244"", ""NCBI:6244"", ""https://tree.opentreeoflife.org/opentree/ottol@920944"", ""GBIF:2279676"")","RO:0002470","eats","GBIF:3","Bacteria",NA,"gratin:nematrait","family","nematodes"
"Rhabditidae",NA,"Rhabditis","c(""NCBITaxon:6244"", ""NCBI:6244"", ""https://tree.opentreeoflife.org/opentree/ottol@920944"", ""GBIF:2279676"")","RO:0002470","eats","GBIF:2","Archaea",NA,"gratin:nematrait","family","nematodes"
"Rhabditidae",NA,"Mesorhabditis","c(""NCBITaxon:53475"", ""NCBI:53475"", ""GBIF:2283674"", ""https://tree.opentreeoflife.org/opentree/ottol@854390"")","RO:0002470","eats","NCBI:2","Bacteria",NA,"gratin:hedde_misc1","family","nematodes"
"Rhabditidae",NA,"Mesorhabditis","c(""NCBITaxon:53475"", ""NCBI:53475"", ""GBIF:2283674"", ""https://tree.opentreeoflife.org/opentree/ottol@854390"")","RO:0002470","eats","NCBI:2157","Archaea",NA,"gratin:hedde_misc1","family","nematodes"
"Rhabditidae",NA,"Mesorhabditis","c(""NCBITaxon:53475"", ""NCBI:53475"", ""GBIF:2283674"", ""https://tree.opentreeoflife.org/opentree/ottol@854390"")","RO:0002470","eats","GBIF:3","Bacteria",NA,"gratin:nematrait","family","nematodes"
"Rhabditidae",NA,"Mesorhabditis","c(""NCBITaxon:53475"", ""NCBI:53475"", ""GBIF:2283674"", ""https://tree.opentreeoflife.org/opentree/ottol@854390"")","RO:0002470","eats","GBIF:2","Archaea",NA,"gratin:nematrait","family","nematodes"
"Rhabditidae",NA,"Protorhabditis","c(""NCBITaxon:96770"", ""NCBI:96770"", ""https://tree.opentreeoflife.org/opentree/ottol@3587969"", ""GBIF:2283654"")","RO:0002470","eats","GBIF:3","Bacteria",NA,"gratin:nematrait","family","nematodes"
"Rhabditidae",NA,"Protorhabditis","c(""NCBITaxon:96770"", ""NCBI:96770"", ""https://tree.opentreeoflife.org/opentree/ottol@3587969"", ""GBIF:2283654"")","RO:0002470","eats","GBIF:2","Archaea",NA,"gratin:nematrait","family","nematodes"
"Rhabdolaimidae",NA,"Rhabdolaimus","c(""NCBITaxon:452275"", ""NCBI:452275"", ""GBIF:2283127"", ""https://tree.opentreeoflife.org/opentree/ottol@893537"")","RO:0002470","eats","NCBI:2","Bacteria",NA,"gratin:hedde_misc1","family","nematodes"
"Rhabdolaimidae",NA,"Rhabdolaimus","c(""NCBITaxon:452275"", ""NCBI:452275"", ""GBIF:2283127"", ""https://tree.opentreeoflife.org/opentree/ottol@893537"")","RO:0002470","eats","NCBI:2157","Archaea",NA,"gratin:hedde_misc1","family","nematodes"
"Rhabdolaimidae",NA,"Rhabdolaimus","c(""NCBITaxon:452275"", ""NCBI:452275"", ""GBIF:2283127"", ""https://tree.opentreeoflife.org/opentree/ottol@893537"")","RO:0002470","eats","GBIF:3","Bacteria",NA,"gratin:nematrait","family","nematodes"
"Rhabdolaimidae",NA,"Rhabdolaimus","c(""NCBITaxon:452275"", ""NCBI:452275"", ""GBIF:2283127"", ""https://tree.opentreeoflife.org/opentree/ottol@893537"")","RO:0002470","eats","GBIF:2","Archaea",NA,"gratin:nematrait","family","nematodes"
"Prismatolaimidae",NA,"Prismatolaimus","c(""NCBITaxon:70238"", ""NCBI:70238"", ""https://tree.opentreeoflife.org/opentree/ottol@455831"", ""GBIF:2279885"")","RO:0002470","eats","NCBI:2","Bacteria",NA,"gratin:hedde_misc1","family","nematodes"
"Prismatolaimidae",NA,"Prismatolaimus","c(""NCBITaxon:70238"", ""NCBI:70238"", ""https://tree.opentreeoflife.org/opentree/ottol@455831"", ""GBIF:2279885"")","RO:0002470","eats","NCBI:2157","Archaea",NA,"gratin:hedde_misc1","family","nematodes"
"Prismatolaimidae",NA,"Prismatolaimus","c(""NCBITaxon:70238"", ""NCBI:70238"", ""https://tree.opentreeoflife.org/opentree/ottol@455831"", ""GBIF:2279885"")","RO:0002470","eats","GBIF:3","Bacteria",NA,"gratin:nematrait","family","nematodes"
"Prismatolaimidae",NA,"Prismatolaimus","c(""NCBITaxon:70238"", ""NCBI:70238"", ""https://tree.opentreeoflife.org/opentree/ottol@455831"", ""GBIF:2279885"")","RO:0002470","eats","GBIF:2","Archaea",NA,"gratin:nematrait","family","nematodes"
"Aphelenchidae",NA,"Seinura","c(""NCBITaxon:293669"", ""NCBI:293669"", ""GBIF:2284356"", ""https://tree.opentreeoflife.org/opentree/ottol@695986"")","RO:0002470","eats","NCBI:10190","Rotifera",NA,"gratin:hedde_misc1","family","nematodes"
"Aphelenchidae",NA,"Seinura","c(""NCBITaxon:293669"", ""NCBI:293669"", ""GBIF:2284356"", ""https://tree.opentreeoflife.org/opentree/ottol@695986"")","RO:0002470","eats","GBIF:4","Chromista",NA,"gratin:hedde_misc1","family","nematodes"
"Aphelenchidae",NA,"Seinura","c(""NCBITaxon:293669"", ""NCBI:293669"", ""GBIF:2284356"", ""https://tree.opentreeoflife.org/opentree/ottol@695986"")","RO:0002470","eats","NCBI:6388","Enchytraeidae",NA,"gratin:hedde_misc1","family","nematodes"
"Aphelenchidae",NA,"Seinura","c(""NCBITaxon:293669"", ""NCBI:293669"", ""GBIF:2284356"", ""https://tree.opentreeoflife.org/opentree/ottol@695986"")","RO:0002470","eats","NCBI:6231","Nematoda",NA,"gratin:hedde_misc1","family","nematodes"
"Aphelenchidae",NA,"Seinura","c(""NCBITaxon:293669"", ""NCBI:293669"", ""GBIF:2284356"", ""https://tree.opentreeoflife.org/opentree/ottol@695986"")","RO:0002470","eats","GBIF:7","Protozoa",NA,"gratin:hedde_misc1","family","nematodes"
"Aphelenchidae",NA,"Seinura","c(""NCBITaxon:293669"", ""NCBI:293669"", ""GBIF:2284356"", ""https://tree.opentreeoflife.org/opentree/ottol@695986"")","RO:0002470","eats","GBIF:4","Chromista",NA,"gratin:nematrait","family","nematodes"
"Aphelenchidae",NA,"Seinura","c(""NCBITaxon:293669"", ""NCBI:293669"", ""GBIF:2284356"", ""https://tree.opentreeoflife.org/opentree/ottol@695986"")","RO:0002470","eats","GBIF:7","Protozoa",NA,"gratin:nematrait","family","nematodes"
"Aphelenchidae",NA,"Seinura","c(""NCBITaxon:293669"", ""NCBI:293669"", ""GBIF:2284356"", ""https://tree.opentreeoflife.org/opentree/ottol@695986"")","RO:0002470","eats","GBIF:5967481","Nematoda",NA,"gratin:nematrait","family","nematodes"
"Aphelenchidae",NA,"Seinura","c(""NCBITaxon:293669"", ""NCBI:293669"", ""GBIF:2284356"", ""https://tree.opentreeoflife.org/opentree/ottol@695986"")","RO:0002470","eats","GBIF:3565","Enchytraeidae",NA,"gratin:nematrait","family","nematodes"
"Aphelenchidae",NA,"Aphelenchus","c(""NCBITaxon:70225"", ""NCBI:70225"", ""GBIF:2284394"", ""https://tree.opentreeoflife.org/opentree/ottol@966923"")","RO:0002470","eats","NCBI:4751","Fungi",NA,"gratin:hedde_misc1","family","nematodes"
"Aphelenchidae",NA,"Aphelenchus","c(""NCBITaxon:70225"", ""NCBI:70225"", ""GBIF:2284394"", ""https://tree.opentreeoflife.org/opentree/ottol@966923"")","RO:0002470","eats","GBIF:5","Fungi",NA,"gratin:nematrait","family","nematodes"
"Diphtherophoridae",NA,"Tylolaimophorus","c(""NCBITaxon:327490"", ""NCBI:327490"", ""https://tree.opentreeoflife.org/opentree/ottol@99271"", ""GBIF:2283883"")","RO:0002470","eats","GBIF:5","Fungi",NA,"gratin:nematrait","family","nematodes"
"Diphtherophoridae",NA,"Diphtherophora","c(""NCBITaxon:211190"", ""NCBI:211190"", ""GBIF:2282793"", ""https://tree.opentreeoflife.org/opentree/ottol@1074605"")","RO:0002470","eats","GBIF:5","Fungi",NA,"gratin:nematrait","family","nematodes"
"Mononchidae",NA,"Mononchus","c(""NCBITaxon:211392"", ""NCBI:211392"", ""https://tree.opentreeoflife.org/opentree/ottol@79656"", ""GBIF:2282524"")","RO:0002470","eats","GBIF:4","Chromista",NA,"gratin:nematrait","family","nematodes"
"Mononchidae",NA,"Mononchus","c(""NCBITaxon:211392"", ""NCBI:211392"", ""https://tree.opentreeoflife.org/opentree/ottol@79656"", ""GBIF:2282524"")","RO:0002470","eats","GBIF:7","Protozoa",NA,"gratin:nematrait","family","nematodes"
"Mononchidae",NA,"Mononchus","c(""NCBITaxon:211392"", ""NCBI:211392"", ""https://tree.opentreeoflife.org/opentree/ottol@79656"", ""GBIF:2282524"")","RO:0002470","eats","GBIF:5967481","Nematoda",NA,"gratin:nematrait","family","nematodes"
"Mononchidae",NA,"Mononchus","c(""NCBITaxon:211392"", ""NCBI:211392"", ""https://tree.opentreeoflife.org/opentree/ottol@79656"", ""GBIF:2282524"")","RO:0002470","eats","GBIF:3565","Enchytraeidae",NA,"gratin:nematrait","family","nematodes"
"Mononchidae",NA,"Clarkus","c(""NCBITaxon:211395"", ""NCBI:211395"", ""GBIF:8173203"", ""https://tree.opentreeoflife.org/opentree/ottol@79663"")","RO:0002470","eats","GBIF:7","Protozoa",NA,"gratin:hedde_misc1","family","nematodes"
"Mononchidae",NA,"Clarkus","c(""NCBITaxon:211395"", ""NCBI:211395"", ""GBIF:8173203"", ""https://tree.opentreeoflife.org/opentree/ottol@79663"")","RO:0002470","eats","NCBI:6231","Nematoda",NA,"gratin:hedde_misc1","family","nematodes"
"Mononchidae",NA,"Clarkus","c(""NCBITaxon:211395"", ""NCBI:211395"", ""GBIF:8173203"", ""https://tree.opentreeoflife.org/opentree/ottol@79663"")","RO:0002470","eats","NCBI:6388","Enchytraeidae",NA,"gratin:hedde_misc1","family","nematodes"
"Mononchidae",NA,"Clarkus","c(""NCBITaxon:211395"", ""NCBI:211395"", ""GBIF:8173203"", ""https://tree.opentreeoflife.org/opentree/ottol@79663"")","RO:0002470","eats","GBIF:4","Chromista",NA,"gratin:hedde_misc1","family","nematodes"
"Mononchidae",NA,"Clarkus","c(""NCBITaxon:211395"", ""NCBI:211395"", ""GBIF:8173203"", ""https://tree.opentreeoflife.org/opentree/ottol@79663"")","RO:0002470","eats","NCBI:10190","Rotifera",NA,"gratin:hedde_misc1","family","nematodes"
"Mononchidae",NA,"Clarkus","c(""NCBITaxon:211395"", ""NCBI:211395"", ""GBIF:8173203"", ""https://tree.opentreeoflife.org/opentree/ottol@79663"")","RO:0002470","eats","GBIF:7","Protozoa",NA,"gratin:nematrait","family","nematodes"
"Mononchidae",NA,"Clarkus","c(""NCBITaxon:211395"", ""NCBI:211395"", ""GBIF:8173203"", ""https://tree.opentreeoflife.org/opentree/ottol@79663"")","RO:0002470","eats","GBIF:4","Chromista",NA,"gratin:nematrait","family","nematodes"
"Mononchidae",NA,"Clarkus","c(""NCBITaxon:211395"", ""NCBI:211395"", ""GBIF:8173203"", ""https://tree.opentreeoflife.org/opentree/ottol@79663"")","RO:0002470","eats","GBIF:3565","Enchytraeidae",NA,"gratin:nematrait","family","nematodes"
"Mononchidae",NA,"Clarkus","c(""NCBITaxon:211395"", ""NCBI:211395"", ""GBIF:8173203"", ""https://tree.opentreeoflife.org/opentree/ottol@79663"")","RO:0002470","eats","GBIF:5967481","Nematoda",NA,"gratin:nematrait","family","nematodes"
"Mononchidae",NA,"Prionchulus","c(""NCBITaxon:293872"", ""NCBI:293872"", ""GBIF:2282533"", ""https://tree.opentreeoflife.org/opentree/ottol@577264"")","RO:0002470","eats","GBIF:4","Chromista",NA,"gratin:nematrait","family","nematodes"
"Mononchidae",NA,"Prionchulus","c(""NCBITaxon:293872"", ""NCBI:293872"", ""GBIF:2282533"", ""https://tree.opentreeoflife.org/opentree/ottol@577264"")","RO:0002470","eats","GBIF:7","Protozoa",NA,"gratin:nematrait","family","nematodes"
"Mononchidae",NA,"Prionchulus","c(""NCBITaxon:293872"", ""NCBI:293872"", ""GBIF:2282533"", ""https://tree.opentreeoflife.org/opentree/ottol@577264"")","RO:0002470","eats","GBIF:5967481","Nematoda",NA,"gratin:nematrait","family","nematodes"
"Mononchidae",NA,"Prionchulus","c(""NCBITaxon:293872"", ""NCBI:293872"", ""GBIF:2282533"", ""https://tree.opentreeoflife.org/opentree/ottol@577264"")","RO:0002470","eats","GBIF:3565","Enchytraeidae",NA,"gratin:nematrait","family","nematodes"
"Qudsianematidae",NA,"Discolaimus","c(""NCBITaxon:211252"", ""NCBI:211252"", ""https://tree.opentreeoflife.org/opentree/ottol@968984"", ""GBIF:2282615"")","RO:0002470","eats","NCBI:6231","Nematoda",NA,"gratin:hedde_misc1","family","nematodes"
"Qudsianematidae",NA,"Discolaimus","c(""NCBITaxon:211252"", ""NCBI:211252"", ""https://tree.opentreeoflife.org/opentree/ottol@968984"", ""GBIF:2282615"")","RO:0002470","eats","NCBI:10190","Rotifera",NA,"gratin:hedde_misc1","family","nematodes"
"Qudsianematidae",NA,"Discolaimus","c(""NCBITaxon:211252"", ""NCBI:211252"", ""https://tree.opentreeoflife.org/opentree/ottol@968984"", ""GBIF:2282615"")","RO:0002470","eats","GBIF:4","Chromista",NA,"gratin:hedde_misc1","family","nematodes"
"Qudsianematidae",NA,"Discolaimus","c(""NCBITaxon:211252"", ""NCBI:211252"", ""https://tree.opentreeoflife.org/opentree/ottol@968984"", ""GBIF:2282615"")","RO:0002470","eats","NCBI:6388","Enchytraeidae",NA,"gratin:hedde_misc1","family","nematodes"
"Qudsianematidae",NA,"Discolaimus","c(""NCBITaxon:211252"", ""NCBI:211252"", ""https://tree.opentreeoflife.org/opentree/ottol@968984"", ""GBIF:2282615"")","RO:0002470","eats","GBIF:7","Protozoa",NA,"gratin:hedde_misc1","family","nematodes"
"Qudsianematidae",NA,"Ecumenicus","c(""NCBITaxon:211288"", ""NCBI:211288"", ""GBIF:4405791"", ""https://tree.opentreeoflife.org/opentree/ottol@579888"")","RO:0002470","eats","GBIF:7","Protozoa",NA,"gratin:hedde_misc1","family","nematodes"
"Qudsianematidae",NA,"Ecumenicus","c(""NCBITaxon:211288"", ""NCBI:211288"", ""GBIF:4405791"", ""https://tree.opentreeoflife.org/opentree/ottol@579888"")","RO:0002470","eats","NCBI:10190","Rotifera",NA,"gratin:hedde_misc1","family","nematodes"
"Qudsianematidae",NA,"Ecumenicus","c(""NCBITaxon:211288"", ""NCBI:211288"", ""GBIF:4405791"", ""https://tree.opentreeoflife.org/opentree/ottol@579888"")","RO:0002470","eats","NCBI:3208","Bryophyta",NA,"gratin:hedde_misc1","family","nematodes"
"Qudsianematidae",NA,"Ecumenicus","c(""NCBITaxon:211288"", ""NCBI:211288"", ""GBIF:4405791"", ""https://tree.opentreeoflife.org/opentree/ottol@579888"")","RO:0002470","eats","NCBI:3041","Chlorophyta",NA,"gratin:hedde_misc1","family","nematodes"
"Qudsianematidae",NA,"Ecumenicus","c(""NCBITaxon:211288"", ""NCBI:211288"", ""GBIF:4405791"", ""https://tree.opentreeoflife.org/opentree/ottol@579888"")","RO:0002470","eats","NCBI:6231","Nematoda",NA,"gratin:hedde_misc1","family","nematodes"
"Qudsianematidae",NA,"Ecumenicus","c(""NCBITaxon:211288"", ""NCBI:211288"", ""GBIF:4405791"", ""https://tree.opentreeoflife.org/opentree/ottol@579888"")","RO:0002470","eats","NCBI:2157","Archaea",NA,"gratin:hedde_misc1","family","nematodes"
"Qudsianematidae",NA,"Ecumenicus","c(""NCBITaxon:211288"", ""NCBI:211288"", ""GBIF:4405791"", ""https://tree.opentreeoflife.org/opentree/ottol@579888"")","RO:0002470","eats","NCBI:6388","Enchytraeidae",NA,"gratin:hedde_misc1","family","nematodes"
"Qudsianematidae",NA,"Ecumenicus","c(""NCBITaxon:211288"", ""NCBI:211288"", ""GBIF:4405791"", ""https://tree.opentreeoflife.org/opentree/ottol@579888"")","RO:0002470","eats","NCBI:4751","Fungi",NA,"gratin:hedde_misc1","family","nematodes"
"Qudsianematidae",NA,"Ecumenicus","c(""NCBITaxon:211288"", ""NCBI:211288"", ""GBIF:4405791"", ""https://tree.opentreeoflife.org/opentree/ottol@579888"")","RO:0002470","eats","NCBI:58023","Tracheophyta",NA,"gratin:hedde_misc1","family","nematodes"
"Qudsianematidae",NA,"Ecumenicus","c(""NCBITaxon:211288"", ""NCBI:211288"", ""GBIF:4405791"", ""https://tree.opentreeoflife.org/opentree/ottol@579888"")","RO:0002470","eats","NCBI:2","Bacteria",NA,"gratin:hedde_misc1","family","nematodes"
"Qudsianematidae",NA,"Labronemella","c(""NCBITaxon:211292"", ""NCBI:211292"", ""GBIF:4404633"", ""https://tree.opentreeoflife.org/opentree/ottol@7164"")","RO:0002470","eats","GBIF:35","Bryophyta",NA,"gratin:nematrait","family","nematodes"
"Qudsianematidae",NA,"Labronemella","c(""NCBITaxon:211292"", ""NCBI:211292"", ""GBIF:4404633"", ""https://tree.opentreeoflife.org/opentree/ottol@7164"")","RO:0002470","eats","GBIF:98","Ochrophyta",NA,"gratin:nematrait","family","nematodes"
"Qudsianematidae",NA,"Labronemella","c(""NCBITaxon:211292"", ""NCBI:211292"", ""GBIF:4404633"", ""https://tree.opentreeoflife.org/opentree/ottol@7164"")","RO:0002470","eats","GBIF:3565","Enchytraeidae",NA,"gratin:nematrait","family","nematodes"
"Qudsianematidae",NA,"Labronemella","c(""NCBITaxon:211292"", ""NCBI:211292"", ""GBIF:4404633"", ""https://tree.opentreeoflife.org/opentree/ottol@7164"")","RO:0002470","eats","GBIF:4","Chromista",NA,"gratin:nematrait","family","nematodes"
"Qudsianematidae",NA,"Labronemella","c(""NCBITaxon:211292"", ""NCBI:211292"", ""GBIF:4404633"", ""https://tree.opentreeoflife.org/opentree/ottol@7164"")","RO:0002470","eats","GBIF:70","Haptophyta",NA,"gratin:nematrait","family","nematodes"
"Qudsianematidae",NA,"Labronemella","c(""NCBITaxon:211292"", ""NCBI:211292"", ""GBIF:4404633"", ""https://tree.opentreeoflife.org/opentree/ottol@7164"")","RO:0002470","eats","GBIF:68","Cyanobacteria",NA,"gratin:nematrait","family","nematodes"
"Qudsianematidae",NA,"Labronemella","c(""NCBITaxon:211292"", ""NCBI:211292"", ""GBIF:4404633"", ""https://tree.opentreeoflife.org/opentree/ottol@7164"")","RO:0002470","eats","GBIF:36","Chlorophyta",NA,"gratin:nematrait","family","nematodes"
"Qudsianematidae",NA,"Labronemella","c(""NCBITaxon:211292"", ""NCBI:211292"", ""GBIF:4404633"", ""https://tree.opentreeoflife.org/opentree/ottol@7164"")","RO:0002470","eats","GBIF:7","Protozoa",NA,"gratin:nematrait","family","nematodes"
"Qudsianematidae",NA,"Labronemella","c(""NCBITaxon:211292"", ""NCBI:211292"", ""GBIF:4404633"", ""https://tree.opentreeoflife.org/opentree/ottol@7164"")","RO:0002470","eats","GBIF:5","Fungi",NA,"gratin:nematrait","family","nematodes"
"Qudsianematidae",NA,"Microdorylaimus","c(""NCBITaxon:211326"", ""NCBI:211326"", ""https://tree.opentreeoflife.org/opentree/ottol@349240"", ""GBIF:4554765"")","RO:0002470","eats","GBIF:5","Fungi",NA,"gratin:nematrait","family","nematodes"
"Qudsianematidae",NA,"Microdorylaimus","c(""NCBITaxon:211326"", ""NCBI:211326"", ""https://tree.opentreeoflife.org/opentree/ottol@349240"", ""GBIF:4554765"")","RO:0002470","eats","GBIF:36","Chlorophyta",NA,"gratin:nematrait","family","nematodes"
"Qudsianematidae",NA,"Microdorylaimus","c(""NCBITaxon:211326"", ""NCBI:211326"", ""https://tree.opentreeoflife.org/opentree/ottol@349240"", ""GBIF:4554765"")","RO:0002470","eats","GBIF:98","Ochrophyta",NA,"gratin:nematrait","family","nematodes"
"Qudsianematidae",NA,"Microdorylaimus","c(""NCBITaxon:211326"", ""NCBI:211326"", ""https://tree.opentreeoflife.org/opentree/ottol@349240"", ""GBIF:4554765"")","RO:0002470","eats","GBIF:4","Chromista",NA,"gratin:nematrait","family","nematodes"
"Qudsianematidae",NA,"Microdorylaimus","c(""NCBITaxon:211326"", ""NCBI:211326"", ""https://tree.opentreeoflife.org/opentree/ottol@349240"", ""GBIF:4554765"")","RO:0002470","eats","GBIF:68","Cyanobacteria",NA,"gratin:nematrait","family","nematodes"
"Qudsianematidae",NA,"Microdorylaimus","c(""NCBITaxon:211326"", ""NCBI:211326"", ""https://tree.opentreeoflife.org/opentree/ottol@349240"", ""GBIF:4554765"")","RO:0002470","eats","GBIF:70","Haptophyta",NA,"gratin:nematrait","family","nematodes"
"Qudsianematidae",NA,"Microdorylaimus","c(""NCBITaxon:211326"", ""NCBI:211326"", ""https://tree.opentreeoflife.org/opentree/ottol@349240"", ""GBIF:4554765"")","RO:0002470","eats","GBIF:7","Protozoa",NA,"gratin:nematrait","family","nematodes"
"Qudsianematidae",NA,"Microdorylaimus","c(""NCBITaxon:211326"", ""NCBI:211326"", ""https://tree.opentreeoflife.org/opentree/ottol@349240"", ""GBIF:4554765"")","RO:0002470","eats","GBIF:35","Bryophyta",NA,"gratin:nematrait","family","nematodes"
"Qudsianematidae",NA,"Microdorylaimus","c(""NCBITaxon:211326"", ""NCBI:211326"", ""https://tree.opentreeoflife.org/opentree/ottol@349240"", ""GBIF:4554765"")","RO:0002470","eats","GBIF:3565","Enchytraeidae",NA,"gratin:nematrait","family","nematodes"
"Qudsianematidae",NA,"Discolaimium","c(""NCBITaxon:2486835"", ""NCBI:2486835"", ""https://tree.opentreeoflife.org/opentree/ottol@3592421"", ""GBIF:2282637"")","RO:0002470","eats","GBIF:7","Protozoa",NA,"gratin:nematrait","family","nematodes"
"Qudsianematidae",NA,"Discolaimium","c(""NCBITaxon:2486835"", ""NCBI:2486835"", ""https://tree.opentreeoflife.org/opentree/ottol@3592421"", ""GBIF:2282637"")","RO:0002470","eats","GBIF:4","Chromista",NA,"gratin:nematrait","family","nematodes"
"Qudsianematidae",NA,"Discolaimium","c(""NCBITaxon:2486835"", ""NCBI:2486835"", ""https://tree.opentreeoflife.org/opentree/ottol@3592421"", ""GBIF:2282637"")","RO:0002470","eats","GBIF:3565","Enchytraeidae",NA,"gratin:nematrait","family","nematodes"
"Qudsianematidae",NA,"Discolaimium","c(""NCBITaxon:2486835"", ""NCBI:2486835"", ""https://tree.opentreeoflife.org/opentree/ottol@3592421"", ""GBIF:2282637"")","RO:0002470","eats","GBIF:5967481","Nematoda",NA,"gratin:nematrait","family","nematodes"
"Nygolaimidae",NA,"Nygolaimus","c(""NCBITaxon:266275"", ""NCBI:266275"", ""https://tree.opentreeoflife.org/opentree/ottol@931827"", ""GBIF:2282566"")","RO:0002470","eats","NCBI:10190","Rotifera",NA,"gratin:hedde_misc1","family","nematodes"
"Nygolaimidae",NA,"Nygolaimus","c(""NCBITaxon:266275"", ""NCBI:266275"", ""https://tree.opentreeoflife.org/opentree/ottol@931827"", ""GBIF:2282566"")","RO:0002470","eats","GBIF:7","Protozoa",NA,"gratin:hedde_misc1","family","nematodes"
"Nygolaimidae",NA,"Nygolaimus","c(""NCBITaxon:266275"", ""NCBI:266275"", ""https://tree.opentreeoflife.org/opentree/ottol@931827"", ""GBIF:2282566"")","RO:0002470","eats","NCBI:6231","Nematoda",NA,"gratin:hedde_misc1","family","nematodes"
"Nygolaimidae",NA,"Nygolaimus","c(""NCBITaxon:266275"", ""NCBI:266275"", ""https://tree.opentreeoflife.org/opentree/ottol@931827"", ""GBIF:2282566"")","RO:0002470","eats","GBIF:4","Chromista",NA,"gratin:hedde_misc1","family","nematodes"
"Nygolaimidae",NA,"Nygolaimus","c(""NCBITaxon:266275"", ""NCBI:266275"", ""https://tree.opentreeoflife.org/opentree/ottol@931827"", ""GBIF:2282566"")","RO:0002470","eats","NCBI:6388","Enchytraeidae",NA,"gratin:hedde_misc1","family","nematodes"
"Nygolaimidae",NA,"Nygolaimus","c(""NCBITaxon:266275"", ""NCBI:266275"", ""https://tree.opentreeoflife.org/opentree/ottol@931827"", ""GBIF:2282566"")","RO:0002470","eats","GBIF:7","Protozoa",NA,"gratin:nematrait","family","nematodes"
"Nygolaimidae",NA,"Nygolaimus","c(""NCBITaxon:266275"", ""NCBI:266275"", ""https://tree.opentreeoflife.org/opentree/ottol@931827"", ""GBIF:2282566"")","RO:0002470","eats","GBIF:3565","Enchytraeidae",NA,"gratin:nematrait","family","nematodes"
"Nygolaimidae",NA,"Nygolaimus","c(""NCBITaxon:266275"", ""NCBI:266275"", ""https://tree.opentreeoflife.org/opentree/ottol@931827"", ""GBIF:2282566"")","RO:0002470","eats","GBIF:5967481","Nematoda",NA,"gratin:nematrait","family","nematodes"
"Nygolaimidae",NA,"Nygolaimus","c(""NCBITaxon:266275"", ""NCBI:266275"", ""https://tree.opentreeoflife.org/opentree/ottol@931827"", ""GBIF:2282566"")","RO:0002470","eats","GBIF:4","Chromista",NA,"gratin:nematrait","family","nematodes"
"Belondiridae",NA,"Belondira","c(""NCBITaxon:211246"", ""NCBI:211246"", ""https://tree.opentreeoflife.org/opentree/ottol@278249"", ""GBIF:2282504"")","RO:0002444","parasite of","GBIF:7707728","Tracheophyta",NA,"gratin:nematrait","family","nematodes"
"Belondiridae",NA,"Dorylaimellus","c(""NCBITaxon:211242"", ""NCBI:211242"", ""GBIF:2282692"", ""https://tree.opentreeoflife.org/opentree/ottol@558075"")","RO:0002444","parasite of","GBIF:7707728","Tracheophyta",NA,"gratin:nematrait","family","nematodes"
"Pratylenchidae",NA,"Pratylenchus","c(""NCBITaxon:45927"", ""NCBI:45927"", ""GBIF:2284120"", ""https://tree.opentreeoflife.org/opentree/ottol@725248"")","RO:0002444","parasite of","NCBI:58023","Tracheophyta",NA,"gratin:hedde_misc1","family","nematodes"
"Pratylenchidae",NA,"Pratylenchus","c(""NCBITaxon:45927"", ""NCBI:45927"", ""GBIF:2284120"", ""https://tree.opentreeoflife.org/opentree/ottol@725248"")","RO:0002444","parasite of","GBIF:7707728","Tracheophyta",NA,"gratin:nematrait","family","nematodes"
"Dorylaimidae",NA,"Prodorylaimus","c(""NCBITaxon:288464"", ""NCBI:288464"", ""GBIF:2282603"", ""https://tree.opentreeoflife.org/opentree/ottol@1019380"")","RO:0002470","eats","NCBI:3041","Chlorophyta",NA,"gratin:hedde_misc1","family","nematodes"
"Dorylaimidae",NA,"Prodorylaimus","c(""NCBITaxon:288464"", ""NCBI:288464"", ""GBIF:2282603"", ""https://tree.opentreeoflife.org/opentree/ottol@1019380"")","RO:0002470","eats","NCBI:2","Bacteria",NA,"gratin:hedde_misc1","family","nematodes"
"Dorylaimidae",NA,"Prodorylaimus","c(""NCBITaxon:288464"", ""NCBI:288464"", ""GBIF:2282603"", ""https://tree.opentreeoflife.org/opentree/ottol@1019380"")","RO:0002470","eats","NCBI:2157","Archaea",NA,"gratin:hedde_misc1","family","nematodes"
"Dorylaimidae",NA,"Prodorylaimus","c(""NCBITaxon:288464"", ""NCBI:288464"", ""GBIF:2282603"", ""https://tree.opentreeoflife.org/opentree/ottol@1019380"")","RO:0002470","eats","NCBI:6231","Nematoda",NA,"gratin:hedde_misc1","family","nematodes"
"Dorylaimidae",NA,"Prodorylaimus","c(""NCBITaxon:288464"", ""NCBI:288464"", ""GBIF:2282603"", ""https://tree.opentreeoflife.org/opentree/ottol@1019380"")","RO:0002470","eats","NCBI:4751","Fungi",NA,"gratin:hedde_misc1","family","nematodes"
"Dorylaimidae",NA,"Prodorylaimus","c(""NCBITaxon:288464"", ""NCBI:288464"", ""GBIF:2282603"", ""https://tree.opentreeoflife.org/opentree/ottol@1019380"")","RO:0002470","eats","NCBI:3208","Bryophyta",NA,"gratin:hedde_misc1","family","nematodes"
"Dorylaimidae",NA,"Prodorylaimus","c(""NCBITaxon:288464"", ""NCBI:288464"", ""GBIF:2282603"", ""https://tree.opentreeoflife.org/opentree/ottol@1019380"")","RO:0002470","eats","NCBI:58023","Tracheophyta",NA,"gratin:hedde_misc1","family","nematodes"
"Dorylaimidae",NA,"Prodorylaimus","c(""NCBITaxon:288464"", ""NCBI:288464"", ""GBIF:2282603"", ""https://tree.opentreeoflife.org/opentree/ottol@1019380"")","RO:0002470","eats","NCBI:6388","Enchytraeidae",NA,"gratin:hedde_misc1","family","nematodes"
"Dorylaimidae",NA,"Prodorylaimus","c(""NCBITaxon:288464"", ""NCBI:288464"", ""GBIF:2282603"", ""https://tree.opentreeoflife.org/opentree/ottol@1019380"")","RO:0002470","eats","GBIF:7","Protozoa",NA,"gratin:hedde_misc1","family","nematodes"
"Dorylaimidae",NA,"Prodorylaimus","c(""NCBITaxon:288464"", ""NCBI:288464"", ""GBIF:2282603"", ""https://tree.opentreeoflife.org/opentree/ottol@1019380"")","RO:0002470","eats","NCBI:10190","Rotifera",NA,"gratin:hedde_misc1","family","nematodes"
"Dorylaimidae",NA,"Prodorylaimus","c(""NCBITaxon:288464"", ""NCBI:288464"", ""GBIF:2282603"", ""https://tree.opentreeoflife.org/opentree/ottol@1019380"")","RO:0002470","eats","GBIF:36","Chlorophyta",NA,"gratin:nematrait","family","nematodes"
"Dorylaimidae",NA,"Prodorylaimus","c(""NCBITaxon:288464"", ""NCBI:288464"", ""GBIF:2282603"", ""https://tree.opentreeoflife.org/opentree/ottol@1019380"")","RO:0002470","eats","GBIF:4","Chromista",NA,"gratin:nematrait","family","nematodes"
"Dorylaimidae",NA,"Prodorylaimus","c(""NCBITaxon:288464"", ""NCBI:288464"", ""GBIF:2282603"", ""https://tree.opentreeoflife.org/opentree/ottol@1019380"")","RO:0002470","eats","GBIF:35","Bryophyta",NA,"gratin:nematrait","family","nematodes"
"Dorylaimidae",NA,"Prodorylaimus","c(""NCBITaxon:288464"", ""NCBI:288464"", ""GBIF:2282603"", ""https://tree.opentreeoflife.org/opentree/ottol@1019380"")","RO:0002470","eats","GBIF:70","Haptophyta",NA,"gratin:nematrait","family","nematodes"
"Dorylaimidae",NA,"Prodorylaimus","c(""NCBITaxon:288464"", ""NCBI:288464"", ""GBIF:2282603"", ""https://tree.opentreeoflife.org/opentree/ottol@1019380"")","RO:0002470","eats","GBIF:98","Ochrophyta",NA,"gratin:nematrait","family","nematodes"
"Dorylaimidae",NA,"Prodorylaimus","c(""NCBITaxon:288464"", ""NCBI:288464"", ""GBIF:2282603"", ""https://tree.opentreeoflife.org/opentree/ottol@1019380"")","RO:0002470","eats","GBIF:68","Cyanobacteria",NA,"gratin:nematrait","family","nematodes"
"Dorylaimidae",NA,"Prodorylaimus","c(""NCBITaxon:288464"", ""NCBI:288464"", ""GBIF:2282603"", ""https://tree.opentreeoflife.org/opentree/ottol@1019380"")","RO:0002470","eats","GBIF:5","Fungi",NA,"gratin:nematrait","family","nematodes"
"Dorylaimidae",NA,"Prodorylaimus","c(""NCBITaxon:288464"", ""NCBI:288464"", ""GBIF:2282603"", ""https://tree.opentreeoflife.org/opentree/ottol@1019380"")","RO:0002470","eats","GBIF:3565","Enchytraeidae",NA,"gratin:nematrait","family","nematodes"
"Dorylaimidae",NA,"Prodorylaimus","c(""NCBITaxon:288464"", ""NCBI:288464"", ""GBIF:2282603"", ""https://tree.opentreeoflife.org/opentree/ottol@1019380"")","RO:0002470","eats","GBIF:7","Protozoa",NA,"gratin:nematrait","family","nematodes"
"Dorylaimidae",NA,"Mesodorylaimus","c(""NCBITaxon:211267"", ""NCBI:211267"", ""https://tree.opentreeoflife.org/opentree/ottol@328183"", ""GBIF:2282644"")","RO:0002470","eats","NCBI:2157","Archaea",NA,"gratin:hedde_misc1","family","nematodes"
"Dorylaimidae",NA,"Mesodorylaimus","c(""NCBITaxon:211267"", ""NCBI:211267"", ""https://tree.opentreeoflife.org/opentree/ottol@328183"", ""GBIF:2282644"")","RO:0002470","eats","GBIF:7","Protozoa",NA,"gratin:hedde_misc1","family","nematodes"
"Dorylaimidae",NA,"Mesodorylaimus","c(""NCBITaxon:211267"", ""NCBI:211267"", ""https://tree.opentreeoflife.org/opentree/ottol@328183"", ""GBIF:2282644"")","RO:0002470","eats","NCBI:10190","Rotifera",NA,"gratin:hedde_misc1","family","nematodes"
"Dorylaimidae",NA,"Mesodorylaimus","c(""NCBITaxon:211267"", ""NCBI:211267"", ""https://tree.opentreeoflife.org/opentree/ottol@328183"", ""GBIF:2282644"")","RO:0002470","eats","NCBI:58023","Tracheophyta",NA,"gratin:hedde_misc1","family","nematodes"
"Dorylaimidae",NA,"Mesodorylaimus","c(""NCBITaxon:211267"", ""NCBI:211267"", ""https://tree.opentreeoflife.org/opentree/ottol@328183"", ""GBIF:2282644"")","RO:0002470","eats","NCBI:4751","Fungi",NA,"gratin:hedde_misc1","family","nematodes"
"Dorylaimidae",NA,"Mesodorylaimus","c(""NCBITaxon:211267"", ""NCBI:211267"", ""https://tree.opentreeoflife.org/opentree/ottol@328183"", ""GBIF:2282644"")","RO:0002470","eats","NCBI:3208","Bryophyta",NA,"gratin:hedde_misc1","family","nematodes"
"Dorylaimidae",NA,"Mesodorylaimus","c(""NCBITaxon:211267"", ""NCBI:211267"", ""https://tree.opentreeoflife.org/opentree/ottol@328183"", ""GBIF:2282644"")","RO:0002470","eats","NCBI:3041","Chlorophyta",NA,"gratin:hedde_misc1","family","nematodes"
"Dorylaimidae",NA,"Mesodorylaimus","c(""NCBITaxon:211267"", ""NCBI:211267"", ""https://tree.opentreeoflife.org/opentree/ottol@328183"", ""GBIF:2282644"")","RO:0002470","eats","NCBI:6231","Nematoda",NA,"gratin:hedde_misc1","family","nematodes"
"Dorylaimidae",NA,"Mesodorylaimus","c(""NCBITaxon:211267"", ""NCBI:211267"", ""https://tree.opentreeoflife.org/opentree/ottol@328183"", ""GBIF:2282644"")","RO:0002470","eats","NCBI:6388","Enchytraeidae",NA,"gratin:hedde_misc1","family","nematodes"
"Dorylaimidae",NA,"Mesodorylaimus","c(""NCBITaxon:211267"", ""NCBI:211267"", ""https://tree.opentreeoflife.org/opentree/ottol@328183"", ""GBIF:2282644"")","RO:0002470","eats","NCBI:2","Bacteria",NA,"gratin:hedde_misc1","family","nematodes"
"Dorylaimidae",NA,"Mesodorylaimus","c(""NCBITaxon:211267"", ""NCBI:211267"", ""https://tree.opentreeoflife.org/opentree/ottol@328183"", ""GBIF:2282644"")","RO:0002470","eats","GBIF:3565","Enchytraeidae",NA,"gratin:nematrait","family","nematodes"
"Dorylaimidae",NA,"Mesodorylaimus","c(""NCBITaxon:211267"", ""NCBI:211267"", ""https://tree.opentreeoflife.org/opentree/ottol@328183"", ""GBIF:2282644"")","RO:0002470","eats","GBIF:7","Protozoa",NA,"gratin:nematrait","family","nematodes"
"Dorylaimidae",NA,"Mesodorylaimus","c(""NCBITaxon:211267"", ""NCBI:211267"", ""https://tree.opentreeoflife.org/opentree/ottol@328183"", ""GBIF:2282644"")","RO:0002470","eats","GBIF:68","Cyanobacteria",NA,"gratin:nematrait","family","nematodes"
"Dorylaimidae",NA,"Mesodorylaimus","c(""NCBITaxon:211267"", ""NCBI:211267"", ""https://tree.opentreeoflife.org/opentree/ottol@328183"", ""GBIF:2282644"")","RO:0002470","eats","GBIF:36","Chlorophyta",NA,"gratin:nematrait","family","nematodes"
"Dorylaimidae",NA,"Mesodorylaimus","c(""NCBITaxon:211267"", ""NCBI:211267"", ""https://tree.opentreeoflife.org/opentree/ottol@328183"", ""GBIF:2282644"")","RO:0002470","eats","GBIF:70","Haptophyta",NA,"gratin:nematrait","family","nematodes"
"Dorylaimidae",NA,"Mesodorylaimus","c(""NCBITaxon:211267"", ""NCBI:211267"", ""https://tree.opentreeoflife.org/opentree/ottol@328183"", ""GBIF:2282644"")","RO:0002470","eats","GBIF:35","Bryophyta",NA,"gratin:nematrait","family","nematodes"
"Dorylaimidae",NA,"Mesodorylaimus","c(""NCBITaxon:211267"", ""NCBI:211267"", ""https://tree.opentreeoflife.org/opentree/ottol@328183"", ""GBIF:2282644"")","RO:0002470","eats","GBIF:4","Chromista",NA,"gratin:nematrait","family","nematodes"
"Dorylaimidae",NA,"Mesodorylaimus","c(""NCBITaxon:211267"", ""NCBI:211267"", ""https://tree.opentreeoflife.org/opentree/ottol@328183"", ""GBIF:2282644"")","RO:0002470","eats","GBIF:98","Ochrophyta",NA,"gratin:nematrait","family","nematodes"
"Dorylaimidae",NA,"Mesodorylaimus","c(""NCBITaxon:211267"", ""NCBI:211267"", ""https://tree.opentreeoflife.org/opentree/ottol@328183"", ""GBIF:2282644"")","RO:0002470","eats","GBIF:5","Fungi",NA,"gratin:nematrait","family","nematodes"
"Hoplolaimidae",NA,"Rotylenchus","c(""NCBITaxon:288490"", ""NCBI:288490"", ""GBIF:2284116"", ""https://tree.opentreeoflife.org/opentree/ottol@705313"")","RO:0002444","parasite of","GBIF:7707728","Tracheophyta",NA,"gratin:nematrait","family","nematodes"
"Hoplolaimidae",NA,"Rotylenchulus","c(""NCBITaxon:211163"", ""NCBI:211163"", ""https://tree.opentreeoflife.org/opentree/ottol@507770"", ""GBIF:4281844"")","RO:0002444","parasite of","NCBI:58023","Tracheophyta",NA,"gratin:hedde_misc1","family","nematodes"
"Hoplolaimidae",NA,"Rotylenchulus","c(""NCBITaxon:211163"", ""NCBI:211163"", ""https://tree.opentreeoflife.org/opentree/ottol@507770"", ""GBIF:4281844"")","RO:0002444","parasite of","GBIF:7707728","Tracheophyta",NA,"gratin:nematrait","family","nematodes"
"Hoplolaimidae",NA,"Helicotylenchus","c(""NCBITaxon:293581"", ""NCBI:293581"", ""https://tree.opentreeoflife.org/opentree/ottol@911115"", ""GBIF:2284094"")","RO:0002444","parasite of","NCBI:58023","Tracheophyta",NA,"gratin:hedde_misc1","family","nematodes"
"Trichodoridae",NA,"Trichodorus","c(""NCBITaxon:70243"", ""NCBI:70243"", ""GBIF:2279607"", ""https://tree.opentreeoflife.org/opentree/ottol@1017669"")","RO:0002444","parasite of","GBIF:7707728","Tracheophyta",NA,"gratin:nematrait","family","nematodes"
"Tylenchidae",NA,"Filenchus","c(""NCBITaxon:290120"", ""NCBI:290120"", ""https://tree.opentreeoflife.org/opentree/ottol@448676"", ""GBIF:2284160"")","RO:0002470","eats","GBIF:5","Fungi",NA,"gratin:nematrait","family","nematodes"
"Tylenchidae",NA,"Sakia","c(""NCBITaxon:1470175"", ""NCBI:1470175"", ""https://tree.opentreeoflife.org/opentree/ottol@3592570"")","RO:0002470","eats","GBIF:98","Ochrophyta",NA,"gratin:nematrait","family","nematodes"
"Tylenchidae",NA,"Sakia","c(""NCBITaxon:1470175"", ""NCBI:1470175"", ""https://tree.opentreeoflife.org/opentree/ottol@3592570"")","RO:0002470","eats","GBIF:68","Cyanobacteria",NA,"gratin:nematrait","family","nematodes"
"Tylenchidae",NA,"Sakia","c(""NCBITaxon:1470175"", ""NCBI:1470175"", ""https://tree.opentreeoflife.org/opentree/ottol@3592570"")","RO:0002470","eats","GBIF:36","Chlorophyta",NA,"gratin:nematrait","family","nematodes"
"Tylenchidae",NA,"Sakia","c(""NCBITaxon:1470175"", ""NCBI:1470175"", ""https://tree.opentreeoflife.org/opentree/ottol@3592570"")","RO:0002470","eats","GBIF:70","Haptophyta",NA,"gratin:nematrait","family","nematodes"
"Tylenchidae",NA,"Sakia","c(""NCBITaxon:1470175"", ""NCBI:1470175"", ""https://tree.opentreeoflife.org/opentree/ottol@3592570"")","RO:0002470","eats","GBIF:35","Bryophyta",NA,"gratin:nematrait","family","nematodes"
"Tylenchidae",NA,"Sakia","c(""NCBITaxon:1470175"", ""NCBI:1470175"", ""https://tree.opentreeoflife.org/opentree/ottol@3592570"")","RO:0002470","eats","GBIF:7707728","Tracheophyta",NA,"gratin:nematrait","family","nematodes"
"Tylenchidae",NA,"Sakia","c(""NCBITaxon:1470175"", ""NCBI:1470175"", ""https://tree.opentreeoflife.org/opentree/ottol@3592570"")","RO:0002470","eats","GBIF:5","Fungi",NA,"gratin:nematrait","family","nematodes"
"Tylenchidae",NA,"Basiria","c(""NCBITaxon:312619"", ""NCBI:312619"", ""GBIF:3249175"", ""https://tree.opentreeoflife.org/opentree/ottol@411824"")","RO:0002470","eats","NCBI:58023","Tracheophyta",NA,"gratin:hedde_misc1","family","nematodes"
"Tylenchidae",NA,"Basiria","c(""NCBITaxon:312619"", ""NCBI:312619"", ""GBIF:3249175"", ""https://tree.opentreeoflife.org/opentree/ottol@411824"")","RO:0002470","eats","NCBI:3208","Bryophyta",NA,"gratin:hedde_misc1","family","nematodes"
"Tylenchidae",NA,"Cephalenchus","c(""NCBITaxon:293569"", ""NCBI:293569"", ""https://tree.opentreeoflife.org/opentree/ottol@759317"", ""GBIF:2284175"")","RO:0002470","eats","GBIF:7707728","Tracheophyta",NA,"gratin:nematrait","family","nematodes"
"Tylenchidae",NA,"Cephalenchus","c(""NCBITaxon:293569"", ""NCBI:293569"", ""https://tree.opentreeoflife.org/opentree/ottol@759317"", ""GBIF:2284175"")","RO:0002470","eats","GBIF:70","Haptophyta",NA,"gratin:nematrait","family","nematodes"
"Tylenchidae",NA,"Cephalenchus","c(""NCBITaxon:293569"", ""NCBI:293569"", ""https://tree.opentreeoflife.org/opentree/ottol@759317"", ""GBIF:2284175"")","RO:0002470","eats","GBIF:68","Cyanobacteria",NA,"gratin:nematrait","family","nematodes"
"Tylenchidae",NA,"Cephalenchus","c(""NCBITaxon:293569"", ""NCBI:293569"", ""https://tree.opentreeoflife.org/opentree/ottol@759317"", ""GBIF:2284175"")","RO:0002470","eats","GBIF:98","Ochrophyta",NA,"gratin:nematrait","family","nematodes"
"Tylenchidae",NA,"Cephalenchus","c(""NCBITaxon:293569"", ""NCBI:293569"", ""https://tree.opentreeoflife.org/opentree/ottol@759317"", ""GBIF:2284175"")","RO:0002470","eats","GBIF:35","Bryophyta",NA,"gratin:nematrait","family","nematodes"
"Tylenchidae",NA,"Cephalenchus","c(""NCBITaxon:293569"", ""NCBI:293569"", ""https://tree.opentreeoflife.org/opentree/ottol@759317"", ""GBIF:2284175"")","RO:0002470","eats","GBIF:36","Chlorophyta",NA,"gratin:nematrait","family","nematodes"
"Tylenchidae",NA,"Cephalenchus","c(""NCBITaxon:293569"", ""NCBI:293569"", ""https://tree.opentreeoflife.org/opentree/ottol@759317"", ""GBIF:2284175"")","RO:0002470","eats","GBIF:5","Fungi",NA,"gratin:nematrait","family","nematodes"
"Tylenchidae",NA,"Malenchus","c(""NCBITaxon:293562"", ""NCBI:293562"", ""https://tree.opentreeoflife.org/opentree/ottol@759300"", ""GBIF:4406178"")","RO:0002470","eats","GBIF:5","Fungi",NA,"gratin:nematrait","family","nematodes"
"Tylenchidae",NA,"Malenchus","c(""NCBITaxon:293562"", ""NCBI:293562"", ""https://tree.opentreeoflife.org/opentree/ottol@759300"", ""GBIF:4406178"")","RO:0002470","eats","GBIF:70","Haptophyta",NA,"gratin:nematrait","family","nematodes"
"Tylenchidae",NA,"Malenchus","c(""NCBITaxon:293562"", ""NCBI:293562"", ""https://tree.opentreeoflife.org/opentree/ottol@759300"", ""GBIF:4406178"")","RO:0002470","eats","GBIF:36","Chlorophyta",NA,"gratin:nematrait","family","nematodes"
"Tylenchidae",NA,"Malenchus","c(""NCBITaxon:293562"", ""NCBI:293562"", ""https://tree.opentreeoflife.org/opentree/ottol@759300"", ""GBIF:4406178"")","RO:0002470","eats","GBIF:98","Ochrophyta",NA,"gratin:nematrait","family","nematodes"
"Tylenchidae",NA,"Malenchus","c(""NCBITaxon:293562"", ""NCBI:293562"", ""https://tree.opentreeoflife.org/opentree/ottol@759300"", ""GBIF:4406178"")","RO:0002470","eats","GBIF:68","Cyanobacteria",NA,"gratin:nematrait","family","nematodes"
"Tylenchidae",NA,"Malenchus","c(""NCBITaxon:293562"", ""NCBI:293562"", ""https://tree.opentreeoflife.org/opentree/ottol@759300"", ""GBIF:4406178"")","RO:0002470","eats","GBIF:35","Bryophyta",NA,"gratin:nematrait","family","nematodes"
"Tylenchidae",NA,"Malenchus","c(""NCBITaxon:293562"", ""NCBI:293562"", ""https://tree.opentreeoflife.org/opentree/ottol@759300"", ""GBIF:4406178"")","RO:0002470","eats","GBIF:7707728","Tracheophyta",NA,"gratin:nematrait","family","nematodes"
"Tylenchidae",NA,"Tylenchus","c(""NCBITaxon:211181"", ""NCBI:211181"", ""https://tree.opentreeoflife.org/opentree/ottol@923405"", ""GBIF:4281839"")","RO:0002444","parasite of","NCBI:58023","Tracheophyta",NA,"gratin:hedde_misc1","family","nematodes"
"Tylenchidae",NA,"Tylenchus","c(""NCBITaxon:211181"", ""NCBI:211181"", ""https://tree.opentreeoflife.org/opentree/ottol@923405"", ""GBIF:4281839"")","RO:0002470","eats","GBIF:7707728","Tracheophyta",NA,"gratin:nematrait","family","nematodes"
"Tylenchidae",NA,"Tylenchus","c(""NCBITaxon:211181"", ""NCBI:211181"", ""https://tree.opentreeoflife.org/opentree/ottol@923405"", ""GBIF:4281839"")","RO:0002470","eats","GBIF:5","Fungi",NA,"gratin:nematrait","family","nematodes"
"Tylenchidae",NA,"Tylenchus","c(""NCBITaxon:211181"", ""NCBI:211181"", ""https://tree.opentreeoflife.org/opentree/ottol@923405"", ""GBIF:4281839"")","RO:0002470","eats","GBIF:70","Haptophyta",NA,"gratin:nematrait","family","nematodes"
"Tylenchidae",NA,"Tylenchus","c(""NCBITaxon:211181"", ""NCBI:211181"", ""https://tree.opentreeoflife.org/opentree/ottol@923405"", ""GBIF:4281839"")","RO:0002470","eats","GBIF:36","Chlorophyta",NA,"gratin:nematrait","family","nematodes"
"Tylenchidae",NA,"Tylenchus","c(""NCBITaxon:211181"", ""NCBI:211181"", ""https://tree.opentreeoflife.org/opentree/ottol@923405"", ""GBIF:4281839"")","RO:0002470","eats","GBIF:98","Ochrophyta",NA,"gratin:nematrait","family","nematodes"
"Tylenchidae",NA,"Tylenchus","c(""NCBITaxon:211181"", ""NCBI:211181"", ""https://tree.opentreeoflife.org/opentree/ottol@923405"", ""GBIF:4281839"")","RO:0002470","eats","GBIF:68","Cyanobacteria",NA,"gratin:nematrait","family","nematodes"
"Tylenchidae",NA,"Tylenchus","c(""NCBITaxon:211181"", ""NCBI:211181"", ""https://tree.opentreeoflife.org/opentree/ottol@923405"", ""GBIF:4281839"")","RO:0002470","eats","GBIF:35","Bryophyta",NA,"gratin:nematrait","family","nematodes"
"Tylenchidae",NA,"Irantylenchus","c(""NCBITaxon:1538508"", ""NCBI:1538508"", ""GBIF:4406009"", ""https://tree.opentreeoflife.org/opentree/ottol@3592748"")","RO:0002470","eats","GBIF:35","Bryophyta",NA,"gratin:nematrait","family","nematodes"
"Tylenchidae",NA,"Irantylenchus","c(""NCBITaxon:1538508"", ""NCBI:1538508"", ""GBIF:4406009"", ""https://tree.opentreeoflife.org/opentree/ottol@3592748"")","RO:0002470","eats","GBIF:70","Haptophyta",NA,"gratin:nematrait","family","nematodes"
"Tylenchidae",NA,"Irantylenchus","c(""NCBITaxon:1538508"", ""NCBI:1538508"", ""GBIF:4406009"", ""https://tree.opentreeoflife.org/opentree/ottol@3592748"")","RO:0002470","eats","GBIF:98","Ochrophyta",NA,"gratin:nematrait","family","nematodes"
"Tylenchidae",NA,"Irantylenchus","c(""NCBITaxon:1538508"", ""NCBI:1538508"", ""GBIF:4406009"", ""https://tree.opentreeoflife.org/opentree/ottol@3592748"")","RO:0002470","eats","GBIF:68","Cyanobacteria",NA,"gratin:nematrait","family","nematodes"
"Tylenchidae",NA,"Irantylenchus","c(""NCBITaxon:1538508"", ""NCBI:1538508"", ""GBIF:4406009"", ""https://tree.opentreeoflife.org/opentree/ottol@3592748"")","RO:0002470","eats","GBIF:5","Fungi",NA,"gratin:nematrait","family","nematodes"
"Tylenchidae",NA,"Irantylenchus","c(""NCBITaxon:1538508"", ""NCBI:1538508"", ""GBIF:4406009"", ""https://tree.opentreeoflife.org/opentree/ottol@3592748"")","RO:0002470","eats","GBIF:7707728","Tracheophyta",NA,"gratin:nematrait","family","nematodes"
"Tylenchidae",NA,"Irantylenchus","c(""NCBITaxon:1538508"", ""NCBI:1538508"", ""GBIF:4406009"", ""https://tree.opentreeoflife.org/opentree/ottol@3592748"")","RO:0002470","eats","GBIF:36","Chlorophyta",NA,"gratin:nematrait","family","nematodes"
"Tylenchidae",NA,"Discotylenchus","c(""NCBITaxon:1582099"", ""NCBI:1582099"", ""https://tree.opentreeoflife.org/opentree/ottol@3591982"", ""GBIF:4407189"")","RO:0002470","eats","GBIF:98","Ochrophyta",NA,"gratin:nematrait","family","nematodes"
"Tylenchidae",NA,"Discotylenchus","c(""NCBITaxon:1582099"", ""NCBI:1582099"", ""https://tree.opentreeoflife.org/opentree/ottol@3591982"", ""GBIF:4407189"")","RO:0002470","eats","GBIF:68","Cyanobacteria",NA,"gratin:nematrait","family","nematodes"
"Tylenchidae",NA,"Discotylenchus","c(""NCBITaxon:1582099"", ""NCBI:1582099"", ""https://tree.opentreeoflife.org/opentree/ottol@3591982"", ""GBIF:4407189"")","RO:0002470","eats","GBIF:70","Haptophyta",NA,"gratin:nematrait","family","nematodes"
"Tylenchidae",NA,"Discotylenchus","c(""NCBITaxon:1582099"", ""NCBI:1582099"", ""https://tree.opentreeoflife.org/opentree/ottol@3591982"", ""GBIF:4407189"")","RO:0002470","eats","GBIF:36","Chlorophyta",NA,"gratin:nematrait","family","nematodes"
"Tylenchidae",NA,"Discotylenchus","c(""NCBITaxon:1582099"", ""NCBI:1582099"", ""https://tree.opentreeoflife.org/opentree/ottol@3591982"", ""GBIF:4407189"")","RO:0002470","eats","GBIF:35","Bryophyta",NA,"gratin:nematrait","family","nematodes"
"Tylenchidae",NA,"Discotylenchus","c(""NCBITaxon:1582099"", ""NCBI:1582099"", ""https://tree.opentreeoflife.org/opentree/ottol@3591982"", ""GBIF:4407189"")","RO:0002470","eats","GBIF:7707728","Tracheophyta",NA,"gratin:nematrait","family","nematodes"
"Tylenchidae",NA,"Discotylenchus","c(""NCBITaxon:1582099"", ""NCBI:1582099"", ""https://tree.opentreeoflife.org/opentree/ottol@3591982"", ""GBIF:4407189"")","RO:0002470","eats","GBIF:5","Fungi",NA,"gratin:nematrait","family","nematodes"
"Tylenchidae",NA,"Miculenchus","c(""NCBITaxon:647156"", ""NCBI:647156"", ""https://tree.opentreeoflife.org/opentree/ottol@137498"", ""GBIF:4555995"")","RO:0002470","eats","GBIF:68","Cyanobacteria",NA,"gratin:nematrait","family","nematodes"
"Tylenchidae",NA,"Miculenchus","c(""NCBITaxon:647156"", ""NCBI:647156"", ""https://tree.opentreeoflife.org/opentree/ottol@137498"", ""GBIF:4555995"")","RO:0002470","eats","GBIF:98","Ochrophyta",NA,"gratin:nematrait","family","nematodes"
"Tylenchidae",NA,"Miculenchus","c(""NCBITaxon:647156"", ""NCBI:647156"", ""https://tree.opentreeoflife.org/opentree/ottol@137498"", ""GBIF:4555995"")","RO:0002470","eats","GBIF:70","Haptophyta",NA,"gratin:nematrait","family","nematodes"
"Tylenchidae",NA,"Miculenchus","c(""NCBITaxon:647156"", ""NCBI:647156"", ""https://tree.opentreeoflife.org/opentree/ottol@137498"", ""GBIF:4555995"")","RO:0002470","eats","GBIF:36","Chlorophyta",NA,"gratin:nematrait","family","nematodes"
"Tylenchidae",NA,"Miculenchus","c(""NCBITaxon:647156"", ""NCBI:647156"", ""https://tree.opentreeoflife.org/opentree/ottol@137498"", ""GBIF:4555995"")","RO:0002470","eats","GBIF:5","Fungi",NA,"gratin:nematrait","family","nematodes"
"Tylenchidae",NA,"Miculenchus","c(""NCBITaxon:647156"", ""NCBI:647156"", ""https://tree.opentreeoflife.org/opentree/ottol@137498"", ""GBIF:4555995"")","RO:0002470","eats","GBIF:35","Bryophyta",NA,"gratin:nematrait","family","nematodes"
"Tylenchidae",NA,"Miculenchus","c(""NCBITaxon:647156"", ""NCBI:647156"", ""https://tree.opentreeoflife.org/opentree/ottol@137498"", ""GBIF:4555995"")","RO:0002470","eats","GBIF:7707728","Tracheophyta",NA,"gratin:nematrait","family","nematodes"
"Tylenchidae",NA,"Neopsilenchus","c(""NCBITaxon:239353"", ""NCBI:239353"", ""https://tree.opentreeoflife.org/opentree/ottol@346594"", ""GBIF:4405846"")","RO:0002470","eats","NCBI:3208","Bryophyta",NA,"gratin:hedde_misc1","family","nematodes"
"Tylenchidae",NA,"Neopsilenchus","c(""NCBITaxon:239353"", ""NCBI:239353"", ""https://tree.opentreeoflife.org/opentree/ottol@346594"", ""GBIF:4405846"")","RO:0002470","eats","NCBI:58023","Tracheophyta",NA,"gratin:hedde_misc1","family","nematodes"
"Tylenchidae",NA,"Neopsilenchus","c(""NCBITaxon:239353"", ""NCBI:239353"", ""https://tree.opentreeoflife.org/opentree/ottol@346594"", ""GBIF:4405846"")","RO:0002470","eats","GBIF:98","Ochrophyta",NA,"gratin:nematrait","family","nematodes"
"Tylenchidae",NA,"Neopsilenchus","c(""NCBITaxon:239353"", ""NCBI:239353"", ""https://tree.opentreeoflife.org/opentree/ottol@346594"", ""GBIF:4405846"")","RO:0002470","eats","GBIF:70","Haptophyta",NA,"gratin:nematrait","family","nematodes"
"Tylenchidae",NA,"Neopsilenchus","c(""NCBITaxon:239353"", ""NCBI:239353"", ""https://tree.opentreeoflife.org/opentree/ottol@346594"", ""GBIF:4405846"")","RO:0002470","eats","GBIF:36","Chlorophyta",NA,"gratin:nematrait","family","nematodes"
"Tylenchidae",NA,"Neopsilenchus","c(""NCBITaxon:239353"", ""NCBI:239353"", ""https://tree.opentreeoflife.org/opentree/ottol@346594"", ""GBIF:4405846"")","RO:0002470","eats","GBIF:68","Cyanobacteria",NA,"gratin:nematrait","family","nematodes"
"Tylenchidae",NA,"Neopsilenchus","c(""NCBITaxon:239353"", ""NCBI:239353"", ""https://tree.opentreeoflife.org/opentree/ottol@346594"", ""GBIF:4405846"")","RO:0002470","eats","GBIF:5","Fungi",NA,"gratin:nematrait","family","nematodes"
"Tylenchidae",NA,"Neopsilenchus","c(""NCBITaxon:239353"", ""NCBI:239353"", ""https://tree.opentreeoflife.org/opentree/ottol@346594"", ""GBIF:4405846"")","RO:0002470","eats","GBIF:35","Bryophyta",NA,"gratin:nematrait","family","nematodes"
"Tylenchidae",NA,"Neopsilenchus","c(""NCBITaxon:239353"", ""NCBI:239353"", ""https://tree.opentreeoflife.org/opentree/ottol@346594"", ""GBIF:4405846"")","RO:0002470","eats","GBIF:7707728","Tracheophyta",NA,"gratin:nematrait","family","nematodes"
"Tylenchidae",NA,"Aglenchus","c(""NCBITaxon:239366"", ""NCBI:239366"", ""https://tree.opentreeoflife.org/opentree/ottol@921792"", ""GBIF:4281838"")","RO:0002470","eats","GBIF:68","Cyanobacteria",NA,"gratin:nematrait","family","nematodes"
"Tylenchidae",NA,"Aglenchus","c(""NCBITaxon:239366"", ""NCBI:239366"", ""https://tree.opentreeoflife.org/opentree/ottol@921792"", ""GBIF:4281838"")","RO:0002470","eats","GBIF:70","Haptophyta",NA,"gratin:nematrait","family","nematodes"
"Tylenchidae",NA,"Aglenchus","c(""NCBITaxon:239366"", ""NCBI:239366"", ""https://tree.opentreeoflife.org/opentree/ottol@921792"", ""GBIF:4281838"")","RO:0002470","eats","GBIF:98","Ochrophyta",NA,"gratin:nematrait","family","nematodes"
"Tylenchidae",NA,"Aglenchus","c(""NCBITaxon:239366"", ""NCBI:239366"", ""https://tree.opentreeoflife.org/opentree/ottol@921792"", ""GBIF:4281838"")","RO:0002470","eats","GBIF:7707728","Tracheophyta",NA,"gratin:nematrait","family","nematodes"
"Tylenchidae",NA,"Aglenchus","c(""NCBITaxon:239366"", ""NCBI:239366"", ""https://tree.opentreeoflife.org/opentree/ottol@921792"", ""GBIF:4281838"")","RO:0002470","eats","GBIF:5","Fungi",NA,"gratin:nematrait","family","nematodes"
"Tylenchidae",NA,"Aglenchus","c(""NCBITaxon:239366"", ""NCBI:239366"", ""https://tree.opentreeoflife.org/opentree/ottol@921792"", ""GBIF:4281838"")","RO:0002470","eats","GBIF:36","Chlorophyta",NA,"gratin:nematrait","family","nematodes"
"Tylenchidae",NA,"Aglenchus","c(""NCBITaxon:239366"", ""NCBI:239366"", ""https://tree.opentreeoflife.org/opentree/ottol@921792"", ""GBIF:4281838"")","RO:0002470","eats","GBIF:35","Bryophyta",NA,"gratin:nematrait","family","nematodes"
"Tylenchidae",NA,"Boleodorus","c(""NCBITaxon:288504"", ""NCBI:288504"", ""https://tree.opentreeoflife.org/opentree/ottol@403631"", ""GBIF:2284001"")","RO:0002470","eats","NCBI:3208","Bryophyta",NA,"gratin:hedde_misc1","family","nematodes"
"Tylenchidae",NA,"Boleodorus","c(""NCBITaxon:288504"", ""NCBI:288504"", ""https://tree.opentreeoflife.org/opentree/ottol@403631"", ""GBIF:2284001"")","RO:0002470","eats","NCBI:58023","Tracheophyta",NA,"gratin:hedde_misc1","family","nematodes"
"Mylonchulidae",NA,"Mylonchulus","c(""NCBITaxon:70233"", ""NCBI:70233"", ""GBIF:2282543"", ""https://tree.opentreeoflife.org/opentree/ottol@441134"")","RO:0002470","eats","GBIF:7","Protozoa",NA,"gratin:nematrait","family","nematodes"
"Mylonchulidae",NA,"Mylonchulus","c(""NCBITaxon:70233"", ""NCBI:70233"", ""GBIF:2282543"", ""https://tree.opentreeoflife.org/opentree/ottol@441134"")","RO:0002470","eats","GBIF:5967481","Nematoda",NA,"gratin:nematrait","family","nematodes"
"Mylonchulidae",NA,"Mylonchulus","c(""NCBITaxon:70233"", ""NCBI:70233"", ""GBIF:2282543"", ""https://tree.opentreeoflife.org/opentree/ottol@441134"")","RO:0002470","eats","GBIF:4","Chromista",NA,"gratin:nematrait","family","nematodes"
"Mylonchulidae",NA,"Mylonchulus","c(""NCBITaxon:70233"", ""NCBI:70233"", ""GBIF:2282543"", ""https://tree.opentreeoflife.org/opentree/ottol@441134"")","RO:0002470","eats","GBIF:3565","Enchytraeidae",NA,"gratin:nematrait","family","nematodes"
