"","queryName","queryId","matchName","matchId","dietId","dietName","reference","graph"
"1","Polymyxa","NA","Polymyxa graminis","c(""NCBITaxon:70182"", ""GBIF:3204289"", ""https://tree.opentreeoflife.org/opentree/ottol@41882"", ""NCBI:70182"")","SFWO:0000489","symbiotrophic","NA","onto:implicit"
"2","Polymyxa","NA","Polymyxa graminis","c(""NCBITaxon:70182"", ""GBIF:3204289"", ""https://tree.opentreeoflife.org/opentree/ottol@41882"", ""NCBI:70182"")","SFWO:0000520","parasitic","NA","onto:implicit"
"3","Polymyxa","NA","Polymyxa graminis","c(""NCBITaxon:70182"", ""GBIF:3204289"", ""https://tree.opentreeoflife.org/opentree/ottol@41882"", ""NCBI:70182"")","SFWO:0000521","plant-parasitic","NA","onto:implicit"
"4","Polymyxa","NA","Polymyxa","c(""NCBITaxon:41455"", ""NCBI:41455"", ""GBIF:3204287"", ""https://tree.opentreeoflife.org/opentree/ottol@459896"")","SFWO:0000489","symbiotrophic","NA","onto:implicit"
"5","Polymyxa","NA","Polymyxa","c(""NCBITaxon:41455"", ""NCBI:41455"", ""GBIF:3204287"", ""https://tree.opentreeoflife.org/opentree/ottol@459896"")","SFWO:0000520","parasitic","NA","onto:implicit"
"6","Polymyxa","NA","Polymyxa","c(""NCBITaxon:41455"", ""NCBI:41455"", ""GBIF:3204287"", ""https://tree.opentreeoflife.org/opentree/ottol@459896"")","SFWO:0000521","plant-parasitic","NA","onto:implicit"
"7","Polymyxa","NA","Polymyxa betae","c(""NCBITaxon:41456"", ""NCBI:41456"", ""https://tree.opentreeoflife.org/opentree/ottol@459900"", ""GBIF:3204288"")","SFWO:0000489","symbiotrophic","NA","onto:implicit"
"8","Polymyxa","NA","Polymyxa betae","c(""NCBITaxon:41456"", ""NCBI:41456"", ""https://tree.opentreeoflife.org/opentree/ottol@459900"", ""GBIF:3204288"")","SFWO:0000520","parasitic","NA","onto:implicit"
"9","Polymyxa","NA","Polymyxa betae","c(""NCBITaxon:41456"", ""NCBI:41456"", ""https://tree.opentreeoflife.org/opentree/ottol@459900"", ""GBIF:3204288"")","SFWO:0000521","plant-parasitic","NA","onto:implicit"
"10","Rhogostoma","NA","Rhogostoma","c(""NCBITaxon:981201"", ""NCBI:981201"", ""https://tree.opentreeoflife.org/opentree/ottol@530173"")","SFWO:0000477","carnivorous","NA","onto:implicit"
"11","Rhogostoma","NA","Rhogostoma","c(""NCBITaxon:981201"", ""NCBI:981201"", ""https://tree.opentreeoflife.org/opentree/ottol@530173"")","SFWO:0000491","predaceous","NA","onto:implicit"
"12","Rhogostoma","NA","Rhogostoma","c(""NCBITaxon:981201"", ""NCBI:981201"", ""https://tree.opentreeoflife.org/opentree/ottol@530173"")","SFWO:0000486","omnivorous","NA","onto:implicit"
"13","Rhogostoma","NA","Rhogostoma epiphylla","c(""NCBITaxon:2018479"", ""NCBI:2018479"", ""https://tree.opentreeoflife.org/opentree/ottol@7529859"")","SFWO:0000477","carnivorous","NA","onto:implicit"
"14","Rhogostoma","NA","Rhogostoma epiphylla","c(""NCBITaxon:2018479"", ""NCBI:2018479"", ""https://tree.opentreeoflife.org/opentree/ottol@7529859"")","SFWO:0000491","predaceous","NA","onto:implicit"
"15","Rhogostoma","NA","Rhogostoma epiphylla","c(""NCBITaxon:2018479"", ""NCBI:2018479"", ""https://tree.opentreeoflife.org/opentree/ottol@7529859"")","SFWO:0000486","omnivorous","NA","onto:implicit"
"16","Rhogostoma","NA","Rhogostoma schuessleri","c(""NCBITaxon:981202"", ""NCBI:981202"", ""https://tree.opentreeoflife.org/opentree/ottol@530174"")","SFWO:0000477","carnivorous","NA","onto:implicit"
"17","Rhogostoma","NA","Rhogostoma schuessleri","c(""NCBITaxon:981202"", ""NCBI:981202"", ""https://tree.opentreeoflife.org/opentree/ottol@530174"")","SFWO:0000491","predaceous","NA","onto:implicit"
"18","Rhogostoma","NA","Rhogostoma schuessleri","c(""NCBITaxon:981202"", ""NCBI:981202"", ""https://tree.opentreeoflife.org/opentree/ottol@530174"")","SFWO:0000486","omnivorous","NA","onto:implicit"
"19","Kraken","NA","Kraken","c(""NCBITaxon:1862315"", ""NCBI:1862315"", ""https://tree.opentreeoflife.org/opentree/ottol@5986974"")","SFWO:0000476","bacterivorous","NA","onto:implicit"
"20","Kraken","NA","Kraken","c(""NCBITaxon:1862315"", ""NCBI:1862315"", ""https://tree.opentreeoflife.org/opentree/ottol@5986974"")","SFWO:0000485","microbivorous","NA","onto:implicit"
"21","Kraken","NA","Kraken","c(""NCBITaxon:1862315"", ""NCBI:1862315"", ""https://tree.opentreeoflife.org/opentree/ottol@5986974"")","SFWO:0000513","microphytophagous","NA","onto:implicit"
"22","Heteromita","NA","Heteromita","c(""NCBITaxon:45106"", ""NCBI:45106"", ""https://tree.opentreeoflife.org/opentree/ottol@554901"")","SFWO:0000476","bacterivorous","NA","onto:implicit"
"23","Heteromita","NA","Heteromita","c(""NCBITaxon:45106"", ""NCBI:45106"", ""https://tree.opentreeoflife.org/opentree/ottol@554901"")","SFWO:0000485","microbivorous","NA","onto:implicit"
"24","Heteromita","NA","Heteromita","c(""NCBITaxon:45106"", ""NCBI:45106"", ""https://tree.opentreeoflife.org/opentree/ottol@554901"")","SFWO:0000513","microphytophagous","NA","onto:implicit"
"25","Heteromita","NA","Heteromita","c(""NCBITaxon:45106"", ""NCBI:45106"", ""https://tree.opentreeoflife.org/opentree/ottol@554901"")","SFWO:0000477","carnivorous","NA","onto:implicit"
"26","Heteromita","NA","Heteromita","c(""NCBITaxon:45106"", ""NCBI:45106"", ""https://tree.opentreeoflife.org/opentree/ottol@554901"")","SFWO:0000491","predaceous","NA","onto:implicit"
"27","Heteromita","NA","Heteromita","c(""NCBITaxon:45106"", ""NCBI:45106"", ""https://tree.opentreeoflife.org/opentree/ottol@554901"")","SFWO:0000486","omnivorous","NA","onto:implicit"
"28","Cercomonas","NA","Cercomonas longicauda","c(""NCBITaxon:100933"", ""NCBI:100933"", ""https://tree.opentreeoflife.org/opentree/ottol@513901"", ""GBIF:3210224"")","SFWO:0000477","carnivorous","NA","onto:implicit"
"29","Cercomonas","NA","Cercomonas longicauda","c(""NCBITaxon:100933"", ""NCBI:100933"", ""https://tree.opentreeoflife.org/opentree/ottol@513901"", ""GBIF:3210224"")","SFWO:0000491","predaceous","NA","onto:implicit"
"30","Cercomonas","NA","Cercomonas longicauda","c(""NCBITaxon:100933"", ""NCBI:100933"", ""https://tree.opentreeoflife.org/opentree/ottol@513901"", ""GBIF:3210224"")","SFWO:0000486","omnivorous","NA","onto:implicit"
"31","Cercomonas","NA","Cercomonas","c(""NCBITaxon:45109"", ""NCBI:45109"", ""https://tree.opentreeoflife.org/opentree/ottol@554897"")","SFWO:0000476","bacterivorous","NA","onto:implicit"
"32","Cercomonas","NA","Cercomonas","c(""NCBITaxon:45109"", ""NCBI:45109"", ""https://tree.opentreeoflife.org/opentree/ottol@554897"")","SFWO:0000485","microbivorous","NA","onto:implicit"
"33","Cercomonas","NA","Cercomonas","c(""NCBITaxon:45109"", ""NCBI:45109"", ""https://tree.opentreeoflife.org/opentree/ottol@554897"")","SFWO:0000513","microphytophagous","NA","onto:implicit"
"34","Cercomonas","NA","Cercomonas","c(""NCBITaxon:45109"", ""NCBI:45109"", ""https://tree.opentreeoflife.org/opentree/ottol@554897"")","SFWO:0000477","carnivorous","NA","onto:implicit"
"35","Cercomonas","NA","Cercomonas","c(""NCBITaxon:45109"", ""NCBI:45109"", ""https://tree.opentreeoflife.org/opentree/ottol@554897"")","SFWO:0000491","predaceous","NA","onto:implicit"
"36","Cercomonas","NA","Cercomonas","c(""NCBITaxon:45109"", ""NCBI:45109"", ""https://tree.opentreeoflife.org/opentree/ottol@554897"")","SFWO:0000486","omnivorous","NA","onto:implicit"
"37","Cercomonas","NA","Cercomonas alexieffi","c(""NCBITaxon:188951"", ""NCBI:188951"", ""https://tree.opentreeoflife.org/opentree/ottol@644463"")","SFWO:0000477","carnivorous","NA","onto:implicit"
"38","Cercomonas","NA","Cercomonas alexieffi","c(""NCBITaxon:188951"", ""NCBI:188951"", ""https://tree.opentreeoflife.org/opentree/ottol@644463"")","SFWO:0000491","predaceous","NA","onto:implicit"
"39","Cercomonas","NA","Cercomonas alexieffi","c(""NCBITaxon:188951"", ""NCBI:188951"", ""https://tree.opentreeoflife.org/opentree/ottol@644463"")","SFWO:0000486","omnivorous","NA","onto:implicit"
"40","Cercomonas","NA","Cercomonas plasmodialis","c(""NCBITaxon:188953"", ""NCBI:188953"", ""https://tree.opentreeoflife.org/opentree/ottol@644461"")","SFWO:0000477","carnivorous","NA","onto:implicit"
"41","Cercomonas","NA","Cercomonas plasmodialis","c(""NCBITaxon:188953"", ""NCBI:188953"", ""https://tree.opentreeoflife.org/opentree/ottol@644461"")","SFWO:0000491","predaceous","NA","onto:implicit"
"42","Cercomonas","NA","Cercomonas plasmodialis","c(""NCBITaxon:188953"", ""NCBI:188953"", ""https://tree.opentreeoflife.org/opentree/ottol@644461"")","SFWO:0000486","omnivorous","NA","onto:implicit"
"43","Cercomonas","NA","Cercomonas zhukovi","c(""NCBITaxon:686692"", ""NCBI:686692"", ""https://tree.opentreeoflife.org/opentree/ottol@1004264"")","SFWO:0000477","carnivorous","NA","onto:implicit"
"44","Cercomonas","NA","Cercomonas zhukovi","c(""NCBITaxon:686692"", ""NCBI:686692"", ""https://tree.opentreeoflife.org/opentree/ottol@1004264"")","SFWO:0000491","predaceous","NA","onto:implicit"
"45","Cercomonas","NA","Cercomonas zhukovi","c(""NCBITaxon:686692"", ""NCBI:686692"", ""https://tree.opentreeoflife.org/opentree/ottol@1004264"")","SFWO:0000486","omnivorous","NA","onto:implicit"
"46","Cercomonas","NA","Cercomonas volcana","c(""NCBITaxon:686717"", ""NCBI:686717"", ""https://tree.opentreeoflife.org/opentree/ottol@873615"")","SFWO:0000477","carnivorous","NA","onto:implicit"
"47","Cercomonas","NA","Cercomonas volcana","c(""NCBITaxon:686717"", ""NCBI:686717"", ""https://tree.opentreeoflife.org/opentree/ottol@873615"")","SFWO:0000491","predaceous","NA","onto:implicit"
"48","Cercomonas","NA","Cercomonas volcana","c(""NCBITaxon:686717"", ""NCBI:686717"", ""https://tree.opentreeoflife.org/opentree/ottol@873615"")","SFWO:0000486","omnivorous","NA","onto:implicit"
"49","Cercomonas","NA","Cercomonas fastiga","c(""NCBITaxon:686724"", ""NCBI:686724"")","SFWO:0000477","carnivorous","NA","onto:implicit"
"50","Cercomonas","NA","Cercomonas fastiga","c(""NCBITaxon:686724"", ""NCBI:686724"")","SFWO:0000491","predaceous","NA","onto:implicit"
"51","Cercomonas","NA","Cercomonas fastiga","c(""NCBITaxon:686724"", ""NCBI:686724"")","SFWO:0000486","omnivorous","NA","onto:implicit"
"52","Cercomonas","NA","Cercomonas parincurva","c(""NCBITaxon:686733"", ""NCBI:686733"", ""https://tree.opentreeoflife.org/opentree/ottol@823105"")","SFWO:0000477","carnivorous","NA","onto:implicit"
"53","Cercomonas","NA","Cercomonas parincurva","c(""NCBITaxon:686733"", ""NCBI:686733"", ""https://tree.opentreeoflife.org/opentree/ottol@823105"")","SFWO:0000491","predaceous","NA","onto:implicit"
"54","Cercomonas","NA","Cercomonas parincurva","c(""NCBITaxon:686733"", ""NCBI:686733"", ""https://tree.opentreeoflife.org/opentree/ottol@823105"")","SFWO:0000486","omnivorous","NA","onto:implicit"
"55","Cercomonas","NA","Cercomonas celer","c(""NCBITaxon:686734"", ""NCBI:686734"")","SFWO:0000477","carnivorous","NA","onto:implicit"
"56","Cercomonas","NA","Cercomonas celer","c(""NCBITaxon:686734"", ""NCBI:686734"")","SFWO:0000491","predaceous","NA","onto:implicit"
"57","Cercomonas","NA","Cercomonas celer","c(""NCBITaxon:686734"", ""NCBI:686734"")","SFWO:0000486","omnivorous","NA","onto:implicit"
"58","Cercomonas","NA","Cercomonas radiata","c(""NCBITaxon:686736"", ""NCBI:686736"", ""https://tree.opentreeoflife.org/opentree/ottol@823100"")","SFWO:0000477","carnivorous","NA","onto:implicit"
"59","Cercomonas","NA","Cercomonas radiata","c(""NCBITaxon:686736"", ""NCBI:686736"", ""https://tree.opentreeoflife.org/opentree/ottol@823100"")","SFWO:0000491","predaceous","NA","onto:implicit"
"60","Cercomonas","NA","Cercomonas radiata","c(""NCBITaxon:686736"", ""NCBI:686736"", ""https://tree.opentreeoflife.org/opentree/ottol@823100"")","SFWO:0000486","omnivorous","NA","onto:implicit"
"61","Trinema","NA","Trinema","c(""NCBITaxon:178371"", ""NCBI:178371"", ""https://tree.opentreeoflife.org/opentree/ottol@875560"")","SFWO:0000476","bacterivorous","NA","onto:implicit"
"62","Trinema","NA","Trinema","c(""NCBITaxon:178371"", ""NCBI:178371"", ""https://tree.opentreeoflife.org/opentree/ottol@875560"")","SFWO:0000485","microbivorous","NA","onto:implicit"
"63","Trinema","NA","Trinema","c(""NCBITaxon:178371"", ""NCBI:178371"", ""https://tree.opentreeoflife.org/opentree/ottol@875560"")","SFWO:0000513","microphytophagous","NA","onto:implicit"
"64","Trinema","NA","Trinema","c(""NCBITaxon:178371"", ""NCBI:178371"", ""https://tree.opentreeoflife.org/opentree/ottol@875560"")","SFWO:0000487","protistivorous","NA","onto:implicit"
"65","Trinema","NA","Trinema","c(""NCBITaxon:178371"", ""NCBI:178371"", ""https://tree.opentreeoflife.org/opentree/ottol@875560"")","SFWO:0000477","carnivorous","NA","onto:implicit"
"66","Trinema","NA","Trinema","c(""NCBITaxon:178371"", ""NCBI:178371"", ""https://tree.opentreeoflife.org/opentree/ottol@875560"")","SFWO:0000491","predaceous","NA","onto:implicit"
"67","Trinema","NA","Trinema","c(""NCBITaxon:178371"", ""NCBI:178371"", ""https://tree.opentreeoflife.org/opentree/ottol@875560"")","SFWO:0000486","omnivorous","NA","onto:implicit"
"68","Trinema","NA","Trinema enchelys","c(""NCBITaxon:178372"", ""NCBI:178372"", ""https://tree.opentreeoflife.org/opentree/ottol@875561"", ""GBIF:5425542"")","SFWO:0000477","carnivorous","NA","onto:implicit"
"69","Trinema","NA","Trinema enchelys","c(""NCBITaxon:178372"", ""NCBI:178372"", ""https://tree.opentreeoflife.org/opentree/ottol@875561"", ""GBIF:5425542"")","SFWO:0000491","predaceous","NA","onto:implicit"
"70","Trinema","NA","Trinema enchelys","c(""NCBITaxon:178372"", ""NCBI:178372"", ""https://tree.opentreeoflife.org/opentree/ottol@875561"", ""GBIF:5425542"")","SFWO:0000486","omnivorous","NA","onto:implicit"
"71","Proleptomonas","NA","Proleptomonas","c(""NCBITaxon:149083"", ""NCBI:149083"", ""https://tree.opentreeoflife.org/opentree/ottol@150940"")","SFWO:0000476","bacterivorous","NA","onto:implicit"
"72","Proleptomonas","NA","Proleptomonas","c(""NCBITaxon:149083"", ""NCBI:149083"", ""https://tree.opentreeoflife.org/opentree/ottol@150940"")","SFWO:0000485","microbivorous","NA","onto:implicit"
"73","Proleptomonas","NA","Proleptomonas","c(""NCBITaxon:149083"", ""NCBI:149083"", ""https://tree.opentreeoflife.org/opentree/ottol@150940"")","SFWO:0000513","microphytophagous","NA","onto:implicit"
"74","Proleptomonas","NA","Proleptomonas faecicola","c(""NCBITaxon:149084"", ""NCBI:149084"", ""https://tree.opentreeoflife.org/opentree/ottol@150945"", ""GBIF:8069294"")","SFWO:0000476","bacterivorous","NA","onto:implicit"
"75","Proleptomonas","NA","Proleptomonas faecicola","c(""NCBITaxon:149084"", ""NCBI:149084"", ""https://tree.opentreeoflife.org/opentree/ottol@150945"", ""GBIF:8069294"")","SFWO:0000485","microbivorous","NA","onto:implicit"
"76","Proleptomonas","NA","Proleptomonas faecicola","c(""NCBITaxon:149084"", ""NCBI:149084"", ""https://tree.opentreeoflife.org/opentree/ottol@150945"", ""GBIF:8069294"")","SFWO:0000513","microphytophagous","NA","onto:implicit"
"77","Eocercomonas","NA","Eocercomonas perecta","c(""NCBITaxon:1043734"", ""NCBI:1043734"", ""https://tree.opentreeoflife.org/opentree/ottol@529102"")","SFWO:0000477","carnivorous","NA","onto:implicit"
"78","Eocercomonas","NA","Eocercomonas perecta","c(""NCBITaxon:1043734"", ""NCBI:1043734"", ""https://tree.opentreeoflife.org/opentree/ottol@529102"")","SFWO:0000491","predaceous","NA","onto:implicit"
"79","Eocercomonas","NA","Eocercomonas perecta","c(""NCBITaxon:1043734"", ""NCBI:1043734"", ""https://tree.opentreeoflife.org/opentree/ottol@529102"")","SFWO:0000486","omnivorous","NA","onto:implicit"
"80","Eocercomonas","NA","Eocercomonas","c(""NCBITaxon:321420"", ""NCBI:321420"", ""https://tree.opentreeoflife.org/opentree/ottol@339455"")","SFWO:0000476","bacterivorous","NA","onto:implicit"
"81","Eocercomonas","NA","Eocercomonas","c(""NCBITaxon:321420"", ""NCBI:321420"", ""https://tree.opentreeoflife.org/opentree/ottol@339455"")","SFWO:0000485","microbivorous","NA","onto:implicit"
"82","Eocercomonas","NA","Eocercomonas","c(""NCBITaxon:321420"", ""NCBI:321420"", ""https://tree.opentreeoflife.org/opentree/ottol@339455"")","SFWO:0000513","microphytophagous","NA","onto:implicit"
"83","Eocercomonas","NA","Eocercomonas","c(""NCBITaxon:321420"", ""NCBI:321420"", ""https://tree.opentreeoflife.org/opentree/ottol@339455"")","SFWO:0000477","carnivorous","NA","onto:implicit"
"84","Eocercomonas","NA","Eocercomonas","c(""NCBITaxon:321420"", ""NCBI:321420"", ""https://tree.opentreeoflife.org/opentree/ottol@339455"")","SFWO:0000491","predaceous","NA","onto:implicit"
"85","Eocercomonas","NA","Eocercomonas","c(""NCBITaxon:321420"", ""NCBI:321420"", ""https://tree.opentreeoflife.org/opentree/ottol@339455"")","SFWO:0000486","omnivorous","NA","onto:implicit"
"86","Eocercomonas","NA","Eocercomonas exploratorii","c(""NCBITaxon:1043735"", ""NCBI:1043735"", ""https://tree.opentreeoflife.org/opentree/ottol@529091"")","SFWO:0000477","carnivorous","NA","onto:implicit"
"87","Eocercomonas","NA","Eocercomonas exploratorii","c(""NCBITaxon:1043735"", ""NCBI:1043735"", ""https://tree.opentreeoflife.org/opentree/ottol@529091"")","SFWO:0000491","predaceous","NA","onto:implicit"
"88","Eocercomonas","NA","Eocercomonas exploratorii","c(""NCBITaxon:1043735"", ""NCBI:1043735"", ""https://tree.opentreeoflife.org/opentree/ottol@529091"")","SFWO:0000486","omnivorous","NA","onto:implicit"
"89","Euglypha","NA","Euglypha","c(""NCBITaxon:39713"", ""NCBI:39713"", ""GBIF:7313723"", ""https://tree.opentreeoflife.org/opentree/ottol@374755"")","SFWO:0000485","microbivorous","NA","onto:implicit"
"90","Euglypha","NA","Euglypha","c(""NCBITaxon:39713"", ""NCBI:39713"", ""GBIF:7313723"", ""https://tree.opentreeoflife.org/opentree/ottol@374755"")","SFWO:0000487","protistivorous","NA","onto:implicit"
"91","Euglypha","NA","Euglypha","c(""NCBITaxon:39713"", ""NCBI:39713"", ""GBIF:7313723"", ""https://tree.opentreeoflife.org/opentree/ottol@374755"")","SFWO:0000476","bacterivorous","NA","onto:implicit"
"92","Euglypha","NA","Euglypha","c(""NCBITaxon:39713"", ""NCBI:39713"", ""GBIF:7313723"", ""https://tree.opentreeoflife.org/opentree/ottol@374755"")","SFWO:0000513","microphytophagous","NA","onto:implicit"
"93","Euglypha","NA","Euglypha","c(""NCBITaxon:39713"", ""NCBI:39713"", ""GBIF:7313723"", ""https://tree.opentreeoflife.org/opentree/ottol@374755"")","SFWO:0000477","carnivorous","NA","onto:implicit"
"94","Euglypha","NA","Euglypha","c(""NCBITaxon:39713"", ""NCBI:39713"", ""GBIF:7313723"", ""https://tree.opentreeoflife.org/opentree/ottol@374755"")","SFWO:0000491","predaceous","NA","onto:implicit"
"95","Euglypha","NA","Euglypha","c(""NCBITaxon:39713"", ""NCBI:39713"", ""GBIF:7313723"", ""https://tree.opentreeoflife.org/opentree/ottol@374755"")","SFWO:0000486","omnivorous","NA","onto:implicit"
"96","Euglypha","NA","Euglypha rotunda","c(""NCBITaxon:39714"", ""NCBI:39714"", ""https://tree.opentreeoflife.org/opentree/ottol@247675"")","SFWO:0000477","carnivorous","NA","onto:implicit"
"97","Euglypha","NA","Euglypha rotunda","c(""NCBITaxon:39714"", ""NCBI:39714"", ""https://tree.opentreeoflife.org/opentree/ottol@247675"")","SFWO:0000491","predaceous","NA","onto:implicit"
"98","Euglypha","NA","Euglypha rotunda","c(""NCBITaxon:39714"", ""NCBI:39714"", ""https://tree.opentreeoflife.org/opentree/ottol@247675"")","SFWO:0000486","omnivorous","NA","onto:implicit"
"99","Euglypha","NA","Euglypha penardi","c(""NCBITaxon:432297"", ""NCBI:432297"", ""https://tree.opentreeoflife.org/opentree/ottol@816920"")","SFWO:0000477","carnivorous","NA","onto:implicit"
"100","Euglypha","NA","Euglypha penardi","c(""NCBITaxon:432297"", ""NCBI:432297"", ""https://tree.opentreeoflife.org/opentree/ottol@816920"")","SFWO:0000491","predaceous","NA","onto:implicit"
"101","Euglypha","NA","Euglypha penardi","c(""NCBITaxon:432297"", ""NCBI:432297"", ""https://tree.opentreeoflife.org/opentree/ottol@816920"")","SFWO:0000486","omnivorous","NA","onto:implicit"
"102","Euglypha","NA","Euglypha compressa","c(""NCBITaxon:432300"", ""NCBI:432300"", ""https://tree.opentreeoflife.org/opentree/ottol@15830"")","SFWO:0000477","carnivorous","NA","onto:implicit"
"103","Euglypha","NA","Euglypha compressa","c(""NCBITaxon:432300"", ""NCBI:432300"", ""https://tree.opentreeoflife.org/opentree/ottol@15830"")","SFWO:0000491","predaceous","NA","onto:implicit"
"104","Euglypha","NA","Euglypha compressa","c(""NCBITaxon:432300"", ""NCBI:432300"", ""https://tree.opentreeoflife.org/opentree/ottol@15830"")","SFWO:0000486","omnivorous","NA","onto:implicit"
"105","Spongospora","NA","Spongospora subterranea","c(""NCBITaxon:70186"", ""GBIF:7817088"", ""https://tree.opentreeoflife.org/opentree/ottol@41886"", ""NCBI:70186"", ""GBIF:3204343"")","SFWO:0000489","symbiotrophic","NA","onto:implicit"
"106","Spongospora","NA","Spongospora subterranea","c(""NCBITaxon:70186"", ""GBIF:7817088"", ""https://tree.opentreeoflife.org/opentree/ottol@41886"", ""NCBI:70186"", ""GBIF:3204343"")","SFWO:0000520","parasitic","NA","onto:implicit"
"107","Spongospora","NA","Spongospora subterranea","c(""NCBITaxon:70186"", ""GBIF:7817088"", ""https://tree.opentreeoflife.org/opentree/ottol@41886"", ""NCBI:70186"", ""GBIF:3204343"")","SFWO:0000521","plant-parasitic","NA","onto:implicit"
"108","Spongospora","NA","Spongospora","c(""NCBITaxon:70185"", ""NCBI:70185"", ""https://tree.opentreeoflife.org/opentree/ottol@41887"")","SFWO:0000489","symbiotrophic","NA","onto:implicit"
"109","Spongospora","NA","Spongospora","c(""NCBITaxon:70185"", ""NCBI:70185"", ""https://tree.opentreeoflife.org/opentree/ottol@41887"")","SFWO:0000520","parasitic","NA","onto:implicit"
"110","Spongospora","NA","Spongospora","c(""NCBITaxon:70185"", ""NCBI:70185"", ""https://tree.opentreeoflife.org/opentree/ottol@41887"")","SFWO:0000521","plant-parasitic","NA","onto:implicit"
"111","Metabolomonas","NA","Metabolomonas insania","c(""NCBITaxon:1044902"", ""NCBI:1044902"", ""https://tree.opentreeoflife.org/opentree/ottol@4019189"")","SFWO:0000476","bacterivorous","NA","onto:implicit"
"112","Metabolomonas","NA","Metabolomonas insania","c(""NCBITaxon:1044902"", ""NCBI:1044902"", ""https://tree.opentreeoflife.org/opentree/ottol@4019189"")","SFWO:0000485","microbivorous","NA","onto:implicit"
"113","Metabolomonas","NA","Metabolomonas insania","c(""NCBITaxon:1044902"", ""NCBI:1044902"", ""https://tree.opentreeoflife.org/opentree/ottol@4019189"")","SFWO:0000513","microphytophagous","NA","onto:implicit"
"114","Metabolomonas","NA","Metabolomonas","c(""NCBITaxon:1238573"", ""NCBI:1238573"")","SFWO:0000476","bacterivorous","NA","onto:implicit"
"115","Metabolomonas","NA","Metabolomonas","c(""NCBITaxon:1238573"", ""NCBI:1238573"")","SFWO:0000485","microbivorous","NA","onto:implicit"
"116","Metabolomonas","NA","Metabolomonas","c(""NCBITaxon:1238573"", ""NCBI:1238573"")","SFWO:0000513","microphytophagous","NA","onto:implicit"
"117","Paracercomonas","NA","Paracercomonas","c(""NCBITaxon:372085"", ""NCBI:372085"", ""https://tree.opentreeoflife.org/opentree/ottol@658015"")","SFWO:0000476","bacterivorous","NA","onto:implicit"
"118","Paracercomonas","NA","Paracercomonas","c(""NCBITaxon:372085"", ""NCBI:372085"", ""https://tree.opentreeoflife.org/opentree/ottol@658015"")","SFWO:0000485","microbivorous","NA","onto:implicit"
"119","Paracercomonas","NA","Paracercomonas","c(""NCBITaxon:372085"", ""NCBI:372085"", ""https://tree.opentreeoflife.org/opentree/ottol@658015"")","SFWO:0000513","microphytophagous","NA","onto:implicit"
"120","Paracercomonas","NA","Paracercomonas bassi","c(""NCBITaxon:1043746"", ""NCBI:1043746"", ""https://tree.opentreeoflife.org/opentree/ottol@487819"")","SFWO:0000476","bacterivorous","NA","onto:implicit"
"121","Paracercomonas","NA","Paracercomonas bassi","c(""NCBITaxon:1043746"", ""NCBI:1043746"", ""https://tree.opentreeoflife.org/opentree/ottol@487819"")","SFWO:0000485","microbivorous","NA","onto:implicit"
"122","Paracercomonas","NA","Paracercomonas bassi","c(""NCBITaxon:1043746"", ""NCBI:1043746"", ""https://tree.opentreeoflife.org/opentree/ottol@487819"")","SFWO:0000513","microphytophagous","NA","onto:implicit"
"123","Paracercomonas","NA","Paracercomonas filosa","c(""NCBITaxon:686744"", ""NCBI:686744"", ""https://tree.opentreeoflife.org/opentree/ottol@398179"")","SFWO:0000476","bacterivorous","NA","onto:implicit"
"124","Paracercomonas","NA","Paracercomonas filosa","c(""NCBITaxon:686744"", ""NCBI:686744"", ""https://tree.opentreeoflife.org/opentree/ottol@398179"")","SFWO:0000485","microbivorous","NA","onto:implicit"
"125","Paracercomonas","NA","Paracercomonas filosa","c(""NCBITaxon:686744"", ""NCBI:686744"", ""https://tree.opentreeoflife.org/opentree/ottol@398179"")","SFWO:0000513","microphytophagous","NA","onto:implicit"
"126","Paracercomonas","NA","Paracercomonas compacta","c(""NCBITaxon:686745"", ""NCBI:686745"", ""https://tree.opentreeoflife.org/opentree/ottol@398178"")","SFWO:0000476","bacterivorous","NA","onto:implicit"
"127","Paracercomonas","NA","Paracercomonas compacta","c(""NCBITaxon:686745"", ""NCBI:686745"", ""https://tree.opentreeoflife.org/opentree/ottol@398178"")","SFWO:0000485","microbivorous","NA","onto:implicit"
"128","Paracercomonas","NA","Paracercomonas compacta","c(""NCBITaxon:686745"", ""NCBI:686745"", ""https://tree.opentreeoflife.org/opentree/ottol@398178"")","SFWO:0000513","microphytophagous","NA","onto:implicit"
"129","Paracercomonas","NA","Paracercomonas oxoniensis","c(""NCBITaxon:686746"", ""NCBI:686746"", ""https://tree.opentreeoflife.org/opentree/ottol@398182"")","SFWO:0000476","bacterivorous","NA","onto:implicit"
"130","Paracercomonas","NA","Paracercomonas oxoniensis","c(""NCBITaxon:686746"", ""NCBI:686746"", ""https://tree.opentreeoflife.org/opentree/ottol@398182"")","SFWO:0000485","microbivorous","NA","onto:implicit"
"131","Paracercomonas","NA","Paracercomonas oxoniensis","c(""NCBITaxon:686746"", ""NCBI:686746"", ""https://tree.opentreeoflife.org/opentree/ottol@398182"")","SFWO:0000513","microphytophagous","NA","onto:implicit"
"132","Paracercomonas","NA","Paracercomonas ambulans","c(""NCBITaxon:686750"", ""NCBI:686750"", ""https://tree.opentreeoflife.org/opentree/ottol@974424"")","SFWO:0000476","bacterivorous","NA","onto:implicit"
"133","Paracercomonas","NA","Paracercomonas ambulans","c(""NCBITaxon:686750"", ""NCBI:686750"", ""https://tree.opentreeoflife.org/opentree/ottol@974424"")","SFWO:0000485","microbivorous","NA","onto:implicit"
"134","Paracercomonas","NA","Paracercomonas ambulans","c(""NCBITaxon:686750"", ""NCBI:686750"", ""https://tree.opentreeoflife.org/opentree/ottol@974424"")","SFWO:0000513","microphytophagous","NA","onto:implicit"
"135","Paracercomonas","NA","Paracercomonas paralaciniaegerens","c(""NCBITaxon:686752"", ""NCBI:686752"", ""https://tree.opentreeoflife.org/opentree/ottol@974422"")","SFWO:0000476","bacterivorous","NA","onto:implicit"
"136","Paracercomonas","NA","Paracercomonas paralaciniaegerens","c(""NCBITaxon:686752"", ""NCBI:686752"", ""https://tree.opentreeoflife.org/opentree/ottol@974422"")","SFWO:0000485","microbivorous","NA","onto:implicit"
"137","Paracercomonas","NA","Paracercomonas paralaciniaegerens","c(""NCBITaxon:686752"", ""NCBI:686752"", ""https://tree.opentreeoflife.org/opentree/ottol@974422"")","SFWO:0000513","microphytophagous","NA","onto:implicit"
"138","Paracercomonas","NA","Paracercomonas virgaria","c(""NCBITaxon:686766"", ""NCBI:686766"", ""https://tree.opentreeoflife.org/opentree/ottol@348954"")","SFWO:0000476","bacterivorous","NA","onto:implicit"
"139","Paracercomonas","NA","Paracercomonas virgaria","c(""NCBITaxon:686766"", ""NCBI:686766"", ""https://tree.opentreeoflife.org/opentree/ottol@348954"")","SFWO:0000485","microbivorous","NA","onto:implicit"
"140","Paracercomonas","NA","Paracercomonas virgaria","c(""NCBITaxon:686766"", ""NCBI:686766"", ""https://tree.opentreeoflife.org/opentree/ottol@348954"")","SFWO:0000513","microphytophagous","NA","onto:implicit"
"141","Spongomonas","NA","Spongomonas","c(""NCBITaxon:188972"", ""NCBI:188972"", ""https://tree.opentreeoflife.org/opentree/ottol@696943"")","SFWO:0000476","bacterivorous","NA","onto:implicit"
"142","Spongomonas","NA","Spongomonas","c(""NCBITaxon:188972"", ""NCBI:188972"", ""https://tree.opentreeoflife.org/opentree/ottol@696943"")","SFWO:0000485","microbivorous","NA","onto:implicit"
"143","Spongomonas","NA","Spongomonas","c(""NCBITaxon:188972"", ""NCBI:188972"", ""https://tree.opentreeoflife.org/opentree/ottol@696943"")","SFWO:0000513","microphytophagous","NA","onto:implicit"
"144","Spongomonas","NA","Spongomonas minima","c(""NCBITaxon:188973"", ""NCBI:188973"", ""https://tree.opentreeoflife.org/opentree/ottol@696942"")","SFWO:0000476","bacterivorous","NA","onto:implicit"
"145","Spongomonas","NA","Spongomonas minima","c(""NCBITaxon:188973"", ""NCBI:188973"", ""https://tree.opentreeoflife.org/opentree/ottol@696942"")","SFWO:0000485","microbivorous","NA","onto:implicit"
"146","Spongomonas","NA","Spongomonas minima","c(""NCBITaxon:188973"", ""NCBI:188973"", ""https://tree.opentreeoflife.org/opentree/ottol@696942"")","SFWO:0000513","microphytophagous","NA","onto:implicit"
"147","Sphenoderia","NA","Sphenoderia","c(""NCBITaxon:1427720"", ""NCBI:1427720"", ""https://tree.opentreeoflife.org/opentree/ottol@4005303"")","SFWO:0000476","bacterivorous","NA","onto:implicit"
"148","Sphenoderia","NA","Sphenoderia","c(""NCBITaxon:1427720"", ""NCBI:1427720"", ""https://tree.opentreeoflife.org/opentree/ottol@4005303"")","SFWO:0000485","microbivorous","NA","onto:implicit"
"149","Sphenoderia","NA","Sphenoderia","c(""NCBITaxon:1427720"", ""NCBI:1427720"", ""https://tree.opentreeoflife.org/opentree/ottol@4005303"")","SFWO:0000513","microphytophagous","NA","onto:implicit"
"150","Sphenoderia","NA","Sphenoderia","c(""NCBITaxon:1427720"", ""NCBI:1427720"", ""https://tree.opentreeoflife.org/opentree/ottol@4005303"")","SFWO:0000487","protistivorous","NA","onto:implicit"
"151","Sphenoderia","NA","Sphenoderia","c(""NCBITaxon:1427720"", ""NCBI:1427720"", ""https://tree.opentreeoflife.org/opentree/ottol@4005303"")","SFWO:0000477","carnivorous","NA","onto:implicit"
"152","Sphenoderia","NA","Sphenoderia","c(""NCBITaxon:1427720"", ""NCBI:1427720"", ""https://tree.opentreeoflife.org/opentree/ottol@4005303"")","SFWO:0000491","predaceous","NA","onto:implicit"
"153","Sphenoderia","NA","Sphenoderia","c(""NCBITaxon:1427720"", ""NCBI:1427720"", ""https://tree.opentreeoflife.org/opentree/ottol@4005303"")","SFWO:0000486","omnivorous","NA","onto:implicit"
"154","Orciraptor","NA","Orciraptor","c(""NCBITaxon:1435004"", ""NCBI:1435004"", ""https://tree.opentreeoflife.org/opentree/ottol@5282542"")","SFWO:0000476","bacterivorous","NA","onto:implicit"
"155","Orciraptor","NA","Orciraptor","c(""NCBITaxon:1435004"", ""NCBI:1435004"", ""https://tree.opentreeoflife.org/opentree/ottol@5282542"")","SFWO:0000485","microbivorous","NA","onto:implicit"
"156","Orciraptor","NA","Orciraptor","c(""NCBITaxon:1435004"", ""NCBI:1435004"", ""https://tree.opentreeoflife.org/opentree/ottol@5282542"")","SFWO:0000513","microphytophagous","NA","onto:implicit"
"157","Orciraptor","NA","Orciraptor agilis","c(""NCBITaxon:1435005"", ""NCBI:1435005"", ""https://tree.opentreeoflife.org/opentree/ottol@5288608"")","SFWO:0000485","microbivorous","NA","onto:implicit"
"158","Thaumatomastix","NA","Thaumatomastix","c(""NCBITaxon:188975"", ""NCBI:188975"", ""https://tree.opentreeoflife.org/opentree/ottol@696937"", ""GBIF:3194422"")","SFWO:0000476","bacterivorous","NA","onto:implicit"
"159","Thaumatomastix","NA","Thaumatomastix","c(""NCBITaxon:188975"", ""NCBI:188975"", ""https://tree.opentreeoflife.org/opentree/ottol@696937"", ""GBIF:3194422"")","SFWO:0000485","microbivorous","NA","onto:implicit"
"160","Thaumatomastix","NA","Thaumatomastix","c(""NCBITaxon:188975"", ""NCBI:188975"", ""https://tree.opentreeoflife.org/opentree/ottol@696937"", ""GBIF:3194422"")","SFWO:0000513","microphytophagous","NA","onto:implicit"
"161","Paulinella","NA","Paulinella","c(""NCBITaxon:39716"", ""NCBI:39716"", ""https://tree.opentreeoflife.org/opentree/ottol@247677"", ""GBIF:3212296"")","SFWO:0000485","microbivorous","NA","onto:implicit"
"162","Paulinella","NA","Paulinella","c(""NCBITaxon:39716"", ""NCBI:39716"", ""https://tree.opentreeoflife.org/opentree/ottol@247677"", ""GBIF:3212296"")","SFWO:0000487","protistivorous","NA","onto:implicit"
"163","Paulinella","NA","Paulinella","c(""NCBITaxon:39716"", ""NCBI:39716"", ""https://tree.opentreeoflife.org/opentree/ottol@247677"", ""GBIF:3212296"")","SFWO:0000476","bacterivorous","NA","onto:implicit"
"164","Paulinella","NA","Paulinella","c(""NCBITaxon:39716"", ""NCBI:39716"", ""https://tree.opentreeoflife.org/opentree/ottol@247677"", ""GBIF:3212296"")","SFWO:0000513","microphytophagous","NA","onto:implicit"
"165","Nudifila","NA","Nudifila producta","c(""NCBITaxon:985833"", ""NCBI:985833"", ""https://tree.opentreeoflife.org/opentree/ottol@689851"")","SFWO:0000476","bacterivorous","NA","onto:implicit"
"166","Nudifila","NA","Nudifila producta","c(""NCBITaxon:985833"", ""NCBI:985833"", ""https://tree.opentreeoflife.org/opentree/ottol@689851"")","SFWO:0000485","microbivorous","NA","onto:implicit"
"167","Nudifila","NA","Nudifila producta","c(""NCBITaxon:985833"", ""NCBI:985833"", ""https://tree.opentreeoflife.org/opentree/ottol@689851"")","SFWO:0000513","microphytophagous","NA","onto:implicit"
"168","Allantion","NA","Allantion","c(""NCBITaxon:188942"", ""NCBI:188942"", ""https://tree.opentreeoflife.org/opentree/ottol@122815"")","SFWO:0000476","bacterivorous","NA","onto:implicit"
"169","Allantion","NA","Allantion","c(""NCBITaxon:188942"", ""NCBI:188942"", ""https://tree.opentreeoflife.org/opentree/ottol@122815"")","SFWO:0000485","microbivorous","NA","onto:implicit"
"170","Allantion","NA","Allantion","c(""NCBITaxon:188942"", ""NCBI:188942"", ""https://tree.opentreeoflife.org/opentree/ottol@122815"")","SFWO:0000513","microphytophagous","NA","onto:implicit"
"171","Massisteria","NA","Massisteria marina","c(""NCBITaxon:127229"", ""NCBI:127229"", ""GBIF:5899723"", ""https://tree.opentreeoflife.org/opentree/ottol@481578"")","SFWO:0000476","bacterivorous","NA","onto:implicit"
"172","Massisteria","NA","Massisteria marina","c(""NCBITaxon:127229"", ""NCBI:127229"", ""GBIF:5899723"", ""https://tree.opentreeoflife.org/opentree/ottol@481578"")","SFWO:0000485","microbivorous","NA","onto:implicit"
"173","Massisteria","NA","Massisteria marina","c(""NCBITaxon:127229"", ""NCBI:127229"", ""GBIF:5899723"", ""https://tree.opentreeoflife.org/opentree/ottol@481578"")","SFWO:0000513","microphytophagous","NA","onto:implicit"
"174","Viridiraptor","NA","Viridiraptor","c(""NCBITaxon:1435002"", ""NCBI:1435002"", ""https://tree.opentreeoflife.org/opentree/ottol@5282541"")","SFWO:0000476","bacterivorous","NA","onto:implicit"
"175","Viridiraptor","NA","Viridiraptor","c(""NCBITaxon:1435002"", ""NCBI:1435002"", ""https://tree.opentreeoflife.org/opentree/ottol@5282541"")","SFWO:0000485","microbivorous","NA","onto:implicit"
"176","Viridiraptor","NA","Viridiraptor","c(""NCBITaxon:1435002"", ""NCBI:1435002"", ""https://tree.opentreeoflife.org/opentree/ottol@5282541"")","SFWO:0000513","microphytophagous","NA","onto:implicit"
"177","Cavernomonas","NA","Cavernomonas","c(""NCBITaxon:686739"", ""NCBI:686739"", ""https://tree.opentreeoflife.org/opentree/ottol@823097"")","SFWO:0000476","bacterivorous","NA","onto:implicit"
"178","Cavernomonas","NA","Cavernomonas","c(""NCBITaxon:686739"", ""NCBI:686739"", ""https://tree.opentreeoflife.org/opentree/ottol@823097"")","SFWO:0000485","microbivorous","NA","onto:implicit"
"179","Cavernomonas","NA","Cavernomonas","c(""NCBITaxon:686739"", ""NCBI:686739"", ""https://tree.opentreeoflife.org/opentree/ottol@823097"")","SFWO:0000513","microphytophagous","NA","onto:implicit"
"180","Cavernomonas","NA","Cavernomonas mira","c(""NCBITaxon:686741"", ""NCBI:686741"", ""https://tree.opentreeoflife.org/opentree/ottol@398183"")","SFWO:0000476","bacterivorous","NA","onto:implicit"
"181","Cavernomonas","NA","Cavernomonas mira","c(""NCBITaxon:686741"", ""NCBI:686741"", ""https://tree.opentreeoflife.org/opentree/ottol@398183"")","SFWO:0000485","microbivorous","NA","onto:implicit"
"182","Cavernomonas","NA","Cavernomonas mira","c(""NCBITaxon:686741"", ""NCBI:686741"", ""https://tree.opentreeoflife.org/opentree/ottol@398183"")","SFWO:0000513","microphytophagous","NA","onto:implicit"
"183","Tracheleuglypha","NA","Tracheleuglypha","c(""NCBITaxon:178365"", ""NCBI:178365"", ""https://tree.opentreeoflife.org/opentree/ottol@992718"")","SFWO:0000476","bacterivorous","NA","onto:implicit"
"184","Tracheleuglypha","NA","Tracheleuglypha","c(""NCBITaxon:178365"", ""NCBI:178365"", ""https://tree.opentreeoflife.org/opentree/ottol@992718"")","SFWO:0000485","microbivorous","NA","onto:implicit"
"185","Tracheleuglypha","NA","Tracheleuglypha","c(""NCBITaxon:178365"", ""NCBI:178365"", ""https://tree.opentreeoflife.org/opentree/ottol@992718"")","SFWO:0000513","microphytophagous","NA","onto:implicit"
"186","Tracheleuglypha","NA","Tracheleuglypha","c(""NCBITaxon:178365"", ""NCBI:178365"", ""https://tree.opentreeoflife.org/opentree/ottol@992718"")","SFWO:0000487","protistivorous","NA","onto:implicit"
"187","Bodomorpha","NA","Bodomorpha","c(""NCBITaxon:188949"", ""NCBI:188949"", ""https://tree.opentreeoflife.org/opentree/ottol@122824"")","SFWO:0000476","bacterivorous","NA","onto:implicit"
"188","Bodomorpha","NA","Bodomorpha","c(""NCBITaxon:188949"", ""NCBI:188949"", ""https://tree.opentreeoflife.org/opentree/ottol@122824"")","SFWO:0000485","microbivorous","NA","onto:implicit"
"189","Bodomorpha","NA","Bodomorpha","c(""NCBITaxon:188949"", ""NCBI:188949"", ""https://tree.opentreeoflife.org/opentree/ottol@122824"")","SFWO:0000513","microphytophagous","NA","onto:implicit"
"190","Thaumatomonas","NA","Thaumatomonas","c(""NCBITaxon:45099"", ""NCBI:45099"", ""https://tree.opentreeoflife.org/opentree/ottol@666118"", ""GBIF:4884925"")","SFWO:0000476","bacterivorous","NA","onto:implicit"
"191","Thaumatomonas","NA","Thaumatomonas","c(""NCBITaxon:45099"", ""NCBI:45099"", ""https://tree.opentreeoflife.org/opentree/ottol@666118"", ""GBIF:4884925"")","SFWO:0000485","microbivorous","NA","onto:implicit"
"192","Thaumatomonas","NA","Thaumatomonas","c(""NCBITaxon:45099"", ""NCBI:45099"", ""https://tree.opentreeoflife.org/opentree/ottol@666118"", ""GBIF:4884925"")","SFWO:0000513","microphytophagous","NA","onto:implicit"
"193","Thaumatomonas","NA","Thaumatomonas seravini","c(""NCBITaxon:188939"", ""NCBI:188939"", ""https://tree.opentreeoflife.org/opentree/ottol@592137"")","SFWO:0000476","bacterivorous","NA","onto:implicit"
"194","Thaumatomonas","NA","Thaumatomonas seravini","c(""NCBITaxon:188939"", ""NCBI:188939"", ""https://tree.opentreeoflife.org/opentree/ottol@592137"")","SFWO:0000485","microbivorous","NA","onto:implicit"
"195","Thaumatomonas","NA","Thaumatomonas seravini","c(""NCBITaxon:188939"", ""NCBI:188939"", ""https://tree.opentreeoflife.org/opentree/ottol@592137"")","SFWO:0000513","microphytophagous","NA","onto:implicit"
"196","Sorosphaerula","NA","Sorosphaerula","c(""NCBITaxon:1484338"", ""NCBI:1484338"", ""https://tree.opentreeoflife.org/opentree/ottol@5384998"")","SFWO:0000489","symbiotrophic","NA","onto:implicit"
"197","Sorosphaerula","NA","Sorosphaerula","c(""NCBITaxon:1484338"", ""NCBI:1484338"", ""https://tree.opentreeoflife.org/opentree/ottol@5384998"")","SFWO:0000520","parasitic","NA","onto:implicit"
"198","Sorosphaerula","NA","Sorosphaerula","c(""NCBITaxon:1484338"", ""NCBI:1484338"", ""https://tree.opentreeoflife.org/opentree/ottol@5384998"")","SFWO:0000521","plant-parasitic","NA","onto:implicit"
"199","Protaspis","NA","Protaspis grandis","c(""NCBITaxon:361427"", ""NCBI:361427"", ""https://tree.opentreeoflife.org/opentree/ottol@667704"")","SFWO:0000485","microbivorous","NA","onto:implicit"
"200","Vampyrella","NA","Vampyrella pendula","c(""NCBITaxon:1108492"", ""NCBI:1108492"", ""https://tree.opentreeoflife.org/opentree/ottol@29945"", ""GBIF:5436536"")","SFWO:0000485","microbivorous","NA","onto:implicit"
"201","Vampyrella","NA","Vampyrella","c(""NCBITaxon:941459"", ""NCBI:941459"", ""https://tree.opentreeoflife.org/opentree/ottol@529529"")","SFWO:0000489","symbiotrophic","NA","onto:implicit"
"202","Vampyrella","NA","Vampyrella","c(""NCBITaxon:941459"", ""NCBI:941459"", ""https://tree.opentreeoflife.org/opentree/ottol@529529"")","SFWO:0000530","mycotrophic","NA","onto:implicit"
"203","Geranomyces","NA","Geranomyces","c(""NCBITaxon:1126249"", ""IF:519610"", ""https://tree.opentreeoflife.org/opentree/ottol@369809"", ""GBIF:7983116"", ""NCBI:1126249"")","SFWO:0000481","saprotrophic","NA","onto:implicit"
"204","Paramicrosporidium","NA","Paramicrosporidium","c(""NCBITaxon:1493516"", ""IF:807391"", ""GBIF:8226531"", ""NCBI:1493516"", ""https://tree.opentreeoflife.org/opentree/ottol@5343367"")","SFWO:0000489","symbiotrophic","NA","onto:implicit"
"205","Paramicrosporidium","NA","Paramicrosporidium","c(""NCBITaxon:1493516"", ""IF:807391"", ""GBIF:8226531"", ""NCBI:1493516"", ""https://tree.opentreeoflife.org/opentree/ottol@5343367"")","SFWO:0000520","parasitic","NA","onto:implicit"
"206","Paramicrosporidium","NA","Paramicrosporidium","c(""NCBITaxon:1493516"", ""IF:807391"", ""GBIF:8226531"", ""NCBI:1493516"", ""https://tree.opentreeoflife.org/opentree/ottol@5343367"")","SFWO:0000532","protist-parasitic","NA","onto:implicit"
"207","Leptophrys","NA","Leptophrys","c(""NCBITaxon:1108493"", ""NCBI:1108493"", ""https://tree.opentreeoflife.org/opentree/ottol@29978"")","SFWO:0000489","symbiotrophic","NA","onto:implicit"
"208","Leptophrys","NA","Leptophrys","c(""NCBITaxon:1108493"", ""NCBI:1108493"", ""https://tree.opentreeoflife.org/opentree/ottol@29978"")","SFWO:0000530","mycotrophic","NA","onto:implicit"
"209","Leptophrys","NA","Leptophrys","c(""NCBITaxon:1108493"", ""NCBI:1108493"", ""https://tree.opentreeoflife.org/opentree/ottol@29978"")","SFWO:0000485","microbivorous","NA","onto:implicit"
