queryName;queryId;matchName;matchId;guildId;guildName;reference;graph
Cephalobidae;NA;Acrobeles;"c(""NCBITaxon:55786"", ""NCBI:55786"", ""GBIF:2283761"", ""https://tree.opentreeoflife.org/opentree/ottol@70807"")";ECOCORE:00000010;heterotroph;NA;onto:implicit
Cephalobidae;NA;Acrobeles;"c(""NCBITaxon:55786"", ""NCBI:55786"", ""GBIF:2283761"", ""https://tree.opentreeoflife.org/opentree/ottol@70807"")";SFWO:0000512;microphytophage;NA;onto:implicit
Cephalobidae;NA;Acrobeles;"c(""NCBITaxon:55786"", ""NCBI:55786"", ""GBIF:2283761"", ""https://tree.opentreeoflife.org/opentree/ottol@70807"")";ECOCORE:00000098;bacterivore;NA;onto:implicit
Cephalobidae;NA;Acrobeles;"c(""NCBITaxon:55786"", ""NCBI:55786"", ""GBIF:2283761"", ""https://tree.opentreeoflife.org/opentree/ottol@70807"")";SFWO:0000061;microbivore;NA;onto:implicit
Cephalobidae;NA;Cephalobus;"c(""NCBITaxon:70199"", ""NCBI:70199"", ""GBIF:2283209"", ""https://tree.opentreeoflife.org/opentree/ottol@562808"")";ECOCORE:00000010;heterotroph;NA;onto:implicit
Cephalobidae;NA;Cephalobus;"c(""NCBITaxon:70199"", ""NCBI:70199"", ""GBIF:2283209"", ""https://tree.opentreeoflife.org/opentree/ottol@562808"")";SFWO:0000512;microphytophage;NA;onto:implicit
Cephalobidae;NA;Cephalobus;"c(""NCBITaxon:70199"", ""NCBI:70199"", ""GBIF:2283209"", ""https://tree.opentreeoflife.org/opentree/ottol@562808"")";ECOCORE:00000098;bacterivore;NA;onto:implicit
Cephalobidae;NA;Cephalobus;"c(""NCBITaxon:70199"", ""NCBI:70199"", ""GBIF:2283209"", ""https://tree.opentreeoflife.org/opentree/ottol@562808"")";SFWO:0000061;microbivore;NA;onto:implicit
Cephalobidae;NA;Cervidellus;"c(""NCBITaxon:114856"", ""NCBI:114856"", ""https://tree.opentreeoflife.org/opentree/ottol@995143"", ""GBIF:2283730"")";ECOCORE:00000010;heterotroph;NA;onto:implicit
Cephalobidae;NA;Cervidellus;"c(""NCBITaxon:114856"", ""NCBI:114856"", ""https://tree.opentreeoflife.org/opentree/ottol@995143"", ""GBIF:2283730"")";SFWO:0000512;microphytophage;NA;onto:implicit
Cephalobidae;NA;Cervidellus;"c(""NCBITaxon:114856"", ""NCBI:114856"", ""https://tree.opentreeoflife.org/opentree/ottol@995143"", ""GBIF:2283730"")";ECOCORE:00000098;bacterivore;NA;onto:implicit
Cephalobidae;NA;Cervidellus;"c(""NCBITaxon:114856"", ""NCBI:114856"", ""https://tree.opentreeoflife.org/opentree/ottol@995143"", ""GBIF:2283730"")";SFWO:0000061;microbivore;NA;onto:implicit
Cephalobidae;NA;Acrobeloides;"c(""NCBITaxon:70201"", ""NCBI:70201"", ""GBIF:2283754"", ""https://tree.opentreeoflife.org/opentree/ottol@916323"")";ECOCORE:00000010;heterotroph;NA;onto:implicit
Cephalobidae;NA;Acrobeloides;"c(""NCBITaxon:70201"", ""NCBI:70201"", ""GBIF:2283754"", ""https://tree.opentreeoflife.org/opentree/ottol@916323"")";SFWO:0000512;microphytophage;NA;onto:implicit
Cephalobidae;NA;Acrobeloides;"c(""NCBITaxon:70201"", ""NCBI:70201"", ""GBIF:2283754"", ""https://tree.opentreeoflife.org/opentree/ottol@916323"")";ECOCORE:00000098;bacterivore;NA;onto:implicit
Cephalobidae;NA;Acrobeloides;"c(""NCBITaxon:70201"", ""NCBI:70201"", ""GBIF:2283754"", ""https://tree.opentreeoflife.org/opentree/ottol@916323"")";SFWO:0000061;microbivore;NA;onto:implicit
Cephalobidae;NA;Eucephalobus;"c(""NCBITaxon:293678"", ""NCBI:293678"", ""GBIF:2283772"", ""https://tree.opentreeoflife.org/opentree/ottol@121850"")";ECOCORE:00000010;heterotroph;NA;onto:implicit
Cephalobidae;NA;Eucephalobus;"c(""NCBITaxon:293678"", ""NCBI:293678"", ""GBIF:2283772"", ""https://tree.opentreeoflife.org/opentree/ottol@121850"")";SFWO:0000512;microphytophage;NA;onto:implicit
Cephalobidae;NA;Eucephalobus;"c(""NCBITaxon:293678"", ""NCBI:293678"", ""GBIF:2283772"", ""https://tree.opentreeoflife.org/opentree/ottol@121850"")";ECOCORE:00000098;bacterivore;NA;onto:implicit
Cephalobidae;NA;Eucephalobus;"c(""NCBITaxon:293678"", ""NCBI:293678"", ""GBIF:2283772"", ""https://tree.opentreeoflife.org/opentree/ottol@121850"")";SFWO:0000061;microbivore;NA;onto:implicit
Cephalobidae;NA;Heterocephalobus;"c(""NCBITaxon:293682"", ""NCBI:293682"", ""GBIF:2283752"", ""https://tree.opentreeoflife.org/opentree/ottol@438678"")";ECOCORE:00000010;heterotroph;NA;onto:implicit
Cephalobidae;NA;Heterocephalobus;"c(""NCBITaxon:293682"", ""NCBI:293682"", ""GBIF:2283752"", ""https://tree.opentreeoflife.org/opentree/ottol@438678"")";SFWO:0000512;microphytophage;NA;onto:implicit
Cephalobidae;NA;Heterocephalobus;"c(""NCBITaxon:293682"", ""NCBI:293682"", ""GBIF:2283752"", ""https://tree.opentreeoflife.org/opentree/ottol@438678"")";ECOCORE:00000098;bacterivore;NA;onto:implicit
Cephalobidae;NA;Heterocephalobus;"c(""NCBITaxon:293682"", ""NCBI:293682"", ""GBIF:2283752"", ""https://tree.opentreeoflife.org/opentree/ottol@438678"")";SFWO:0000061;microbivore;NA;onto:implicit
Aporcelaimidae;NA;Aporcelaimellus;"c(""NCBITaxon:211278"", ""NCBI:211278"", ""GBIF:2282747"", ""https://tree.opentreeoflife.org/opentree/ottol@714993"")";ECOCORE:00000010;heterotroph;NA;onto:implicit
Aporcelaimidae;NA;Aporcelaimellus;"c(""NCBITaxon:211278"", ""NCBI:211278"", ""GBIF:2282747"", ""https://tree.opentreeoflife.org/opentree/ottol@714993"")";SFWO:0000512;microphytophage;NA;onto:implicit
Aporcelaimidae;NA;Aporcelaimellus;"c(""NCBITaxon:211278"", ""NCBI:211278"", ""GBIF:2282747"", ""https://tree.opentreeoflife.org/opentree/ottol@714993"")";ECOCORE:00000098;bacterivore;NA;onto:implicit
Aporcelaimidae;NA;Aporcelaimellus;"c(""NCBITaxon:211278"", ""NCBI:211278"", ""GBIF:2282747"", ""https://tree.opentreeoflife.org/opentree/ottol@714993"")";SFWO:0000061;microbivore;NA;onto:implicit
Aporcelaimidae;NA;Aporcelaimellus;"c(""NCBITaxon:211278"", ""NCBI:211278"", ""GBIF:2282747"", ""https://tree.opentreeoflife.org/opentree/ottol@714993"")";SFWO:0000465;microalgivore;NA;onto:implicit
Aporcelaimidae;NA;Aporcelaimellus;"c(""NCBITaxon:211278"", ""NCBI:211278"", ""GBIF:2282747"", ""https://tree.opentreeoflife.org/opentree/ottol@714993"")";SFWO:0000065;protistivore;NA;onto:implicit
Aporcelaimidae;NA;Aporcelaimellus;"c(""NCBITaxon:211278"", ""NCBI:211278"", ""GBIF:2282747"", ""https://tree.opentreeoflife.org/opentree/ottol@714993"")";ECOCORE:00000015;fungivore;NA;onto:implicit
Aporcelaimidae;NA;Aporcelaimellus;"c(""NCBITaxon:211278"", ""NCBI:211278"", ""GBIF:2282747"", ""https://tree.opentreeoflife.org/opentree/ottol@714993"")";ECOCORE:00000019;herbivore;NA;onto:implicit
Aporcelaimidae;NA;Aporcelaimellus;"c(""NCBITaxon:211278"", ""NCBI:211278"", ""GBIF:2282747"", ""https://tree.opentreeoflife.org/opentree/ottol@714993"")";SFWO:0000027;bryophage;NA;onto:implicit
Aporcelaimidae;NA;Aporcelaimellus;"c(""NCBITaxon:211278"", ""NCBI:211278"", ""GBIF:2282747"", ""https://tree.opentreeoflife.org/opentree/ottol@714993"")";ECOCORE:00000088;carnivore;NA;onto:implicit
Aporcelaimidae;NA;Aporcelaimellus;"c(""NCBITaxon:211278"", ""NCBI:211278"", ""GBIF:2282747"", ""https://tree.opentreeoflife.org/opentree/ottol@714993"")";ECOCORE:00000089;predator;NA;onto:implicit
Aporcelaimidae;NA;Aporcelaimellus;"c(""NCBITaxon:211278"", ""NCBI:211278"", ""GBIF:2282747"", ""https://tree.opentreeoflife.org/opentree/ottol@714993"")";SFWO:0000019;nematophage;NA;onto:implicit
Aporcelaimidae;NA;Paraxonchium;"c(""NCBITaxon:211260"", ""NCBI:211260"", ""https://tree.opentreeoflife.org/opentree/ottol@328182"", ""GBIF:4405272"")";ECOCORE:00000010;heterotroph;NA;onto:implicit
Aporcelaimidae;NA;Paraxonchium;"c(""NCBITaxon:211260"", ""NCBI:211260"", ""https://tree.opentreeoflife.org/opentree/ottol@328182"", ""GBIF:4405272"")";SFWO:0000512;microphytophage;NA;onto:implicit
Aporcelaimidae;NA;Paraxonchium;"c(""NCBITaxon:211260"", ""NCBI:211260"", ""https://tree.opentreeoflife.org/opentree/ottol@328182"", ""GBIF:4405272"")";ECOCORE:00000098;bacterivore;NA;onto:implicit
Aporcelaimidae;NA;Paraxonchium;"c(""NCBITaxon:211260"", ""NCBI:211260"", ""https://tree.opentreeoflife.org/opentree/ottol@328182"", ""GBIF:4405272"")";SFWO:0000061;microbivore;NA;onto:implicit
Aporcelaimidae;NA;Paraxonchium;"c(""NCBITaxon:211260"", ""NCBI:211260"", ""https://tree.opentreeoflife.org/opentree/ottol@328182"", ""GBIF:4405272"")";SFWO:0000465;microalgivore;NA;onto:implicit
Aporcelaimidae;NA;Paraxonchium;"c(""NCBITaxon:211260"", ""NCBI:211260"", ""https://tree.opentreeoflife.org/opentree/ottol@328182"", ""GBIF:4405272"")";ECOCORE:00000019;herbivore;NA;onto:implicit
Aporcelaimidae;NA;Paraxonchium;"c(""NCBITaxon:211260"", ""NCBI:211260"", ""https://tree.opentreeoflife.org/opentree/ottol@328182"", ""GBIF:4405272"")";SFWO:0000065;protistivore;NA;onto:implicit
Aporcelaimidae;NA;Paraxonchium;"c(""NCBITaxon:211260"", ""NCBI:211260"", ""https://tree.opentreeoflife.org/opentree/ottol@328182"", ""GBIF:4405272"")";SFWO:0000027;bryophage;NA;onto:implicit
Aporcelaimidae;NA;Paraxonchium;"c(""NCBITaxon:211260"", ""NCBI:211260"", ""https://tree.opentreeoflife.org/opentree/ottol@328182"", ""GBIF:4405272"")";ECOCORE:00000015;fungivore;NA;onto:implicit
Aporcelaimidae;NA;Paraxonchium;"c(""NCBITaxon:211260"", ""NCBI:211260"", ""https://tree.opentreeoflife.org/opentree/ottol@328182"", ""GBIF:4405272"")";ECOCORE:00000088;carnivore;NA;onto:implicit
Aporcelaimidae;NA;Paraxonchium;"c(""NCBITaxon:211260"", ""NCBI:211260"", ""https://tree.opentreeoflife.org/opentree/ottol@328182"", ""GBIF:4405272"")";ECOCORE:00000089;predator;NA;onto:implicit
Seinuridae;NA;Aprutides;"c(""NCBITaxon:211416"", ""NCBI:211416"", ""GBIF:4406376"", ""https://tree.opentreeoflife.org/opentree/ottol@1059785"")";ECOCORE:00000010;heterotroph;NA;onto:implicit
Seinuridae;NA;Aprutides;"c(""NCBITaxon:211416"", ""NCBI:211416"", ""GBIF:4406376"", ""https://tree.opentreeoflife.org/opentree/ottol@1059785"")";ECOCORE:00000015;fungivore;NA;onto:implicit
Seinuridae;NA;Aprutides;"c(""NCBITaxon:211416"", ""NCBI:211416"", ""GBIF:4406376"", ""https://tree.opentreeoflife.org/opentree/ottol@1059785"")";SFWO:0000512;microphytophage;NA;onto:implicit
Seinuridae;NA;Aprutides;"c(""NCBITaxon:211416"", ""NCBI:211416"", ""GBIF:4406376"", ""https://tree.opentreeoflife.org/opentree/ottol@1059785"")";SFWO:0000061;microbivore;NA;onto:implicit
Monhysteridae;NA;Geomonhystera;"c(""NCBITaxon:129859"", ""NCBI:129859"", ""GBIF:4348575"", ""https://tree.opentreeoflife.org/opentree/ottol@1068051"")";ECOCORE:00000010;heterotroph;NA;onto:implicit
Monhysteridae;NA;Geomonhystera;"c(""NCBITaxon:129859"", ""NCBI:129859"", ""GBIF:4348575"", ""https://tree.opentreeoflife.org/opentree/ottol@1068051"")";SFWO:0000512;microphytophage;NA;onto:implicit
Monhysteridae;NA;Geomonhystera;"c(""NCBITaxon:129859"", ""NCBI:129859"", ""GBIF:4348575"", ""https://tree.opentreeoflife.org/opentree/ottol@1068051"")";ECOCORE:00000098;bacterivore;NA;onto:implicit
Monhysteridae;NA;Geomonhystera;"c(""NCBITaxon:129859"", ""NCBI:129859"", ""GBIF:4348575"", ""https://tree.opentreeoflife.org/opentree/ottol@1068051"")";SFWO:0000061;microbivore;NA;onto:implicit
Monhysteridae;NA;Monhystera;"c(""NCBITaxon:288547"", ""NCBI:288547"", ""https://tree.opentreeoflife.org/opentree/ottol@304050"", ""GBIF:2279705"")";ECOCORE:00000010;heterotroph;NA;onto:implicit
Monhysteridae;NA;Monhystera;"c(""NCBITaxon:288547"", ""NCBI:288547"", ""https://tree.opentreeoflife.org/opentree/ottol@304050"", ""GBIF:2279705"")";SFWO:0000512;microphytophage;NA;onto:implicit
Monhysteridae;NA;Monhystera;"c(""NCBITaxon:288547"", ""NCBI:288547"", ""https://tree.opentreeoflife.org/opentree/ottol@304050"", ""GBIF:2279705"")";ECOCORE:00000098;bacterivore;NA;onto:implicit
Monhysteridae;NA;Monhystera;"c(""NCBITaxon:288547"", ""NCBI:288547"", ""https://tree.opentreeoflife.org/opentree/ottol@304050"", ""GBIF:2279705"")";SFWO:0000061;microbivore;NA;onto:implicit
Monhysteridae;NA;Eumonhystera;"c(""NCBITaxon:288545"", ""NCBI:288545"", ""https://tree.opentreeoflife.org/opentree/ottol@304048"", ""GBIF:4348568"")";ECOCORE:00000010;heterotroph;NA;onto:implicit
Monhysteridae;NA;Eumonhystera;"c(""NCBITaxon:288545"", ""NCBI:288545"", ""https://tree.opentreeoflife.org/opentree/ottol@304048"", ""GBIF:4348568"")";SFWO:0000512;microphytophage;NA;onto:implicit
Monhysteridae;NA;Eumonhystera;"c(""NCBITaxon:288545"", ""NCBI:288545"", ""https://tree.opentreeoflife.org/opentree/ottol@304048"", ""GBIF:4348568"")";ECOCORE:00000098;bacterivore;NA;onto:implicit
Monhysteridae;NA;Eumonhystera;"c(""NCBITaxon:288545"", ""NCBI:288545"", ""https://tree.opentreeoflife.org/opentree/ottol@304048"", ""GBIF:4348568"")";SFWO:0000061;microbivore;NA;onto:implicit
Plectidae;NA;Plectus;"c(""NCBITaxon:49353"", ""NCBI:49353"", ""GBIF:2283075"", ""https://tree.opentreeoflife.org/opentree/ottol@1054683"")";ECOCORE:00000010;heterotroph;NA;onto:implicit
Plectidae;NA;Plectus;"c(""NCBITaxon:49353"", ""NCBI:49353"", ""GBIF:2283075"", ""https://tree.opentreeoflife.org/opentree/ottol@1054683"")";SFWO:0000512;microphytophage;NA;onto:implicit
Plectidae;NA;Plectus;"c(""NCBITaxon:49353"", ""NCBI:49353"", ""GBIF:2283075"", ""https://tree.opentreeoflife.org/opentree/ottol@1054683"")";ECOCORE:00000098;bacterivore;NA;onto:implicit
Plectidae;NA;Plectus;"c(""NCBITaxon:49353"", ""NCBI:49353"", ""GBIF:2283075"", ""https://tree.opentreeoflife.org/opentree/ottol@1054683"")";SFWO:0000061;microbivore;NA;onto:implicit
Plectidae;NA;Anaplectus;"c(""NCBITaxon:211402"", ""NCBI:211402"", ""https://tree.opentreeoflife.org/opentree/ottol@533542"", ""GBIF:2283130"")";ECOCORE:00000010;heterotroph;NA;onto:implicit
Plectidae;NA;Anaplectus;"c(""NCBITaxon:211402"", ""NCBI:211402"", ""https://tree.opentreeoflife.org/opentree/ottol@533542"", ""GBIF:2283130"")";SFWO:0000512;microphytophage;NA;onto:implicit
Plectidae;NA;Anaplectus;"c(""NCBITaxon:211402"", ""NCBI:211402"", ""https://tree.opentreeoflife.org/opentree/ottol@533542"", ""GBIF:2283130"")";ECOCORE:00000098;bacterivore;NA;onto:implicit
Plectidae;NA;Anaplectus;"c(""NCBITaxon:211402"", ""NCBI:211402"", ""https://tree.opentreeoflife.org/opentree/ottol@533542"", ""GBIF:2283130"")";SFWO:0000061;microbivore;NA;onto:implicit
Plectidae;NA;Chronogaster;"c(""NCBITaxon:288532"", ""NCBI:288532"", ""https://tree.opentreeoflife.org/opentree/ottol@929423"", ""GBIF:2283256"")";ECOCORE:00000010;heterotroph;NA;onto:implicit
Plectidae;NA;Chronogaster;"c(""NCBITaxon:288532"", ""NCBI:288532"", ""https://tree.opentreeoflife.org/opentree/ottol@929423"", ""GBIF:2283256"")";SFWO:0000512;microphytophage;NA;onto:implicit
Plectidae;NA;Chronogaster;"c(""NCBITaxon:288532"", ""NCBI:288532"", ""https://tree.opentreeoflife.org/opentree/ottol@929423"", ""GBIF:2283256"")";ECOCORE:00000098;bacterivore;NA;onto:implicit
Plectidae;NA;Chronogaster;"c(""NCBITaxon:288532"", ""NCBI:288532"", ""https://tree.opentreeoflife.org/opentree/ottol@929423"", ""GBIF:2283256"")";SFWO:0000061;microbivore;NA;onto:implicit
Panagrolaimidae;NA;Panagrolaimus;"c(""NCBITaxon:55784"", ""NCBI:55784"", ""https://tree.opentreeoflife.org/opentree/ottol@70804"", ""GBIF:2283711"")";ECOCORE:00000010;heterotroph;NA;onto:implicit
Panagrolaimidae;NA;Panagrolaimus;"c(""NCBITaxon:55784"", ""NCBI:55784"", ""https://tree.opentreeoflife.org/opentree/ottol@70804"", ""GBIF:2283711"")";SFWO:0000512;microphytophage;NA;onto:implicit
Panagrolaimidae;NA;Panagrolaimus;"c(""NCBITaxon:55784"", ""NCBI:55784"", ""https://tree.opentreeoflife.org/opentree/ottol@70804"", ""GBIF:2283711"")";ECOCORE:00000098;bacterivore;NA;onto:implicit
Panagrolaimidae;NA;Panagrolaimus;"c(""NCBITaxon:55784"", ""NCBI:55784"", ""https://tree.opentreeoflife.org/opentree/ottol@70804"", ""GBIF:2283711"")";SFWO:0000061;microbivore;NA;onto:implicit
Panagrolaimidae;NA;Baldwinema;"c(""NCBITaxon:1723715"", ""NCBI:1723715"", ""https://tree.opentreeoflife.org/opentree/ottol@5680767"", ""GBIF:10831470"")";ECOCORE:00000010;heterotroph;NA;onto:implicit
Panagrolaimidae;NA;Baldwinema;"c(""NCBITaxon:1723715"", ""NCBI:1723715"", ""https://tree.opentreeoflife.org/opentree/ottol@5680767"", ""GBIF:10831470"")";SFWO:0000512;microphytophage;NA;onto:implicit
Panagrolaimidae;NA;Baldwinema;"c(""NCBITaxon:1723715"", ""NCBI:1723715"", ""https://tree.opentreeoflife.org/opentree/ottol@5680767"", ""GBIF:10831470"")";ECOCORE:00000098;bacterivore;NA;onto:implicit
Panagrolaimidae;NA;Baldwinema;"c(""NCBITaxon:1723715"", ""NCBI:1723715"", ""https://tree.opentreeoflife.org/opentree/ottol@5680767"", ""GBIF:10831470"")";SFWO:0000061;microbivore;NA;onto:implicit
Rhabditidae;NA;Oscheius;"c(""NCBITaxon:42476"", ""NCBI:42476"", ""GBIF:4407718"", ""https://tree.opentreeoflife.org/opentree/ottol@498944"")";ECOCORE:00000010;heterotroph;NA;onto:implicit
Rhabditidae;NA;Oscheius;"c(""NCBITaxon:42476"", ""NCBI:42476"", ""GBIF:4407718"", ""https://tree.opentreeoflife.org/opentree/ottol@498944"")";SFWO:0000512;microphytophage;NA;onto:implicit
Rhabditidae;NA;Oscheius;"c(""NCBITaxon:42476"", ""NCBI:42476"", ""GBIF:4407718"", ""https://tree.opentreeoflife.org/opentree/ottol@498944"")";ECOCORE:00000098;bacterivore;NA;onto:implicit
Rhabditidae;NA;Oscheius;"c(""NCBITaxon:42476"", ""NCBI:42476"", ""GBIF:4407718"", ""https://tree.opentreeoflife.org/opentree/ottol@498944"")";SFWO:0000061;microbivore;NA;onto:implicit
Rhabditidae;NA;Pellioditis;"c(""NCBITaxon:35555"", ""NCBI:35555"", ""https://tree.opentreeoflife.org/opentree/ottol@1089838"", ""GBIF:4281896"")";ECOCORE:00000010;heterotroph;NA;onto:implicit
Rhabditidae;NA;Pellioditis;"c(""NCBITaxon:35555"", ""NCBI:35555"", ""https://tree.opentreeoflife.org/opentree/ottol@1089838"", ""GBIF:4281896"")";SFWO:0000512;microphytophage;NA;onto:implicit
Rhabditidae;NA;Pellioditis;"c(""NCBITaxon:35555"", ""NCBI:35555"", ""https://tree.opentreeoflife.org/opentree/ottol@1089838"", ""GBIF:4281896"")";ECOCORE:00000098;bacterivore;NA;onto:implicit
Rhabditidae;NA;Pellioditis;"c(""NCBITaxon:35555"", ""NCBI:35555"", ""https://tree.opentreeoflife.org/opentree/ottol@1089838"", ""GBIF:4281896"")";SFWO:0000061;microbivore;NA;onto:implicit
Rhabditidae;NA;Rhabditis;"c(""NCBITaxon:6244"", ""NCBI:6244"", ""https://tree.opentreeoflife.org/opentree/ottol@920944"", ""GBIF:2279676"")";ECOCORE:00000010;heterotroph;NA;onto:implicit
Rhabditidae;NA;Rhabditis;"c(""NCBITaxon:6244"", ""NCBI:6244"", ""https://tree.opentreeoflife.org/opentree/ottol@920944"", ""GBIF:2279676"")";SFWO:0000512;microphytophage;NA;onto:implicit
Rhabditidae;NA;Rhabditis;"c(""NCBITaxon:6244"", ""NCBI:6244"", ""https://tree.opentreeoflife.org/opentree/ottol@920944"", ""GBIF:2279676"")";ECOCORE:00000098;bacterivore;NA;onto:implicit
Rhabditidae;NA;Rhabditis;"c(""NCBITaxon:6244"", ""NCBI:6244"", ""https://tree.opentreeoflife.org/opentree/ottol@920944"", ""GBIF:2279676"")";SFWO:0000061;microbivore;NA;onto:implicit
Rhabditidae;NA;Mesorhabditis;"c(""NCBITaxon:53475"", ""NCBI:53475"", ""https://tree.opentreeoflife.org/opentree/ottol@854390"", ""GBIF:2283674"")";ECOCORE:00000010;heterotroph;NA;onto:implicit
Rhabditidae;NA;Mesorhabditis;"c(""NCBITaxon:53475"", ""NCBI:53475"", ""https://tree.opentreeoflife.org/opentree/ottol@854390"", ""GBIF:2283674"")";SFWO:0000512;microphytophage;NA;onto:implicit
Rhabditidae;NA;Mesorhabditis;"c(""NCBITaxon:53475"", ""NCBI:53475"", ""https://tree.opentreeoflife.org/opentree/ottol@854390"", ""GBIF:2283674"")";ECOCORE:00000098;bacterivore;NA;onto:implicit
Rhabditidae;NA;Mesorhabditis;"c(""NCBITaxon:53475"", ""NCBI:53475"", ""https://tree.opentreeoflife.org/opentree/ottol@854390"", ""GBIF:2283674"")";SFWO:0000061;microbivore;NA;onto:implicit
Rhabditidae;NA;Protorhabditis;"c(""NCBITaxon:96770"", ""NCBI:96770"", ""GBIF:2283654"", ""https://tree.opentreeoflife.org/opentree/ottol@3587969"")";ECOCORE:00000010;heterotroph;NA;onto:implicit
Rhabditidae;NA;Protorhabditis;"c(""NCBITaxon:96770"", ""NCBI:96770"", ""GBIF:2283654"", ""https://tree.opentreeoflife.org/opentree/ottol@3587969"")";SFWO:0000512;microphytophage;NA;onto:implicit
Rhabditidae;NA;Protorhabditis;"c(""NCBITaxon:96770"", ""NCBI:96770"", ""GBIF:2283654"", ""https://tree.opentreeoflife.org/opentree/ottol@3587969"")";ECOCORE:00000098;bacterivore;NA;onto:implicit
Rhabditidae;NA;Protorhabditis;"c(""NCBITaxon:96770"", ""NCBI:96770"", ""GBIF:2283654"", ""https://tree.opentreeoflife.org/opentree/ottol@3587969"")";SFWO:0000061;microbivore;NA;onto:implicit
Rhabdolaimidae;NA;Rhabdolaimus;"c(""NCBITaxon:452275"", ""NCBI:452275"", ""GBIF:2283127"", ""https://tree.opentreeoflife.org/opentree/ottol@893537"")";ECOCORE:00000010;heterotroph;NA;onto:implicit
Rhabdolaimidae;NA;Rhabdolaimus;"c(""NCBITaxon:452275"", ""NCBI:452275"", ""GBIF:2283127"", ""https://tree.opentreeoflife.org/opentree/ottol@893537"")";SFWO:0000512;microphytophage;NA;onto:implicit
Rhabdolaimidae;NA;Rhabdolaimus;"c(""NCBITaxon:452275"", ""NCBI:452275"", ""GBIF:2283127"", ""https://tree.opentreeoflife.org/opentree/ottol@893537"")";ECOCORE:00000098;bacterivore;NA;onto:implicit
Rhabdolaimidae;NA;Rhabdolaimus;"c(""NCBITaxon:452275"", ""NCBI:452275"", ""GBIF:2283127"", ""https://tree.opentreeoflife.org/opentree/ottol@893537"")";SFWO:0000061;microbivore;NA;onto:implicit
Prismatolaimidae;NA;Prismatolaimus;"c(""NCBITaxon:70238"", ""NCBI:70238"", ""GBIF:2279885"", ""https://tree.opentreeoflife.org/opentree/ottol@455831"")";ECOCORE:00000010;heterotroph;NA;onto:implicit
Prismatolaimidae;NA;Prismatolaimus;"c(""NCBITaxon:70238"", ""NCBI:70238"", ""GBIF:2279885"", ""https://tree.opentreeoflife.org/opentree/ottol@455831"")";SFWO:0000512;microphytophage;NA;onto:implicit
Prismatolaimidae;NA;Prismatolaimus;"c(""NCBITaxon:70238"", ""NCBI:70238"", ""GBIF:2279885"", ""https://tree.opentreeoflife.org/opentree/ottol@455831"")";ECOCORE:00000098;bacterivore;NA;onto:implicit
Prismatolaimidae;NA;Prismatolaimus;"c(""NCBITaxon:70238"", ""NCBI:70238"", ""GBIF:2279885"", ""https://tree.opentreeoflife.org/opentree/ottol@455831"")";SFWO:0000061;microbivore;NA;onto:implicit
Aphelenchidae;NA;Seinura;"c(""NCBITaxon:293669"", ""NCBI:293669"", ""https://tree.opentreeoflife.org/opentree/ottol@695986"", ""GBIF:2284356"")";ECOCORE:00000010;heterotroph;NA;onto:implicit
Aphelenchidae;NA;Seinura;"c(""NCBITaxon:293669"", ""NCBI:293669"", ""https://tree.opentreeoflife.org/opentree/ottol@695986"", ""GBIF:2284356"")";ECOCORE:00000088;carnivore;NA;onto:implicit
Aphelenchidae;NA;Seinura;"c(""NCBITaxon:293669"", ""NCBI:293669"", ""https://tree.opentreeoflife.org/opentree/ottol@695986"", ""GBIF:2284356"")";ECOCORE:00000089;predator;NA;onto:implicit
Aphelenchidae;NA;Seinura;"c(""NCBITaxon:293669"", ""NCBI:293669"", ""https://tree.opentreeoflife.org/opentree/ottol@695986"", ""GBIF:2284356"")";SFWO:0000019;nematophage;NA;onto:implicit
Aphelenchidae;NA;Aphelenchus;"c(""NCBITaxon:70225"", ""NCBI:70225"", ""https://tree.opentreeoflife.org/opentree/ottol@966923"", ""GBIF:2284394"")";ECOCORE:00000010;heterotroph;NA;onto:implicit
Aphelenchidae;NA;Aphelenchus;"c(""NCBITaxon:70225"", ""NCBI:70225"", ""https://tree.opentreeoflife.org/opentree/ottol@966923"", ""GBIF:2284394"")";ECOCORE:00000015;fungivore;NA;onto:implicit
Aphelenchidae;NA;Aphelenchus;"c(""NCBITaxon:70225"", ""NCBI:70225"", ""https://tree.opentreeoflife.org/opentree/ottol@966923"", ""GBIF:2284394"")";SFWO:0000512;microphytophage;NA;onto:implicit
Aphelenchidae;NA;Aphelenchus;"c(""NCBITaxon:70225"", ""NCBI:70225"", ""https://tree.opentreeoflife.org/opentree/ottol@966923"", ""GBIF:2284394"")";SFWO:0000061;microbivore;NA;onto:implicit
Aphelenchoididae;NA;Laimaphelenchus;"c(""NCBITaxon:288512"", ""NCBI:288512"", ""https://tree.opentreeoflife.org/opentree/ottol@979806"", ""GBIF:2284377"")";ECOCORE:00000010;heterotroph;NA;onto:implicit
Aphelenchoididae;NA;Laimaphelenchus;"c(""NCBITaxon:288512"", ""NCBI:288512"", ""https://tree.opentreeoflife.org/opentree/ottol@979806"", ""GBIF:2284377"")";ECOCORE:00000015;fungivore;NA;onto:implicit
Aphelenchoididae;NA;Laimaphelenchus;"c(""NCBITaxon:288512"", ""NCBI:288512"", ""https://tree.opentreeoflife.org/opentree/ottol@979806"", ""GBIF:2284377"")";SFWO:0000512;microphytophage;NA;onto:implicit
Aphelenchoididae;NA;Laimaphelenchus;"c(""NCBITaxon:288512"", ""NCBI:288512"", ""https://tree.opentreeoflife.org/opentree/ottol@979806"", ""GBIF:2284377"")";SFWO:0000061;microbivore;NA;onto:implicit
Aphelenchoididae;NA;Aphelenchoides;"c(""NCBITaxon:90723"", ""NCBI:90723"", ""https://tree.opentreeoflife.org/opentree/ottol@631059"", ""GBIF:2284354"")";ECOCORE:00000010;heterotroph;NA;onto:implicit
Aphelenchoididae;NA;Aphelenchoides;"c(""NCBITaxon:90723"", ""NCBI:90723"", ""https://tree.opentreeoflife.org/opentree/ottol@631059"", ""GBIF:2284354"")";ECOCORE:00000015;fungivore;NA;onto:implicit
Aphelenchoididae;NA;Aphelenchoides;"c(""NCBITaxon:90723"", ""NCBI:90723"", ""https://tree.opentreeoflife.org/opentree/ottol@631059"", ""GBIF:2284354"")";SFWO:0000512;microphytophage;NA;onto:implicit
Aphelenchoididae;NA;Aphelenchoides;"c(""NCBITaxon:90723"", ""NCBI:90723"", ""https://tree.opentreeoflife.org/opentree/ottol@631059"", ""GBIF:2284354"")";SFWO:0000061;microbivore;NA;onto:implicit
Aphelenchoididae;NA;Pseudaphelenchus;"c(""NCBITaxon:698701"", ""NCBI:698701"", ""https://tree.opentreeoflife.org/opentree/ottol@222094"", ""GBIF:9422198"")";ECOCORE:00000010;heterotroph;NA;onto:implicit
Aphelenchoididae;NA;Pseudaphelenchus;"c(""NCBITaxon:698701"", ""NCBI:698701"", ""https://tree.opentreeoflife.org/opentree/ottol@222094"", ""GBIF:9422198"")";ECOCORE:00000015;fungivore;NA;onto:implicit
Aphelenchoididae;NA;Pseudaphelenchus;"c(""NCBITaxon:698701"", ""NCBI:698701"", ""https://tree.opentreeoflife.org/opentree/ottol@222094"", ""GBIF:9422198"")";SFWO:0000512;microphytophage;NA;onto:implicit
Aphelenchoididae;NA;Pseudaphelenchus;"c(""NCBITaxon:698701"", ""NCBI:698701"", ""https://tree.opentreeoflife.org/opentree/ottol@222094"", ""GBIF:9422198"")";SFWO:0000061;microbivore;NA;onto:implicit
Aphelenchoididae;NA;Robustodorus;"c(""NCBITaxon:1293520"", ""NCBI:1293520"", ""https://tree.opentreeoflife.org/opentree/ottol@3593473"")";ECOCORE:00000010;heterotroph;NA;onto:implicit
Aphelenchoididae;NA;Robustodorus;"c(""NCBITaxon:1293520"", ""NCBI:1293520"", ""https://tree.opentreeoflife.org/opentree/ottol@3593473"")";ECOCORE:00000015;fungivore;NA;onto:implicit
Aphelenchoididae;NA;Robustodorus;"c(""NCBITaxon:1293520"", ""NCBI:1293520"", ""https://tree.opentreeoflife.org/opentree/ottol@3593473"")";SFWO:0000512;microphytophage;NA;onto:implicit
Aphelenchoididae;NA;Robustodorus;"c(""NCBITaxon:1293520"", ""NCBI:1293520"", ""https://tree.opentreeoflife.org/opentree/ottol@3593473"")";SFWO:0000061;microbivore;NA;onto:implicit
Diphterophoridae;NA;Diphterophora;"c(""NCBITaxon:288631"", ""NCBI:288631"", ""https://tree.opentreeoflife.org/opentree/ottol@212333"")";ECOCORE:00000010;heterotroph;NA;onto:implicit
Diphterophoridae;NA;Diphterophora;"c(""NCBITaxon:288631"", ""NCBI:288631"", ""https://tree.opentreeoflife.org/opentree/ottol@212333"")";ECOCORE:00000015;fungivore;NA;onto:implicit
Diphterophoridae;NA;Diphterophora;"c(""NCBITaxon:288631"", ""NCBI:288631"", ""https://tree.opentreeoflife.org/opentree/ottol@212333"")";SFWO:0000512;microphytophage;NA;onto:implicit
Diphterophoridae;NA;Diphterophora;"c(""NCBITaxon:288631"", ""NCBI:288631"", ""https://tree.opentreeoflife.org/opentree/ottol@212333"")";SFWO:0000061;microbivore;NA;onto:implicit
Diphtherophoridae;NA;Tylolaimophorus;"c(""NCBITaxon:327490"", ""NCBI:327490"", ""GBIF:2283883"", ""https://tree.opentreeoflife.org/opentree/ottol@99271"")";ECOCORE:00000010;heterotroph;NA;onto:implicit
Diphtherophoridae;NA;Tylolaimophorus;"c(""NCBITaxon:327490"", ""NCBI:327490"", ""GBIF:2283883"", ""https://tree.opentreeoflife.org/opentree/ottol@99271"")";ECOCORE:00000015;fungivore;NA;onto:implicit
Diphtherophoridae;NA;Tylolaimophorus;"c(""NCBITaxon:327490"", ""NCBI:327490"", ""GBIF:2283883"", ""https://tree.opentreeoflife.org/opentree/ottol@99271"")";SFWO:0000512;microphytophage;NA;onto:implicit
Diphtherophoridae;NA;Tylolaimophorus;"c(""NCBITaxon:327490"", ""NCBI:327490"", ""GBIF:2283883"", ""https://tree.opentreeoflife.org/opentree/ottol@99271"")";SFWO:0000061;microbivore;NA;onto:implicit
Diphtherophoridae;NA;Diphtherophora;"c(""NCBITaxon:211190"", ""NCBI:211190"", ""https://tree.opentreeoflife.org/opentree/ottol@1074605"", ""GBIF:2282793"")";ECOCORE:00000010;heterotroph;NA;onto:implicit
Diphtherophoridae;NA;Diphtherophora;"c(""NCBITaxon:211190"", ""NCBI:211190"", ""https://tree.opentreeoflife.org/opentree/ottol@1074605"", ""GBIF:2282793"")";ECOCORE:00000015;fungivore;NA;onto:implicit
Diphtherophoridae;NA;Diphtherophora;"c(""NCBITaxon:211190"", ""NCBI:211190"", ""https://tree.opentreeoflife.org/opentree/ottol@1074605"", ""GBIF:2282793"")";SFWO:0000512;microphytophage;NA;onto:implicit
Diphtherophoridae;NA;Diphtherophora;"c(""NCBITaxon:211190"", ""NCBI:211190"", ""https://tree.opentreeoflife.org/opentree/ottol@1074605"", ""GBIF:2282793"")";SFWO:0000061;microbivore;NA;onto:implicit
Mononchidae;NA;Mononchus;"c(""NCBITaxon:211392"", ""NCBI:211392"", ""GBIF:2282524"", ""https://tree.opentreeoflife.org/opentree/ottol@79656"")";ECOCORE:00000010;heterotroph;NA;onto:implicit
Mononchidae;NA;Mononchus;"c(""NCBITaxon:211392"", ""NCBI:211392"", ""GBIF:2282524"", ""https://tree.opentreeoflife.org/opentree/ottol@79656"")";ECOCORE:00000088;carnivore;NA;onto:implicit
Mononchidae;NA;Mononchus;"c(""NCBITaxon:211392"", ""NCBI:211392"", ""GBIF:2282524"", ""https://tree.opentreeoflife.org/opentree/ottol@79656"")";ECOCORE:00000089;predator;NA;onto:implicit
Mononchidae;NA;Mononchus;"c(""NCBITaxon:211392"", ""NCBI:211392"", ""GBIF:2282524"", ""https://tree.opentreeoflife.org/opentree/ottol@79656"")";SFWO:0000019;nematophage;NA;onto:implicit
Mononchidae;NA;Clarkus;"c(""NCBITaxon:211395"", ""NCBI:211395"", ""GBIF:8173203"", ""https://tree.opentreeoflife.org/opentree/ottol@79663"")";ECOCORE:00000010;heterotroph;NA;onto:implicit
Mononchidae;NA;Clarkus;"c(""NCBITaxon:211395"", ""NCBI:211395"", ""GBIF:8173203"", ""https://tree.opentreeoflife.org/opentree/ottol@79663"")";ECOCORE:00000088;carnivore;NA;onto:implicit
Mononchidae;NA;Clarkus;"c(""NCBITaxon:211395"", ""NCBI:211395"", ""GBIF:8173203"", ""https://tree.opentreeoflife.org/opentree/ottol@79663"")";ECOCORE:00000089;predator;NA;onto:implicit
Mononchidae;NA;Clarkus;"c(""NCBITaxon:211395"", ""NCBI:211395"", ""GBIF:8173203"", ""https://tree.opentreeoflife.org/opentree/ottol@79663"")";SFWO:0000019;nematophage;NA;onto:implicit
Mononchidae;NA;Prionchulus;"c(""NCBITaxon:293872"", ""NCBI:293872"", ""GBIF:2282533"", ""https://tree.opentreeoflife.org/opentree/ottol@577264"")";ECOCORE:00000010;heterotroph;NA;onto:implicit
Mononchidae;NA;Prionchulus;"c(""NCBITaxon:293872"", ""NCBI:293872"", ""GBIF:2282533"", ""https://tree.opentreeoflife.org/opentree/ottol@577264"")";ECOCORE:00000088;carnivore;NA;onto:implicit
Mononchidae;NA;Prionchulus;"c(""NCBITaxon:293872"", ""NCBI:293872"", ""GBIF:2282533"", ""https://tree.opentreeoflife.org/opentree/ottol@577264"")";ECOCORE:00000089;predator;NA;onto:implicit
Mononchidae;NA;Prionchulus;"c(""NCBITaxon:293872"", ""NCBI:293872"", ""GBIF:2282533"", ""https://tree.opentreeoflife.org/opentree/ottol@577264"")";SFWO:0000019;nematophage;NA;onto:implicit
Qudsianematidae;NA;Discolaimus;"c(""NCBITaxon:211252"", ""NCBI:211252"", ""GBIF:2282615"", ""https://tree.opentreeoflife.org/opentree/ottol@968984"")";ECOCORE:00000010;heterotroph;NA;onto:implicit
Qudsianematidae;NA;Discolaimus;"c(""NCBITaxon:211252"", ""NCBI:211252"", ""GBIF:2282615"", ""https://tree.opentreeoflife.org/opentree/ottol@968984"")";ECOCORE:00000088;carnivore;NA;onto:implicit
Qudsianematidae;NA;Discolaimus;"c(""NCBITaxon:211252"", ""NCBI:211252"", ""GBIF:2282615"", ""https://tree.opentreeoflife.org/opentree/ottol@968984"")";ECOCORE:00000089;predator;NA;onto:implicit
Qudsianematidae;NA;Discolaimus;"c(""NCBITaxon:211252"", ""NCBI:211252"", ""GBIF:2282615"", ""https://tree.opentreeoflife.org/opentree/ottol@968984"")";SFWO:0000019;nematophage;NA;onto:implicit
Qudsianematidae;NA;Ecumenicus;"c(""NCBITaxon:211288"", ""NCBI:211288"", ""https://tree.opentreeoflife.org/opentree/ottol@579888"", ""GBIF:4405791"")";ECOCORE:00000010;heterotroph;NA;onto:implicit
Qudsianematidae;NA;Ecumenicus;"c(""NCBITaxon:211288"", ""NCBI:211288"", ""https://tree.opentreeoflife.org/opentree/ottol@579888"", ""GBIF:4405791"")";ECOCORE:00000015;fungivore;NA;onto:implicit
Qudsianematidae;NA;Ecumenicus;"c(""NCBITaxon:211288"", ""NCBI:211288"", ""https://tree.opentreeoflife.org/opentree/ottol@579888"", ""GBIF:4405791"")";SFWO:0000512;microphytophage;NA;onto:implicit
Qudsianematidae;NA;Ecumenicus;"c(""NCBITaxon:211288"", ""NCBI:211288"", ""https://tree.opentreeoflife.org/opentree/ottol@579888"", ""GBIF:4405791"")";SFWO:0000061;microbivore;NA;onto:implicit
Qudsianematidae;NA;Ecumenicus;"c(""NCBITaxon:211288"", ""NCBI:211288"", ""https://tree.opentreeoflife.org/opentree/ottol@579888"", ""GBIF:4405791"")";ECOCORE:00000019;herbivore;NA;onto:implicit
Qudsianematidae;NA;Ecumenicus;"c(""NCBITaxon:211288"", ""NCBI:211288"", ""https://tree.opentreeoflife.org/opentree/ottol@579888"", ""GBIF:4405791"")";ECOCORE:00000088;carnivore;NA;onto:implicit
Qudsianematidae;NA;Ecumenicus;"c(""NCBITaxon:211288"", ""NCBI:211288"", ""https://tree.opentreeoflife.org/opentree/ottol@579888"", ""GBIF:4405791"")";ECOCORE:00000089;predator;NA;onto:implicit
Qudsianematidae;NA;Ecumenicus;"c(""NCBITaxon:211288"", ""NCBI:211288"", ""https://tree.opentreeoflife.org/opentree/ottol@579888"", ""GBIF:4405791"")";SFWO:0000019;nematophage;NA;onto:implicit
Qudsianematidae;NA;Ecumenicus;"c(""NCBITaxon:211288"", ""NCBI:211288"", ""https://tree.opentreeoflife.org/opentree/ottol@579888"", ""GBIF:4405791"")";SFWO:0000027;bryophage;NA;onto:implicit
Qudsianematidae;NA;Ecumenicus;"c(""NCBITaxon:211288"", ""NCBI:211288"", ""https://tree.opentreeoflife.org/opentree/ottol@579888"", ""GBIF:4405791"")";ECOCORE:00000098;bacterivore;NA;onto:implicit
Qudsianematidae;NA;Labronemella;"c(""NCBITaxon:211292"", ""NCBI:211292"", ""GBIF:4404633"", ""https://tree.opentreeoflife.org/opentree/ottol@7164"")";ECOCORE:00000010;heterotroph;NA;onto:implicit
Qudsianematidae;NA;Labronemella;"c(""NCBITaxon:211292"", ""NCBI:211292"", ""GBIF:4404633"", ""https://tree.opentreeoflife.org/opentree/ottol@7164"")";ECOCORE:00000019;herbivore;NA;onto:implicit
Qudsianematidae;NA;Labronemella;"c(""NCBITaxon:211292"", ""NCBI:211292"", ""GBIF:4404633"", ""https://tree.opentreeoflife.org/opentree/ottol@7164"")";SFWO:0000027;bryophage;NA;onto:implicit
Qudsianematidae;NA;Labronemella;"c(""NCBITaxon:211292"", ""NCBI:211292"", ""GBIF:4404633"", ""https://tree.opentreeoflife.org/opentree/ottol@7164"")";SFWO:0000061;microbivore;NA;onto:implicit
Qudsianematidae;NA;Labronemella;"c(""NCBITaxon:211292"", ""NCBI:211292"", ""GBIF:4404633"", ""https://tree.opentreeoflife.org/opentree/ottol@7164"")";SFWO:0000065;protistivore;NA;onto:implicit
Qudsianematidae;NA;Labronemella;"c(""NCBITaxon:211292"", ""NCBI:211292"", ""GBIF:4404633"", ""https://tree.opentreeoflife.org/opentree/ottol@7164"")";SFWO:0000512;microphytophage;NA;onto:implicit
Qudsianematidae;NA;Labronemella;"c(""NCBITaxon:211292"", ""NCBI:211292"", ""GBIF:4404633"", ""https://tree.opentreeoflife.org/opentree/ottol@7164"")";ECOCORE:00000098;bacterivore;NA;onto:implicit
Qudsianematidae;NA;Labronemella;"c(""NCBITaxon:211292"", ""NCBI:211292"", ""GBIF:4404633"", ""https://tree.opentreeoflife.org/opentree/ottol@7164"")";SFWO:0000465;microalgivore;NA;onto:implicit
Qudsianematidae;NA;Labronemella;"c(""NCBITaxon:211292"", ""NCBI:211292"", ""GBIF:4404633"", ""https://tree.opentreeoflife.org/opentree/ottol@7164"")";ECOCORE:00000015;fungivore;NA;onto:implicit
Qudsianematidae;NA;Labronemella;"c(""NCBITaxon:211292"", ""NCBI:211292"", ""GBIF:4404633"", ""https://tree.opentreeoflife.org/opentree/ottol@7164"")";ECOCORE:00000088;carnivore;NA;onto:implicit
Qudsianematidae;NA;Labronemella;"c(""NCBITaxon:211292"", ""NCBI:211292"", ""GBIF:4404633"", ""https://tree.opentreeoflife.org/opentree/ottol@7164"")";ECOCORE:00000089;predator;NA;onto:implicit
Qudsianematidae;NA;Microdorylaimus;"c(""NCBITaxon:211326"", ""NCBI:211326"", ""GBIF:4554765"", ""https://tree.opentreeoflife.org/opentree/ottol@349240"")";ECOCORE:00000010;heterotroph;NA;onto:implicit
Qudsianematidae;NA;Microdorylaimus;"c(""NCBITaxon:211326"", ""NCBI:211326"", ""GBIF:4554765"", ""https://tree.opentreeoflife.org/opentree/ottol@349240"")";SFWO:0000512;microphytophage;NA;onto:implicit
Qudsianematidae;NA;Microdorylaimus;"c(""NCBITaxon:211326"", ""NCBI:211326"", ""GBIF:4554765"", ""https://tree.opentreeoflife.org/opentree/ottol@349240"")";ECOCORE:00000098;bacterivore;NA;onto:implicit
Qudsianematidae;NA;Microdorylaimus;"c(""NCBITaxon:211326"", ""NCBI:211326"", ""GBIF:4554765"", ""https://tree.opentreeoflife.org/opentree/ottol@349240"")";SFWO:0000061;microbivore;NA;onto:implicit
Qudsianematidae;NA;Microdorylaimus;"c(""NCBITaxon:211326"", ""NCBI:211326"", ""GBIF:4554765"", ""https://tree.opentreeoflife.org/opentree/ottol@349240"")";SFWO:0000465;microalgivore;NA;onto:implicit
Qudsianematidae;NA;Microdorylaimus;"c(""NCBITaxon:211326"", ""NCBI:211326"", ""GBIF:4554765"", ""https://tree.opentreeoflife.org/opentree/ottol@349240"")";ECOCORE:00000019;herbivore;NA;onto:implicit
Qudsianematidae;NA;Microdorylaimus;"c(""NCBITaxon:211326"", ""NCBI:211326"", ""GBIF:4554765"", ""https://tree.opentreeoflife.org/opentree/ottol@349240"")";SFWO:0000027;bryophage;NA;onto:implicit
Qudsianematidae;NA;Microdorylaimus;"c(""NCBITaxon:211326"", ""NCBI:211326"", ""GBIF:4554765"", ""https://tree.opentreeoflife.org/opentree/ottol@349240"")";SFWO:0000065;protistivore;NA;onto:implicit
Qudsianematidae;NA;Microdorylaimus;"c(""NCBITaxon:211326"", ""NCBI:211326"", ""GBIF:4554765"", ""https://tree.opentreeoflife.org/opentree/ottol@349240"")";ECOCORE:00000015;fungivore;NA;onto:implicit
Qudsianematidae;NA;Microdorylaimus;"c(""NCBITaxon:211326"", ""NCBI:211326"", ""GBIF:4554765"", ""https://tree.opentreeoflife.org/opentree/ottol@349240"")";ECOCORE:00000088;carnivore;NA;onto:implicit
Qudsianematidae;NA;Microdorylaimus;"c(""NCBITaxon:211326"", ""NCBI:211326"", ""GBIF:4554765"", ""https://tree.opentreeoflife.org/opentree/ottol@349240"")";ECOCORE:00000089;predator;NA;onto:implicit
Qudsianematidae;NA;Discolaimium;"c(""NCBITaxon:2486835"", ""NCBI:2486835"", ""GBIF:2282637"", ""https://tree.opentreeoflife.org/opentree/ottol@3592421"")";ECOCORE:00000010;heterotroph;NA;onto:implicit
Qudsianematidae;NA;Discolaimium;"c(""NCBITaxon:2486835"", ""NCBI:2486835"", ""GBIF:2282637"", ""https://tree.opentreeoflife.org/opentree/ottol@3592421"")";ECOCORE:00000088;carnivore;NA;onto:implicit
Qudsianematidae;NA;Discolaimium;"c(""NCBITaxon:2486835"", ""NCBI:2486835"", ""GBIF:2282637"", ""https://tree.opentreeoflife.org/opentree/ottol@3592421"")";ECOCORE:00000089;predator;NA;onto:implicit
Qudsianematidae;NA;Discolaimium;"c(""NCBITaxon:2486835"", ""NCBI:2486835"", ""GBIF:2282637"", ""https://tree.opentreeoflife.org/opentree/ottol@3592421"")";SFWO:0000019;nematophage;NA;onto:implicit
Nygolaimidae;NA;Nygolaimus;"c(""NCBITaxon:266275"", ""NCBI:266275"", ""GBIF:2282566"", ""https://tree.opentreeoflife.org/opentree/ottol@931827"")";ECOCORE:00000010;heterotroph;NA;onto:implicit
Nygolaimidae;NA;Nygolaimus;"c(""NCBITaxon:266275"", ""NCBI:266275"", ""GBIF:2282566"", ""https://tree.opentreeoflife.org/opentree/ottol@931827"")";ECOCORE:00000088;carnivore;NA;onto:implicit
Nygolaimidae;NA;Nygolaimus;"c(""NCBITaxon:266275"", ""NCBI:266275"", ""GBIF:2282566"", ""https://tree.opentreeoflife.org/opentree/ottol@931827"")";ECOCORE:00000089;predator;NA;onto:implicit
Nygolaimidae;NA;Nygolaimus;"c(""NCBITaxon:266275"", ""NCBI:266275"", ""GBIF:2282566"", ""https://tree.opentreeoflife.org/opentree/ottol@931827"")";SFWO:0000019;nematophage;NA;onto:implicit
Dorylaimidae;NA;Prodorylaimus;"c(""NCBITaxon:288464"", ""NCBI:288464"", ""GBIF:2282603"", ""https://tree.opentreeoflife.org/opentree/ottol@1019380"")";ECOCORE:00000010;heterotroph;NA;onto:implicit
Dorylaimidae;NA;Prodorylaimus;"c(""NCBITaxon:288464"", ""NCBI:288464"", ""GBIF:2282603"", ""https://tree.opentreeoflife.org/opentree/ottol@1019380"")";SFWO:0000512;microphytophage;NA;onto:implicit
Dorylaimidae;NA;Prodorylaimus;"c(""NCBITaxon:288464"", ""NCBI:288464"", ""GBIF:2282603"", ""https://tree.opentreeoflife.org/opentree/ottol@1019380"")";ECOCORE:00000098;bacterivore;NA;onto:implicit
Dorylaimidae;NA;Prodorylaimus;"c(""NCBITaxon:288464"", ""NCBI:288464"", ""GBIF:2282603"", ""https://tree.opentreeoflife.org/opentree/ottol@1019380"")";SFWO:0000061;microbivore;NA;onto:implicit
Dorylaimidae;NA;Prodorylaimus;"c(""NCBITaxon:288464"", ""NCBI:288464"", ""GBIF:2282603"", ""https://tree.opentreeoflife.org/opentree/ottol@1019380"")";SFWO:0000465;microalgivore;NA;onto:implicit
Dorylaimidae;NA;Prodorylaimus;"c(""NCBITaxon:288464"", ""NCBI:288464"", ""GBIF:2282603"", ""https://tree.opentreeoflife.org/opentree/ottol@1019380"")";SFWO:0000065;protistivore;NA;onto:implicit
Dorylaimidae;NA;Prodorylaimus;"c(""NCBITaxon:288464"", ""NCBI:288464"", ""GBIF:2282603"", ""https://tree.opentreeoflife.org/opentree/ottol@1019380"")";ECOCORE:00000019;herbivore;NA;onto:implicit
Dorylaimidae;NA;Prodorylaimus;"c(""NCBITaxon:288464"", ""NCBI:288464"", ""GBIF:2282603"", ""https://tree.opentreeoflife.org/opentree/ottol@1019380"")";SFWO:0000027;bryophage;NA;onto:implicit
Dorylaimidae;NA;Prodorylaimus;"c(""NCBITaxon:288464"", ""NCBI:288464"", ""GBIF:2282603"", ""https://tree.opentreeoflife.org/opentree/ottol@1019380"")";ECOCORE:00000088;carnivore;NA;onto:implicit
Dorylaimidae;NA;Prodorylaimus;"c(""NCBITaxon:288464"", ""NCBI:288464"", ""GBIF:2282603"", ""https://tree.opentreeoflife.org/opentree/ottol@1019380"")";ECOCORE:00000089;predator;NA;onto:implicit
Dorylaimidae;NA;Prodorylaimus;"c(""NCBITaxon:288464"", ""NCBI:288464"", ""GBIF:2282603"", ""https://tree.opentreeoflife.org/opentree/ottol@1019380"")";ECOCORE:00000015;fungivore;NA;onto:implicit
Dorylaimidae;NA;Prodorylaimus;"c(""NCBITaxon:288464"", ""NCBI:288464"", ""GBIF:2282603"", ""https://tree.opentreeoflife.org/opentree/ottol@1019380"")";SFWO:0000019;nematophage;NA;onto:implicit
Dorylaimidae;NA;Mesodorylaimus;"c(""NCBITaxon:211267"", ""NCBI:211267"", ""GBIF:2282644"", ""https://tree.opentreeoflife.org/opentree/ottol@328183"")";ECOCORE:00000010;heterotroph;NA;onto:implicit
Dorylaimidae;NA;Mesodorylaimus;"c(""NCBITaxon:211267"", ""NCBI:211267"", ""GBIF:2282644"", ""https://tree.opentreeoflife.org/opentree/ottol@328183"")";ECOCORE:00000015;fungivore;NA;onto:implicit
Dorylaimidae;NA;Mesodorylaimus;"c(""NCBITaxon:211267"", ""NCBI:211267"", ""GBIF:2282644"", ""https://tree.opentreeoflife.org/opentree/ottol@328183"")";SFWO:0000512;microphytophage;NA;onto:implicit
Dorylaimidae;NA;Mesodorylaimus;"c(""NCBITaxon:211267"", ""NCBI:211267"", ""GBIF:2282644"", ""https://tree.opentreeoflife.org/opentree/ottol@328183"")";SFWO:0000061;microbivore;NA;onto:implicit
Dorylaimidae;NA;Mesodorylaimus;"c(""NCBITaxon:211267"", ""NCBI:211267"", ""GBIF:2282644"", ""https://tree.opentreeoflife.org/opentree/ottol@328183"")";SFWO:0000065;protistivore;NA;onto:implicit
Dorylaimidae;NA;Mesodorylaimus;"c(""NCBITaxon:211267"", ""NCBI:211267"", ""GBIF:2282644"", ""https://tree.opentreeoflife.org/opentree/ottol@328183"")";ECOCORE:00000019;herbivore;NA;onto:implicit
Dorylaimidae;NA;Mesodorylaimus;"c(""NCBITaxon:211267"", ""NCBI:211267"", ""GBIF:2282644"", ""https://tree.opentreeoflife.org/opentree/ottol@328183"")";ECOCORE:00000098;bacterivore;NA;onto:implicit
Dorylaimidae;NA;Mesodorylaimus;"c(""NCBITaxon:211267"", ""NCBI:211267"", ""GBIF:2282644"", ""https://tree.opentreeoflife.org/opentree/ottol@328183"")";SFWO:0000465;microalgivore;NA;onto:implicit
Dorylaimidae;NA;Mesodorylaimus;"c(""NCBITaxon:211267"", ""NCBI:211267"", ""GBIF:2282644"", ""https://tree.opentreeoflife.org/opentree/ottol@328183"")";ECOCORE:00000088;carnivore;NA;onto:implicit
Dorylaimidae;NA;Mesodorylaimus;"c(""NCBITaxon:211267"", ""NCBI:211267"", ""GBIF:2282644"", ""https://tree.opentreeoflife.org/opentree/ottol@328183"")";ECOCORE:00000089;predator;NA;onto:implicit
Dorylaimidae;NA;Mesodorylaimus;"c(""NCBITaxon:211267"", ""NCBI:211267"", ""GBIF:2282644"", ""https://tree.opentreeoflife.org/opentree/ottol@328183"")";SFWO:0000027;bryophage;NA;onto:implicit
Dorylaimidae;NA;Mesodorylaimus;"c(""NCBITaxon:211267"", ""NCBI:211267"", ""GBIF:2282644"", ""https://tree.opentreeoflife.org/opentree/ottol@328183"")";SFWO:0000019;nematophage;NA;onto:implicit
Hoplolaimidae;NA;Rotylenchulus;"c(""NCBITaxon:211163"", ""NCBI:211163"", ""GBIF:4281844"", ""https://tree.opentreeoflife.org/opentree/ottol@507770"")";ECOCORE:00000010;heterotroph;NA;onto:implicit
Hoplolaimidae;NA;Rotylenchulus;"c(""NCBITaxon:211163"", ""NCBI:211163"", ""GBIF:4281844"", ""https://tree.opentreeoflife.org/opentree/ottol@507770"")";ECOCORE:00000045;symbiotroph;NA;onto:implicit
Hoplolaimidae;NA;Rotylenchulus;"c(""NCBITaxon:211163"", ""NCBI:211163"", ""GBIF:4281844"", ""https://tree.opentreeoflife.org/opentree/ottol@507770"")";ECOCORE:00000146;parasite;NA;onto:implicit
Hoplolaimidae;NA;Rotylenchulus;"c(""NCBITaxon:211163"", ""NCBI:211163"", ""GBIF:4281844"", ""https://tree.opentreeoflife.org/opentree/ottol@507770"")";SFWO:0000024;plant parasite;NA;onto:implicit
Hoplolaimidae;NA;Helicotylenchus;"c(""NCBITaxon:293581"", ""NCBI:293581"", ""https://tree.opentreeoflife.org/opentree/ottol@911115"", ""GBIF:2284094"")";ECOCORE:00000010;heterotroph;NA;onto:implicit
Hoplolaimidae;NA;Helicotylenchus;"c(""NCBITaxon:293581"", ""NCBI:293581"", ""https://tree.opentreeoflife.org/opentree/ottol@911115"", ""GBIF:2284094"")";ECOCORE:00000045;symbiotroph;NA;onto:implicit
Hoplolaimidae;NA;Helicotylenchus;"c(""NCBITaxon:293581"", ""NCBI:293581"", ""https://tree.opentreeoflife.org/opentree/ottol@911115"", ""GBIF:2284094"")";ECOCORE:00000146;parasite;NA;onto:implicit
Hoplolaimidae;NA;Helicotylenchus;"c(""NCBITaxon:293581"", ""NCBI:293581"", ""https://tree.opentreeoflife.org/opentree/ottol@911115"", ""GBIF:2284094"")";SFWO:0000024;plant parasite;NA;onto:implicit
Pratylenchidae;NA;Pratylenchus;"c(""NCBITaxon:45927"", ""NCBI:45927"", ""GBIF:2284120"", ""https://tree.opentreeoflife.org/opentree/ottol@725248"")";ECOCORE:00000010;heterotroph;NA;onto:implicit
Pratylenchidae;NA;Pratylenchus;"c(""NCBITaxon:45927"", ""NCBI:45927"", ""GBIF:2284120"", ""https://tree.opentreeoflife.org/opentree/ottol@725248"")";ECOCORE:00000045;symbiotroph;NA;onto:implicit
Pratylenchidae;NA;Pratylenchus;"c(""NCBITaxon:45927"", ""NCBI:45927"", ""GBIF:2284120"", ""https://tree.opentreeoflife.org/opentree/ottol@725248"")";ECOCORE:00000146;parasite;NA;onto:implicit
Pratylenchidae;NA;Pratylenchus;"c(""NCBITaxon:45927"", ""NCBI:45927"", ""GBIF:2284120"", ""https://tree.opentreeoflife.org/opentree/ottol@725248"")";SFWO:0000024;plant parasite;NA;onto:implicit
Tylenchidae;NA;Filenchus;"c(""NCBITaxon:290120"", ""NCBI:290120"", ""GBIF:2284160"", ""https://tree.opentreeoflife.org/opentree/ottol@448676"")";ECOCORE:00000010;heterotroph;NA;onto:implicit
Tylenchidae;NA;Filenchus;"c(""NCBITaxon:290120"", ""NCBI:290120"", ""GBIF:2284160"", ""https://tree.opentreeoflife.org/opentree/ottol@448676"")";ECOCORE:00000015;fungivore;NA;onto:implicit
Tylenchidae;NA;Filenchus;"c(""NCBITaxon:290120"", ""NCBI:290120"", ""GBIF:2284160"", ""https://tree.opentreeoflife.org/opentree/ottol@448676"")";SFWO:0000512;microphytophage;NA;onto:implicit
Tylenchidae;NA;Filenchus;"c(""NCBITaxon:290120"", ""NCBI:290120"", ""GBIF:2284160"", ""https://tree.opentreeoflife.org/opentree/ottol@448676"")";SFWO:0000061;microbivore;NA;onto:implicit
Tylenchidae;NA;Sakia;"c(""NCBITaxon:1470175"", ""NCBI:1470175"", ""https://tree.opentreeoflife.org/opentree/ottol@3592570"")";ECOCORE:00000010;heterotroph;NA;onto:implicit
Tylenchidae;NA;Sakia;"c(""NCBITaxon:1470175"", ""NCBI:1470175"", ""https://tree.opentreeoflife.org/opentree/ottol@3592570"")";ECOCORE:00000019;herbivore;NA;onto:implicit
Tylenchidae;NA;Sakia;"c(""NCBITaxon:1470175"", ""NCBI:1470175"", ""https://tree.opentreeoflife.org/opentree/ottol@3592570"")";SFWO:0000027;bryophage;NA;onto:implicit
Tylenchidae;NA;Sakia;"c(""NCBITaxon:1470175"", ""NCBI:1470175"", ""https://tree.opentreeoflife.org/opentree/ottol@3592570"")";SFWO:0000512;microphytophage;NA;onto:implicit
Tylenchidae;NA;Sakia;"c(""NCBITaxon:1470175"", ""NCBI:1470175"", ""https://tree.opentreeoflife.org/opentree/ottol@3592570"")";ECOCORE:00000098;bacterivore;NA;onto:implicit
Tylenchidae;NA;Sakia;"c(""NCBITaxon:1470175"", ""NCBI:1470175"", ""https://tree.opentreeoflife.org/opentree/ottol@3592570"")";SFWO:0000061;microbivore;NA;onto:implicit
Tylenchidae;NA;Sakia;"c(""NCBITaxon:1470175"", ""NCBI:1470175"", ""https://tree.opentreeoflife.org/opentree/ottol@3592570"")";SFWO:0000465;microalgivore;NA;onto:implicit
Tylenchidae;NA;Sakia;"c(""NCBITaxon:1470175"", ""NCBI:1470175"", ""https://tree.opentreeoflife.org/opentree/ottol@3592570"")";SFWO:0000065;protistivore;NA;onto:implicit
Tylenchidae;NA;Sakia;"c(""NCBITaxon:1470175"", ""NCBI:1470175"", ""https://tree.opentreeoflife.org/opentree/ottol@3592570"")";ECOCORE:00000015;fungivore;NA;onto:implicit
Tylenchidae;NA;Basiria;"c(""NCBITaxon:312619"", ""NCBI:312619"", ""https://tree.opentreeoflife.org/opentree/ottol@411824"", ""GBIF:3249175"")";ECOCORE:00000010;heterotroph;NA;onto:implicit
Tylenchidae;NA;Basiria;"c(""NCBITaxon:312619"", ""NCBI:312619"", ""https://tree.opentreeoflife.org/opentree/ottol@411824"", ""GBIF:3249175"")";ECOCORE:00000019;herbivore;NA;onto:implicit
Tylenchidae;NA;Basiria;"c(""NCBITaxon:312619"", ""NCBI:312619"", ""https://tree.opentreeoflife.org/opentree/ottol@411824"", ""GBIF:3249175"")";SFWO:0000027;bryophage;NA;onto:implicit
Tylenchidae;NA;Cephalenchus;"c(""NCBITaxon:293569"", ""NCBI:293569"", ""https://tree.opentreeoflife.org/opentree/ottol@759317"", ""GBIF:2284175"")";ECOCORE:00000010;heterotroph;NA;onto:implicit
Tylenchidae;NA;Cephalenchus;"c(""NCBITaxon:293569"", ""NCBI:293569"", ""https://tree.opentreeoflife.org/opentree/ottol@759317"", ""GBIF:2284175"")";SFWO:0000512;microphytophage;NA;onto:implicit
Tylenchidae;NA;Cephalenchus;"c(""NCBITaxon:293569"", ""NCBI:293569"", ""https://tree.opentreeoflife.org/opentree/ottol@759317"", ""GBIF:2284175"")";ECOCORE:00000098;bacterivore;NA;onto:implicit
Tylenchidae;NA;Cephalenchus;"c(""NCBITaxon:293569"", ""NCBI:293569"", ""https://tree.opentreeoflife.org/opentree/ottol@759317"", ""GBIF:2284175"")";SFWO:0000061;microbivore;NA;onto:implicit
Tylenchidae;NA;Cephalenchus;"c(""NCBITaxon:293569"", ""NCBI:293569"", ""https://tree.opentreeoflife.org/opentree/ottol@759317"", ""GBIF:2284175"")";SFWO:0000465;microalgivore;NA;onto:implicit
Tylenchidae;NA;Cephalenchus;"c(""NCBITaxon:293569"", ""NCBI:293569"", ""https://tree.opentreeoflife.org/opentree/ottol@759317"", ""GBIF:2284175"")";ECOCORE:00000019;herbivore;NA;onto:implicit
Tylenchidae;NA;Cephalenchus;"c(""NCBITaxon:293569"", ""NCBI:293569"", ""https://tree.opentreeoflife.org/opentree/ottol@759317"", ""GBIF:2284175"")";SFWO:0000065;protistivore;NA;onto:implicit
Tylenchidae;NA;Cephalenchus;"c(""NCBITaxon:293569"", ""NCBI:293569"", ""https://tree.opentreeoflife.org/opentree/ottol@759317"", ""GBIF:2284175"")";SFWO:0000027;bryophage;NA;onto:implicit
Tylenchidae;NA;Cephalenchus;"c(""NCBITaxon:293569"", ""NCBI:293569"", ""https://tree.opentreeoflife.org/opentree/ottol@759317"", ""GBIF:2284175"")";ECOCORE:00000015;fungivore;NA;onto:implicit
Tylenchidae;NA;Malenchus;"c(""NCBITaxon:293562"", ""NCBI:293562"", ""GBIF:4406178"", ""https://tree.opentreeoflife.org/opentree/ottol@759300"")";ECOCORE:00000010;heterotroph;NA;onto:implicit
Tylenchidae;NA;Malenchus;"c(""NCBITaxon:293562"", ""NCBI:293562"", ""GBIF:4406178"", ""https://tree.opentreeoflife.org/opentree/ottol@759300"")";SFWO:0000512;microphytophage;NA;onto:implicit
Tylenchidae;NA;Malenchus;"c(""NCBITaxon:293562"", ""NCBI:293562"", ""GBIF:4406178"", ""https://tree.opentreeoflife.org/opentree/ottol@759300"")";ECOCORE:00000098;bacterivore;NA;onto:implicit
Tylenchidae;NA;Malenchus;"c(""NCBITaxon:293562"", ""NCBI:293562"", ""GBIF:4406178"", ""https://tree.opentreeoflife.org/opentree/ottol@759300"")";SFWO:0000061;microbivore;NA;onto:implicit
Tylenchidae;NA;Malenchus;"c(""NCBITaxon:293562"", ""NCBI:293562"", ""GBIF:4406178"", ""https://tree.opentreeoflife.org/opentree/ottol@759300"")";SFWO:0000465;microalgivore;NA;onto:implicit
Tylenchidae;NA;Malenchus;"c(""NCBITaxon:293562"", ""NCBI:293562"", ""GBIF:4406178"", ""https://tree.opentreeoflife.org/opentree/ottol@759300"")";ECOCORE:00000015;fungivore;NA;onto:implicit
Tylenchidae;NA;Malenchus;"c(""NCBITaxon:293562"", ""NCBI:293562"", ""GBIF:4406178"", ""https://tree.opentreeoflife.org/opentree/ottol@759300"")";SFWO:0000065;protistivore;NA;onto:implicit
Tylenchidae;NA;Malenchus;"c(""NCBITaxon:293562"", ""NCBI:293562"", ""GBIF:4406178"", ""https://tree.opentreeoflife.org/opentree/ottol@759300"")";ECOCORE:00000019;herbivore;NA;onto:implicit
Tylenchidae;NA;Malenchus;"c(""NCBITaxon:293562"", ""NCBI:293562"", ""GBIF:4406178"", ""https://tree.opentreeoflife.org/opentree/ottol@759300"")";SFWO:0000027;bryophage;NA;onto:implicit
Tylenchidae;NA;Tylenchus;"c(""NCBITaxon:211181"", ""NCBI:211181"", ""https://tree.opentreeoflife.org/opentree/ottol@923405"", ""GBIF:4281839"")";ECOCORE:00000010;heterotroph;NA;onto:implicit
Tylenchidae;NA;Tylenchus;"c(""NCBITaxon:211181"", ""NCBI:211181"", ""https://tree.opentreeoflife.org/opentree/ottol@923405"", ""GBIF:4281839"")";ECOCORE:00000019;herbivore;NA;onto:implicit
Tylenchidae;NA;Tylenchus;"c(""NCBITaxon:211181"", ""NCBI:211181"", ""https://tree.opentreeoflife.org/opentree/ottol@923405"", ""GBIF:4281839"")";SFWO:0000027;bryophage;NA;onto:implicit
Tylenchidae;NA;Tylenchus;"c(""NCBITaxon:211181"", ""NCBI:211181"", ""https://tree.opentreeoflife.org/opentree/ottol@923405"", ""GBIF:4281839"")";SFWO:0000512;microphytophage;NA;onto:implicit
Tylenchidae;NA;Tylenchus;"c(""NCBITaxon:211181"", ""NCBI:211181"", ""https://tree.opentreeoflife.org/opentree/ottol@923405"", ""GBIF:4281839"")";ECOCORE:00000098;bacterivore;NA;onto:implicit
Tylenchidae;NA;Tylenchus;"c(""NCBITaxon:211181"", ""NCBI:211181"", ""https://tree.opentreeoflife.org/opentree/ottol@923405"", ""GBIF:4281839"")";SFWO:0000061;microbivore;NA;onto:implicit
Tylenchidae;NA;Tylenchus;"c(""NCBITaxon:211181"", ""NCBI:211181"", ""https://tree.opentreeoflife.org/opentree/ottol@923405"", ""GBIF:4281839"")";SFWO:0000465;microalgivore;NA;onto:implicit
Tylenchidae;NA;Tylenchus;"c(""NCBITaxon:211181"", ""NCBI:211181"", ""https://tree.opentreeoflife.org/opentree/ottol@923405"", ""GBIF:4281839"")";SFWO:0000065;protistivore;NA;onto:implicit
Tylenchidae;NA;Tylenchus;"c(""NCBITaxon:211181"", ""NCBI:211181"", ""https://tree.opentreeoflife.org/opentree/ottol@923405"", ""GBIF:4281839"")";ECOCORE:00000015;fungivore;NA;onto:implicit
Tylenchidae;NA;Tylenchus;"c(""NCBITaxon:211181"", ""NCBI:211181"", ""https://tree.opentreeoflife.org/opentree/ottol@923405"", ""GBIF:4281839"")";ECOCORE:00000045;symbiotroph;NA;onto:implicit
Tylenchidae;NA;Tylenchus;"c(""NCBITaxon:211181"", ""NCBI:211181"", ""https://tree.opentreeoflife.org/opentree/ottol@923405"", ""GBIF:4281839"")";ECOCORE:00000146;parasite;NA;onto:implicit
Tylenchidae;NA;Tylenchus;"c(""NCBITaxon:211181"", ""NCBI:211181"", ""https://tree.opentreeoflife.org/opentree/ottol@923405"", ""GBIF:4281839"")";SFWO:0000024;plant parasite;NA;onto:implicit
Tylenchidae;NA;Irantylenchus;"c(""NCBITaxon:1538508"", ""NCBI:1538508"", ""GBIF:4406009"", ""https://tree.opentreeoflife.org/opentree/ottol@3592748"")";ECOCORE:00000010;heterotroph;NA;onto:implicit
Tylenchidae;NA;Irantylenchus;"c(""NCBITaxon:1538508"", ""NCBI:1538508"", ""GBIF:4406009"", ""https://tree.opentreeoflife.org/opentree/ottol@3592748"")";SFWO:0000512;microphytophage;NA;onto:implicit
Tylenchidae;NA;Irantylenchus;"c(""NCBITaxon:1538508"", ""NCBI:1538508"", ""GBIF:4406009"", ""https://tree.opentreeoflife.org/opentree/ottol@3592748"")";ECOCORE:00000098;bacterivore;NA;onto:implicit
Tylenchidae;NA;Irantylenchus;"c(""NCBITaxon:1538508"", ""NCBI:1538508"", ""GBIF:4406009"", ""https://tree.opentreeoflife.org/opentree/ottol@3592748"")";SFWO:0000061;microbivore;NA;onto:implicit
Tylenchidae;NA;Irantylenchus;"c(""NCBITaxon:1538508"", ""NCBI:1538508"", ""GBIF:4406009"", ""https://tree.opentreeoflife.org/opentree/ottol@3592748"")";SFWO:0000465;microalgivore;NA;onto:implicit
Tylenchidae;NA;Irantylenchus;"c(""NCBITaxon:1538508"", ""NCBI:1538508"", ""GBIF:4406009"", ""https://tree.opentreeoflife.org/opentree/ottol@3592748"")";ECOCORE:00000015;fungivore;NA;onto:implicit
Tylenchidae;NA;Irantylenchus;"c(""NCBITaxon:1538508"", ""NCBI:1538508"", ""GBIF:4406009"", ""https://tree.opentreeoflife.org/opentree/ottol@3592748"")";ECOCORE:00000019;herbivore;NA;onto:implicit
Tylenchidae;NA;Irantylenchus;"c(""NCBITaxon:1538508"", ""NCBI:1538508"", ""GBIF:4406009"", ""https://tree.opentreeoflife.org/opentree/ottol@3592748"")";SFWO:0000065;protistivore;NA;onto:implicit
Tylenchidae;NA;Irantylenchus;"c(""NCBITaxon:1538508"", ""NCBI:1538508"", ""GBIF:4406009"", ""https://tree.opentreeoflife.org/opentree/ottol@3592748"")";SFWO:0000027;bryophage;NA;onto:implicit
Tylenchidae;NA;Discotylenchus;"c(""NCBITaxon:1582099"", ""NCBI:1582099"", ""https://tree.opentreeoflife.org/opentree/ottol@3591982"", ""GBIF:4407189"")";ECOCORE:00000010;heterotroph;NA;onto:implicit
Tylenchidae;NA;Discotylenchus;"c(""NCBITaxon:1582099"", ""NCBI:1582099"", ""https://tree.opentreeoflife.org/opentree/ottol@3591982"", ""GBIF:4407189"")";ECOCORE:00000015;fungivore;NA;onto:implicit
Tylenchidae;NA;Discotylenchus;"c(""NCBITaxon:1582099"", ""NCBI:1582099"", ""https://tree.opentreeoflife.org/opentree/ottol@3591982"", ""GBIF:4407189"")";SFWO:0000512;microphytophage;NA;onto:implicit
Tylenchidae;NA;Discotylenchus;"c(""NCBITaxon:1582099"", ""NCBI:1582099"", ""https://tree.opentreeoflife.org/opentree/ottol@3591982"", ""GBIF:4407189"")";SFWO:0000061;microbivore;NA;onto:implicit
Tylenchidae;NA;Discotylenchus;"c(""NCBITaxon:1582099"", ""NCBI:1582099"", ""https://tree.opentreeoflife.org/opentree/ottol@3591982"", ""GBIF:4407189"")";ECOCORE:00000019;herbivore;NA;onto:implicit
Tylenchidae;NA;Discotylenchus;"c(""NCBITaxon:1582099"", ""NCBI:1582099"", ""https://tree.opentreeoflife.org/opentree/ottol@3591982"", ""GBIF:4407189"")";ECOCORE:00000098;bacterivore;NA;onto:implicit
Tylenchidae;NA;Discotylenchus;"c(""NCBITaxon:1582099"", ""NCBI:1582099"", ""https://tree.opentreeoflife.org/opentree/ottol@3591982"", ""GBIF:4407189"")";SFWO:0000465;microalgivore;NA;onto:implicit
Tylenchidae;NA;Discotylenchus;"c(""NCBITaxon:1582099"", ""NCBI:1582099"", ""https://tree.opentreeoflife.org/opentree/ottol@3591982"", ""GBIF:4407189"")";SFWO:0000065;protistivore;NA;onto:implicit
Tylenchidae;NA;Discotylenchus;"c(""NCBITaxon:1582099"", ""NCBI:1582099"", ""https://tree.opentreeoflife.org/opentree/ottol@3591982"", ""GBIF:4407189"")";SFWO:0000027;bryophage;NA;onto:implicit
Tylenchidae;NA;Miculenchus;"c(""NCBITaxon:647156"", ""NCBI:647156"", ""https://tree.opentreeoflife.org/opentree/ottol@137498"", ""GBIF:4555995"")";ECOCORE:00000010;heterotroph;NA;onto:implicit
Tylenchidae;NA;Miculenchus;"c(""NCBITaxon:647156"", ""NCBI:647156"", ""https://tree.opentreeoflife.org/opentree/ottol@137498"", ""GBIF:4555995"")";ECOCORE:00000019;herbivore;NA;onto:implicit
Tylenchidae;NA;Miculenchus;"c(""NCBITaxon:647156"", ""NCBI:647156"", ""https://tree.opentreeoflife.org/opentree/ottol@137498"", ""GBIF:4555995"")";SFWO:0000512;microphytophage;NA;onto:implicit
Tylenchidae;NA;Miculenchus;"c(""NCBITaxon:647156"", ""NCBI:647156"", ""https://tree.opentreeoflife.org/opentree/ottol@137498"", ""GBIF:4555995"")";ECOCORE:00000098;bacterivore;NA;onto:implicit
Tylenchidae;NA;Miculenchus;"c(""NCBITaxon:647156"", ""NCBI:647156"", ""https://tree.opentreeoflife.org/opentree/ottol@137498"", ""GBIF:4555995"")";SFWO:0000061;microbivore;NA;onto:implicit
Tylenchidae;NA;Miculenchus;"c(""NCBITaxon:647156"", ""NCBI:647156"", ""https://tree.opentreeoflife.org/opentree/ottol@137498"", ""GBIF:4555995"")";SFWO:0000465;microalgivore;NA;onto:implicit
Tylenchidae;NA;Miculenchus;"c(""NCBITaxon:647156"", ""NCBI:647156"", ""https://tree.opentreeoflife.org/opentree/ottol@137498"", ""GBIF:4555995"")";SFWO:0000065;protistivore;NA;onto:implicit
Tylenchidae;NA;Miculenchus;"c(""NCBITaxon:647156"", ""NCBI:647156"", ""https://tree.opentreeoflife.org/opentree/ottol@137498"", ""GBIF:4555995"")";SFWO:0000027;bryophage;NA;onto:implicit
Tylenchidae;NA;Miculenchus;"c(""NCBITaxon:647156"", ""NCBI:647156"", ""https://tree.opentreeoflife.org/opentree/ottol@137498"", ""GBIF:4555995"")";ECOCORE:00000015;fungivore;NA;onto:implicit
Tylenchidae;NA;Neopsilenchus;"c(""NCBITaxon:239353"", ""NCBI:239353"", ""GBIF:4405846"", ""https://tree.opentreeoflife.org/opentree/ottol@346594"")";ECOCORE:00000010;heterotroph;NA;onto:implicit
Tylenchidae;NA;Neopsilenchus;"c(""NCBITaxon:239353"", ""NCBI:239353"", ""GBIF:4405846"", ""https://tree.opentreeoflife.org/opentree/ottol@346594"")";SFWO:0000061;microbivore;NA;onto:implicit
Tylenchidae;NA;Neopsilenchus;"c(""NCBITaxon:239353"", ""NCBI:239353"", ""GBIF:4405846"", ""https://tree.opentreeoflife.org/opentree/ottol@346594"")";SFWO:0000065;protistivore;NA;onto:implicit
Tylenchidae;NA;Neopsilenchus;"c(""NCBITaxon:239353"", ""NCBI:239353"", ""GBIF:4405846"", ""https://tree.opentreeoflife.org/opentree/ottol@346594"")";ECOCORE:00000019;herbivore;NA;onto:implicit
Tylenchidae;NA;Neopsilenchus;"c(""NCBITaxon:239353"", ""NCBI:239353"", ""GBIF:4405846"", ""https://tree.opentreeoflife.org/opentree/ottol@346594"")";SFWO:0000512;microphytophage;NA;onto:implicit
Tylenchidae;NA;Neopsilenchus;"c(""NCBITaxon:239353"", ""NCBI:239353"", ""GBIF:4405846"", ""https://tree.opentreeoflife.org/opentree/ottol@346594"")";ECOCORE:00000098;bacterivore;NA;onto:implicit
Tylenchidae;NA;Neopsilenchus;"c(""NCBITaxon:239353"", ""NCBI:239353"", ""GBIF:4405846"", ""https://tree.opentreeoflife.org/opentree/ottol@346594"")";SFWO:0000465;microalgivore;NA;onto:implicit
Tylenchidae;NA;Neopsilenchus;"c(""NCBITaxon:239353"", ""NCBI:239353"", ""GBIF:4405846"", ""https://tree.opentreeoflife.org/opentree/ottol@346594"")";SFWO:0000027;bryophage;NA;onto:implicit
Tylenchidae;NA;Neopsilenchus;"c(""NCBITaxon:239353"", ""NCBI:239353"", ""GBIF:4405846"", ""https://tree.opentreeoflife.org/opentree/ottol@346594"")";ECOCORE:00000015;fungivore;NA;onto:implicit
Tylenchidae;NA;Aglenchus;"c(""NCBITaxon:239366"", ""NCBI:239366"", ""https://tree.opentreeoflife.org/opentree/ottol@921792"", ""GBIF:4281838"")";ECOCORE:00000010;heterotroph;NA;onto:implicit
Tylenchidae;NA;Aglenchus;"c(""NCBITaxon:239366"", ""NCBI:239366"", ""https://tree.opentreeoflife.org/opentree/ottol@921792"", ""GBIF:4281838"")";ECOCORE:00000019;herbivore;NA;onto:implicit
Tylenchidae;NA;Aglenchus;"c(""NCBITaxon:239366"", ""NCBI:239366"", ""https://tree.opentreeoflife.org/opentree/ottol@921792"", ""GBIF:4281838"")";SFWO:0000027;bryophage;NA;onto:implicit
Tylenchidae;NA;Aglenchus;"c(""NCBITaxon:239366"", ""NCBI:239366"", ""https://tree.opentreeoflife.org/opentree/ottol@921792"", ""GBIF:4281838"")";SFWO:0000061;microbivore;NA;onto:implicit
Tylenchidae;NA;Aglenchus;"c(""NCBITaxon:239366"", ""NCBI:239366"", ""https://tree.opentreeoflife.org/opentree/ottol@921792"", ""GBIF:4281838"")";SFWO:0000065;protistivore;NA;onto:implicit
Tylenchidae;NA;Aglenchus;"c(""NCBITaxon:239366"", ""NCBI:239366"", ""https://tree.opentreeoflife.org/opentree/ottol@921792"", ""GBIF:4281838"")";SFWO:0000512;microphytophage;NA;onto:implicit
Tylenchidae;NA;Aglenchus;"c(""NCBITaxon:239366"", ""NCBI:239366"", ""https://tree.opentreeoflife.org/opentree/ottol@921792"", ""GBIF:4281838"")";ECOCORE:00000098;bacterivore;NA;onto:implicit
Tylenchidae;NA;Aglenchus;"c(""NCBITaxon:239366"", ""NCBI:239366"", ""https://tree.opentreeoflife.org/opentree/ottol@921792"", ""GBIF:4281838"")";SFWO:0000465;microalgivore;NA;onto:implicit
Tylenchidae;NA;Aglenchus;"c(""NCBITaxon:239366"", ""NCBI:239366"", ""https://tree.opentreeoflife.org/opentree/ottol@921792"", ""GBIF:4281838"")";ECOCORE:00000015;fungivore;NA;onto:implicit
Tylenchidae;NA;Boleodorus;"c(""NCBITaxon:288504"", ""NCBI:288504"", ""https://tree.opentreeoflife.org/opentree/ottol@403631"", ""GBIF:2284001"")";ECOCORE:00000010;heterotroph;NA;onto:implicit
Tylenchidae;NA;Boleodorus;"c(""NCBITaxon:288504"", ""NCBI:288504"", ""https://tree.opentreeoflife.org/opentree/ottol@403631"", ""GBIF:2284001"")";ECOCORE:00000019;herbivore;NA;onto:implicit
Tylenchidae;NA;Boleodorus;"c(""NCBITaxon:288504"", ""NCBI:288504"", ""https://tree.opentreeoflife.org/opentree/ottol@403631"", ""GBIF:2284001"")";SFWO:0000027;bryophage;NA;onto:implicit
Mylonchulidae;NA;Mylonchulus;"c(""NCBITaxon:70233"", ""NCBI:70233"", ""GBIF:2282543"", ""https://tree.opentreeoflife.org/opentree/ottol@441134"")";ECOCORE:00000010;heterotroph;NA;onto:implicit
Mylonchulidae;NA;Mylonchulus;"c(""NCBITaxon:70233"", ""NCBI:70233"", ""GBIF:2282543"", ""https://tree.opentreeoflife.org/opentree/ottol@441134"")";ECOCORE:00000088;carnivore;NA;onto:implicit
Mylonchulidae;NA;Mylonchulus;"c(""NCBITaxon:70233"", ""NCBI:70233"", ""GBIF:2282543"", ""https://tree.opentreeoflife.org/opentree/ottol@441134"")";ECOCORE:00000089;predator;NA;onto:implicit
Mylonchulidae;NA;Mylonchulus;"c(""NCBITaxon:70233"", ""NCBI:70233"", ""GBIF:2282543"", ""https://tree.opentreeoflife.org/opentree/ottol@441134"")";SFWO:0000019;nematophage;NA;onto:implicit
